tier,manual,proposed,proposedManual,how,review,recipe,recipeEdid,file,bench,result,resultType,materials,perks,otherConditions
1,,1,,keyword WeapMaterialIron,,601a90:BSAssets.esm,BSKRecipe74wIronClub,BSAssets.esm,CraftingSmithingForge,BSK74wClubIron,WEAP,WeapMaterialIron,,#520 0 == 1.0
1,,1,,keyword WeapMaterialIron,,601a65:BSAssets.esm,BSKRecipe74wWoodClub,BSAssets.esm,CraftingSmithingForge,BSK74wClubWooden,WEAP,WeapMaterialIron,,#520 0 == 1.0
1,,1,,keyword WeapMaterialIron,,601a8f:BSAssets.esm,BSKRecipe74wIronSaber,BSAssets.esm,CraftingSmithingForge,BSK74wIronSaber,WEAP,WeapMaterialIron,,#520 0 == 1.0
1,,1,,keyword WeapMaterialIron,,601a8a:BSAssets.esm,BSKRecipe74wKatIron,BSAssets.esm,CraftingSmithingForge,BSK74wKatanaIron,WEAP,WeapMaterialIron,,#520 0 == 1.0
1,,1,,keyword WeapMaterialIron,,601a82:BSAssets.esm,BSKRecipe74wNodachiIron,BSAssets.esm,CraftingSmithingForge,BSK74wNodachiIron,WEAP,WeapMaterialIron,,#520 0 == 1.0
1,,1,,keyword WeapMaterialIron,,601a8e:BSAssets.esm,BSKRecipe74wIronScimitar,BSAssets.esm,CraftingSmithingForge,BSK74wScimitarIron,WEAP,WeapMaterialIron,,#520 0 == 1.0
1,,1,,keyword WeapMaterialIron,,601a76:BSAssets.esm,BSKRecipe74wStaffIron,BSAssets.esm,CraftingSmithingForge,BSK74wStaffTapered,WEAP,WeapMaterialIron,,#520 0 == 1.0
1,,1,,keyword WeapMaterialIron,,601a72:BSAssets.esm,BSKRecipe74wStaffWood,BSAssets.esm,CraftingSmithingForge,BSK74wStaffWooden,WEAP,WeapMaterialIron,,#520 0 == 1.0
1,,1,,keyword WeapMaterialIron,,601a6d:BSAssets.esm,BSKRecipe74wTanIron,BSAssets.esm,CraftingSmithingForge,BSK74wTantoIron,WEAP,WeapMaterialIron,,#520 0 == 1.0
1,,1,,keyword WeapMaterialIron,,601a68:BSAssets.esm,BSKRecipe74wWakIron,BSAssets.esm,CraftingSmithingForge,BSK74wWakizashiIron,WEAP,WeapMaterialIron,,#520 0 == 1.0
1,,1,,edid *Jewelry*Bronze*,,60240f:BSAssets.esm,BSKRecipeJewelryNecklaceBronze,BSAssets.esm,CraftingSmithingForge,BSKJewelryNecklaceBronze,ARMO,,,#520 0 == 1.0
1,,1,,edid *Jewelry*Copper*,,602410:BSAssets.esm,BSKRecipeJewelryNecklaceCopper,BSAssets.esm,CraftingSmithingForge,BSKJewelryNecklaceCopper,ARMO,,,#520 0 == 1.0
1,,1,,edid *Jewelry*Brass*,,602411:BSAssets.esm,BSKRecipeJewelryRingBrass,BSAssets.esm,CraftingSmithingForge,BSKJewelryRingBrass,ARMO,,,#520 0 == 1.0
1,,1,,edid *Jewelry*Brass*,,602412:BSAssets.esm,BSKRecipeJewelryRingBrassPearl,BSAssets.esm,CraftingSmithingForge,BSKJewelryRingBrassPearl,ARMO,,,#520 0 == 1.0
1,,1,,edid *Jewelry*Brass*,,602419:BSAssets.esm,BSKRecipeJewelryRingBrassTopaz,BSAssets.esm,CraftingSmithingForge,BSKJewelryRingBrassTopaz,ARMO,,,#520 0 == 1.0
1,,1,,edid *Jewelry*Copper*,,602413:BSAssets.esm,BSKRecipeJewelryRingCopper,BSAssets.esm,CraftingSmithingForge,BSKJewelryRingCopper,ARMO,,,
1,,1,,edid *Jewelry*Copper*,,602414:BSAssets.esm,BSKRecipeJewelryRingCopperPearl,BSAssets.esm,CraftingSmithingForge,BSKJewelryRingCopperPearl,ARMO,,,#520 0 == 1.0
1,,1,,edid *Jewelry*Copper*,,602415:BSAssets.esm,BSKRecipeJewelryRingCopperRuby,BSAssets.esm,CraftingSmithingForge,BSKJewelryRingCopperRuby,ARMO,,,
1,,1,,edid *Jewelry*Copper*,,60241a:BSAssets.esm,BSKRecipeJewelryRingCopperTopaz,BSAssets.esm,CraftingSmithingForge,BSKJewelryRingCopperTopaz,ARMO,,,
1,,1,,edid CYRArmorFur*,,cc2bb:BSHeartland.esm,CYRRecipeArmorFurBoots,BSHeartland.esm,CraftingSmithingForge,CYRArmorFurBoots,ARMO,,,
1,,1,,edid CYRArmorFur*,,cc2ba:BSHeartland.esm,CYRRecipeArmorFurCuirass01,BSHeartland.esm,CraftingSmithingForge,CYRArmorFurCuirass1,ARMO,,,
1,,1,,edid CYRArmorFur*,,cc2b9:BSHeartland.esm,CYRRecipeArmorFurCuirass02,BSHeartland.esm,CraftingSmithingForge,CYRArmorFurCuirass2,ARMO,,,
1,,1,,edid CYRArmorFur*,,cc2b8:BSHeartland.esm,CYRRecipeArmorFurGauntlets,BSHeartland.esm,CraftingSmithingForge,CYRArmorFurGauntlets,ARMO,,,
1,,1,,edid CYRArmorFur*,,cc2b7:BSHeartland.esm,CYRRecipeArmorUniqueColovianFurHelm,BSHeartland.esm,CraftingSmithingForge,CYRArmorFurHelm3rdEra,ARMO,,,
1,,1,,edid CYRArmorFur*,,cc2b6:BSHeartland.esm,CYRRecipeArmorFurHelmet,BSHeartland.esm,CraftingSmithingForge,CYRArmorFurHelmet,ARMO,,,
1,,1,,keyword ArmorMaterialIron,,cc2b5:BSHeartland.esm,CYRRecipeArmorIronBoots,BSHeartland.esm,CraftingSmithingForge,CYRArmorIronBoots,ARMO,ArmorMaterialIron,,
1,,1,,keyword ArmorMaterialIron,,cc2b4:BSHeartland.esm,CYRRecipeArmorIronCuirass,BSHeartland.esm,CraftingSmithingForge,CYRArmorIronCuirass,ARMO,ArmorMaterialIron,,
1,,1,,keyword ArmorMaterialIron,,cc2b3:BSHeartland.esm,CYRRecipeArmorIronGauntlets,BSHeartland.esm,CraftingSmithingForge,CYRArmorIronGauntlets,ARMO,ArmorMaterialIron,,
1,,1,,keyword ArmorMaterialIron,,d5225:BSHeartland.esm,CYRRecipeArmorIronHeavyCuirass,BSHeartland.esm,CraftingSmithingForge,CYRArmorIronHeavyCuirass,ARMO,ArmorMaterialIron,,
1,,1,,keyword ArmorMaterialIron,,cc2b2:BSHeartland.esm,CYRRecipeArmorIronHelmet,BSHeartland.esm,CraftingSmithingForge,CYRArmorIronHelmet,ARMO,ArmorMaterialIron,,
1,,1,,keyword ArmorMaterialIron,,cc289:BSHeartland.esm,CYRRecipeArmorIronShield,BSHeartland.esm,CraftingSmithingForge,CYRArmorIronShield,ARMO,ArmorMaterialIron,,
1,,1,,keyword ArmorMaterialLeather,,cc2b1:BSHeartland.esm,CYRRecipeArmorLeatherBoots,BSHeartland.esm,CraftingSmithingForge,CYRArmorLeatherBootsA,ARMO,ArmorMaterialLeather,,
1,,1,,keyword ArmorMaterialLeather,,cc2b0:BSHeartland.esm,CYRRecipeArmorLeatherCuirass,BSHeartland.esm,CraftingSmithingForge,CYRArmorLeatherCuirassA,ARMO,ArmorMaterialLeather,,
1,,1,,keyword ArmorMaterialLeather,,cc2af:BSHeartland.esm,CYRRecipeArmorLeatherGauntlets,BSHeartland.esm,CraftingSmithingForge,CYRArmorLeatherGauntletsA,ARMO,ArmorMaterialLeather,,
1,,1,,keyword ArmorMaterialLeather,,cc2ae:BSHeartland.esm,CYRRecipeArmorLeatherHelmet,BSHeartland.esm,CraftingSmithingForge,CYRArmorLeatherHelmetA,ARMO,ArmorMaterialLeather,,
1,,1,,keyword ArmorMaterialLeather,,ed4ad:BSHeartland.esm,CYRRecipeArmorLeatherShield,BSHeartland.esm,CraftingSmithingForge,CYRArmorLeatherShieldA,ARMO,ArmorMaterialLeather,,
1,,1,,edid CYRHorseshoe,,cc297:BSHeartland.esm,CYRRecipeHorseShoe,BSHeartland.esm,CraftingSmithingForge,CYRHorseshoe,MISC,,,
1,,1,,keyword WeapMaterialIron,,cc2a0:BSHeartland.esm,CYRRecipeWeaponIronBattleAxe,BSHeartland.esm,CraftingSmithingForge,CYRIronBattleaxe,WEAP,WeapMaterialIron,,
1,,1,,keyword WeapMaterialIron,,cc298:BSHeartland.esm,CYRRecipeWeaponIronClub,BSHeartland.esm,CraftingSmithingForge,CYRIronClub,WEAP,WeapMaterialIron,,
1,,1,,keyword WeapMaterialIron,,cc29f:BSHeartland.esm,CYRRecipeWeaponIronDagger,BSHeartland.esm,CraftingSmithingForge,CYRIronDaggerDUPLICATE001,WEAP,WeapMaterialIron,,
1,,1,,keyword WeapMaterialIron,,cc299:BSHeartland.esm,CYRRecipeWeaponIronFalchion,BSHeartland.esm,CraftingSmithingForge,CYRIronFalchion,WEAP,WeapMaterialIron,,#520 0 == 1.0
1,,1,,keyword WeapMaterialIron,,cc29e:BSHeartland.esm,CYRRecipeWeaponIronGreatSword,BSHeartland.esm,CraftingSmithingForge,CYRIronGreatswordDUPLICATE001,WEAP,WeapMaterialIron,,
1,,1,,keyword WeapMaterialIron,,cc29d:BSHeartland.esm,CYRRecipeWeaponIronMace,BSHeartland.esm,CraftingSmithingForge,CYRIronMaceDUPLICATE001,WEAP,WeapMaterialIron,,
1,,1,,keyword WeapMaterialIron,,cc29c:BSHeartland.esm,CYRRecipeWeaponIronSword,BSHeartland.esm,CraftingSmithingForge,CYRIronSwordDUPLICATE001,WEAP,WeapMaterialIron,,
1,,1,,keyword WeapMaterialIron,,cc29b:BSHeartland.esm,CYRRecipeWeaponIronWarAxe,BSHeartland.esm,CraftingSmithingForge,CYRIronWarAxe,WEAP,WeapMaterialIron,,
1,,1,,keyword WeapMaterialIron,,cc29a:BSHeartland.esm,CYRRecipeWeaponIronWarHammer,BSHeartland.esm,CraftingSmithingForge,CYRIronWarhammer,WEAP,WeapMaterialIron,,
1,,1,,edid *FishingRod*,,e94:ccBGSSSE001-Fish.esm,ccBGSSSE001_RecipeWeaponAlikriFishingRod,ccBGSSSE001-Fish.esm,CraftingSmithingForge,ccBGSSSE001_FishingRodAlikriWeap,WEAP,,,GetGlobalValue ccBGSSSE001_CraftingUnlockedAlikriRod == 1.0
1,,1,,edid *FishingRod*,,e95:ccBGSSSE001-Fish.esm,ccBGSSSE001_RecipeWeaponArgonianFishingRod,ccBGSSSE001-Fish.esm,CraftingSmithingForge,ccBGSSSE001_FishingRodArgonianWeap,WEAP,,,GetGlobalValue ccBGSSSE001_CraftingUnlockedArgonianRod == 1.0
1,,1,,edid *FishingRod*,,ae5:ccBGSSSE001-Fish.esm,ccBGSSSE001_RecipeWeaponDwarvenFishingRod,ccBGSSSE001-Fish.esm,CraftingSmithingForge,ccBGSSSE001_FishingRodDwarvenWeap,WEAP,,DwarvenSmithing,GetGlobalValue ccBGSSSE001_CraftingUnlockedDwarvenRod == 1.0
1,,1,,edid *FishingRod*,,e96:ccBGSSSE001-Fish.esm,ccBGSSSE001_RecipeWeaponImperialFishingRod,ccBGSSSE001-Fish.esm,CraftingSmithingForge,ccBGSSSE001_FishingRodImperialWeap,WEAP,,,
1,,1,,edid *CorkbulbArrow,,853:ccBGSSSE037-Curios.esl,ccBGSSSE037_RecipeArrowCorkbulb,ccBGSSSE037-Curios.esl,CraftingSmithingForge,ccBGSSSE037_CorkbulbArrow,AMMO,,,
1,,1,,edid *CorkbulbBolt,,834:ccBGSSSE037-Curios.esl,ccBGSSSE037_RecipeBoltCorkbulb,ccBGSSSE037-Curios.esl,CraftingSmithingForge,ccBGSSSE037_CorkbulbBolt,AMMO,,,GetGlobalValue DLC1TechXbowSteelChanceNone == 0.0; GetGlobalValue DLC1TechXbowEnhancedChanceNone == 0.0; GetGlobalValue DLC1TechXbowDwarvenChanceNone == 0.0; GetFactionRank DLC1DawnguardFaction == 1.0
1,,1,,keyword WeapMaterialIron,,845:ccBGSSSE037-Curios.esl,ccBGSSSE037_RecipeBoltIron,ccBGSSSE037-Curios.esl,CraftingSmithingForge,ccBGSSSE037_IronBolt,AMMO,WeapMaterialIron,,GetGlobalValue DLC1TechXbowSteelChanceNone == 0.0; GetGlobalValue DLC1TechXbowEnhancedChanceNone == 0.0; GetGlobalValue DLC1TechXbowDwarvenChanceNone == 0.0; GetFactionRank DLC1DawnguardFaction == 1.0
1,,1,,keyword WeapMaterialIron,,b64f:Dawnguard.esm,DLC1RecipeArrowIron,Dawnguard.esm,CraftingSmithingForge,IronArrow,AMMO,WeapMaterialIron,,
1,,1,,keyword ArmorMaterialIron,,5ec3:DIS_Heavy_Legion.esp,RecipeDIS_Old_Boots,DIS_Heavy_Legion.esp,CraftingSmithingForge,DIS_Old_Boots,ARMO,ArmorMaterialIron,,
1,,1,,keyword ArmorMaterialIron,,6eff:DIS_Heavy_Legion.esp,RecipeDIS_Old_Captain_Helmet,DIS_Heavy_Legion.esp,CraftingSmithingForge,DIS_Old_Captain_Helmet,ARMO,ArmorMaterialIron,,
1,,1,,keyword ArmorMaterialIron,,5ec5:DIS_Heavy_Legion.esp,RecipeDIS_Old_Cuirass,DIS_Heavy_Legion.esp,CraftingSmithingForge,DIS_Old_Cuirass,ARMO,ArmorMaterialIron,,
1,,1,,keyword ArmorMaterialIron,,5ec8:DIS_Heavy_Legion.esp,RecipeDIS_Old_Gauntlets,DIS_Heavy_Legion.esp,CraftingSmithingForge,DIS_Old_Gauntlets,ARMO,ArmorMaterialIron,,
1,,1,,keyword ArmorMaterialIron,,5eca:DIS_Heavy_Legion.esp,RecipeDIS_Old_Helmet,DIS_Heavy_Legion.esp,CraftingSmithingForge,DIS_Old_Helmet,ARMO,ArmorMaterialIron,,
1,,1,,keyword ArmorMaterialIron,,6f00:DIS_Heavy_Legion.esp,RecipeDIS_Old_Helmet1,DIS_Heavy_Legion.esp,CraftingSmithingForge,DIS_Old_Helmet,ARMO,ArmorMaterialIron,,
1,,1,,keyword ArmorMaterialIron,,5ecc:DIS_Heavy_Legion.esp,RecipeDIS_Old_Shield,DIS_Heavy_Legion.esp,CraftingSmithingForge,DIS_Old_Shield,ARMO,ArmorMaterialIron,,
1,,1,,keyword ArmorMaterialBearStormcloak,,80d:DragonBreak Nexus Patches.esp,DBOFG_0WHArmorBodyStormcloakOfiicer,DragonBreak Nexus Patches.esp,CraftingSmithingForge,0WHArmorBodyStormcloakOfiicer,ARMO,ArmorMaterialBearStormcloak,,
1,,1,,keyword ArmorMaterialStormcloak,,80e:DragonBreak Nexus Patches.esp,DBOFG_0WHArmorHeadStormcloakBear,DragonBreak Nexus Patches.esp,CraftingSmithingForge,0WHArmorHeadStormcloakBear,ARMO,ArmorMaterialStormcloak,,
1,,1,,keyword ArmorMaterialIron,,80f:DragonBreak Nexus Patches.esp,DBOFG_0WHArmorHeadStormcloakBearHorn,DragonBreak Nexus Patches.esp,CraftingSmithingForge,0WHArmorHeadStormcloakBearHorn,ARMO,ArmorMaterialIron,,
1,,1,,default,review,809:DragonBreak Nexus Patches.esp,DBOFG_ArmorGuardCuirassWhiterunWRThane,DragonBreak Nexus Patches.esp,CraftingSmithingForge,ArmorGuardCuirassWhiterunWRThane,ARMO,,,
1,,1,,default,review,80a:DragonBreak Nexus Patches.esp,DBOFG_ArmorGuardCuirassWhiterunWRThaneSteel,DragonBreak Nexus Patches.esp,CraftingSmithingForge,ArmorGuardCuirassWhiterunWRThaneSteel,ARMO,,,
1,,1,,default,review,80b:DragonBreak Nexus Patches.esp,DBOFG_ArmorGuardHelmetFullWhiterunWRParty,DragonBreak Nexus Patches.esp,CraftingSmithingForge,ArmorGuardHelmetFullWhiterunWRParty,ARMO,,,
1,,1,,keyword ArmorMaterialIron,,80c:DragonBreak Nexus Patches.esp,DBOFG_ArmorGuardShieldWhiteRunWooden,DragonBreak Nexus Patches.esp,CraftingSmithingForge,ArmorGuardShieldWhiteRunWooden,ARMO,ArmorMaterialIron,,
1,,1,,keyword ArmorMaterialBearStormcloak,,810:DragonBreak Nexus Patches.esp,DBOFG_ArmorStormcloakBearCuirassWHTalos,DragonBreak Nexus Patches.esp,CraftingSmithingForge,ArmorStormcloakBearCuirassWHTalos,ARMO,ArmorMaterialBearStormcloak,,
1,,1,,default,review,811:DragonBreak Nexus Patches.esp,DBOFG_ArmorStormcloakBearHelmetWR,DragonBreak Nexus Patches.esp,CraftingSmithingForge,ArmorStormcloakBearHelmetWR,ARMO,,,
1,,1,,keyword ArmorMaterialStormcloak,,812:DragonBreak Nexus Patches.esp,DBOFG_ArmorStormcloakCuirassSleeves,DragonBreak Nexus Patches.esp,CraftingSmithingForge,ArmorStormcloakCuirassSleeves,ARMO,ArmorMaterialStormcloak,,
1,,1,,keyword ArmorMaterialStormcloak,,813:DragonBreak Nexus Patches.esp,DBOFG_ArmorStormcloakCuirassSleevesThaneF,DragonBreak Nexus Patches.esp,CraftingSmithingForge,ArmorStormcloakCuirassSleevesThaneF,ARMO,ArmorMaterialStormcloak,,
1,,1,,keyword ArmorMaterialLeather,,800:DragonBreak Nexus Patches.esp,DBOFG_CYRArmorGuardBootsBruma,DragonBreak Nexus Patches.esp,CraftingSmithingForge,CYRArmorGuardBootsBruma,ARMO,ArmorMaterialLeather,,
1,,1,,keyword ArmorMaterialLeather,,801:DragonBreak Nexus Patches.esp,DBOFG_CYRArmorGuardCuirassBruma,DragonBreak Nexus Patches.esp,CraftingSmithingForge,CYRArmorGuardCuirassBruma,ARMO,ArmorMaterialLeather,,
1,,1,,keyword ArmorMaterialLeather,,802:DragonBreak Nexus Patches.esp,DBOFG_CYRArmorGuardGauntletsBruma,DragonBreak Nexus Patches.esp,CraftingSmithingForge,CYRArmorGuardGauntletsBruma,ARMO,ArmorMaterialLeather,,
1,,1,,keyword ArmorMaterialIron,,803:DragonBreak Nexus Patches.esp,DBOFG_CYRArmorGuardHelmetBruma,DragonBreak Nexus Patches.esp,CraftingSmithingForge,CYRArmorGuardHelmetBruma,ARMO,ArmorMaterialIron,,
1,,1,,keyword ArmorMaterialIron,,804:DragonBreak Nexus Patches.esp,DBOFG_CYRArmorGuardShieldBruma,DragonBreak Nexus Patches.esp,CraftingSmithingForge,CYRArmorGuardShieldBruma,ARMO,ArmorMaterialIron,,
1,,1,,keyword WeapMaterialWood,,285e:Immersive Weapons.esp,IWRecipeAmmoAnXileelArrow,DragonBreak Nexus Patches.esp,CraftingSmithingForge,IWAnXileelArrow,AMMO,WeapMaterialWood,AdvancedArmors+ElvenSmithing,
1,,1,,keyword WeapMaterialIron,,216fb:Immersive Weapons.esp,IWRecipeWeaponSplitbladeSword,DragonBreak Nexus Patches.esp,CraftingSmithingForge,IWCSplitbladeSword,WEAP,WeapMaterialIron,AdvancedArmors,
1,,1,,keyword WeapMaterialWood,,6908:Immersive Weapons.esp,IWRecipeAmmoDragonsteelArrows,DragonBreak Nexus Patches.esp,CraftingSmithingForge,IWDragonsteelArrow,AMMO,WeapMaterialWood,EbonySmithing,
1,,1,,keyword WeapMaterialIron,,441011:Immersive Weapons.esp,IWRecipeWeaponExecutionerDoubleAxe,DragonBreak Nexus Patches.esp,CraftingSmithingForge,IWExecutionerDoubleAxe,WEAP,WeapMaterialIron,AdvancedArmors,
1,,1,,keyword WeapMaterialWood,,490d86:Immersive Weapons.esp,IWRecipeAmmoJusticiarArrow,DragonBreak Nexus Patches.esp,CraftingSmithingForge,IWJusticiarArrow,AMMO,WeapMaterialWood,EbonySmithing,
1,,1,,default,review,832:DragonBreak Nexus Patches.esp,DBOFG_XJKArmorThievesGuildLeaderBoots,DragonBreak Nexus Patches.esp,CraftingSmithingForge,XJKArmorThievesGuildLeaderBoots,ARMO,ArmorMaterialThievesGuildLeader,,
1,,1,,default,review,833:DragonBreak Nexus Patches.esp,DBOFG_XJKArmorThievesGuildLeaderCuirass,DragonBreak Nexus Patches.esp,CraftingSmithingForge,XJKArmorThievesGuildLeaderCuirass,ARMO,ArmorMaterialThievesGuildLeader,,
1,,1,,default,review,834:DragonBreak Nexus Patches.esp,DBOFG_XJKArmorThievesGuildLeaderGauntlets,DragonBreak Nexus Patches.esp,CraftingSmithingForge,XJKArmorThievesGuildLeaderGauntlets,ARMO,ArmorMaterialThievesGuildLeader,,
1,,1,,default,review,53c98:DragonBreak.esp,UDGPDLC1RecipeBoneHawkRing,DragonBreak.esp,CraftingSmithingForge,DLC1BoneHawkRing,ARMO,,,
1,,1,,edid BYOHMaterial*,,3036:HearthFires.esm,BYOHRecipeFittings,HearthFires.esm,CraftingSmithingForge,BYOHMaterialFittingsIron,MISC,,,
1,,1,,edid BYOHMaterial*,,306e:HearthFires.esm,BYOHRecipeHinge,HearthFires.esm,CraftingSmithingForge,BYOHMaterialHinge,MISC,,,
1,,1,,edid BYOHMaterial*,,306f:HearthFires.esm,BYOHRecipeLock,HearthFires.esm,CraftingSmithingForge,BYOHMaterialLock,MISC,,,
1,,1,,edid BYOHMaterial*,,306d:HearthFires.esm,BYOHRecipeNails,HearthFires.esm,CraftingSmithingForge,BYOHMaterialNails,MISC,,,
1,,1,,keyword IAKMaterialLeather,,5a5f:Hothtrooper44_ArmorCompilation.esp,IARBarbarianBoots,Hothtrooper44_ArmorCompilation.esp,CraftingSmithingForge,IABarbarianBoots,ARMO,IAKMaterialLeather,,GetGlobalValue CCO_CategoryNordic == 1.0; GetGlobalValue IACTBarbarian == 1.0; GetGlobalValue CCO_ArmorBootRecipes == 1.0; GetGlobalValue CCO_ArmorLightRecipes == 1.0; GetGlobalValue CCO_MODImmersiveArmors == 1.0
1,,1,,keyword IAKMaterialLeather,,5a60:Hothtrooper44_ArmorCompilation.esp,IARBarbarianCuirass,Hothtrooper44_ArmorCompilation.esp,CraftingSmithingForge,IABarbarianCuirass,ARMO,IAKMaterialLeather,,GetGlobalValue CCO_CategoryNordic == 1.0; GetGlobalValue IACTBarbarian == 1.0; GetGlobalValue CCO_ArmorCuirassRecipes == 1.0; GetGlobalValue CCO_ArmorLightRecipes == 1.0; GetGlobalValue CCO_MODImmersiveArmors == 1.0
1,,1,,keyword IAKMaterialLeather,,5a61:Hothtrooper44_ArmorCompilation.esp,IARBarbarianGauntlets,Hothtrooper44_ArmorCompilation.esp,CraftingSmithingForge,IABarbarianGauntlets,ARMO,IAKMaterialLeather,,GetGlobalValue CCO_CategoryNordic == 1.0; GetGlobalValue IACTBarbarian == 1.0; GetGlobalValue CCO_ArmorGauntletRecipes == 1.0; GetGlobalValue CCO_ArmorLightRecipes == 1.0; GetGlobalValue CCO_MODImmersiveArmors == 1.0
1,,1,,keyword IAKMaterialLeather,,5a62:Hothtrooper44_ArmorCompilation.esp,IARBarbarianHelmet,Hothtrooper44_ArmorCompilation.esp,CraftingSmithingForge,IABarbarianHelmet,ARMO,IAKMaterialLeather,,GetGlobalValue CCO_CategoryNordic == 1.0; GetGlobalValue IACTBarbarian == 1.0; GetGlobalValue CCO_ArmorHelmetRecipes == 1.0; GetGlobalValue CCO_ArmorLightRecipes == 1.0; GetGlobalValue CCO_MODImmersiveArmors == 1.0
1,,1,,keyword IAKMaterialLeather,,2327f:Hothtrooper44_ArmorCompilation.esp,IARBrigandHighwayChain,Hothtrooper44_ArmorCompilation.esp,CraftingSmithingForge,IABrigandHighwayChain,ARMO,IAKMaterialLeather,,GetGlobalValue CCO_CategoryIron == 1.0; GetGlobalValue IACTBrigand == 1.0; GetGlobalValue CCO_ArmorCuirassRecipes == 1.0; GetGlobalValue CCO_ArmorLightRecipes == 1.0; GetGlobalValue CCO_MODImmersiveArmors == 1.0
1,,1,,keyword IAKMaterialIron,,23280:Hothtrooper44_ArmorCompilation.esp,IARBrigandIronHide,Hothtrooper44_ArmorCompilation.esp,CraftingSmithingForge,IABrigandIronHide,ARMO,IAKMaterialIron,,GetGlobalValue CCO_CategoryIron == 1.0; GetGlobalValue IACTBrigand == 1.0; GetGlobalValue CCO_ArmorCuirassRecipes == 1.0; GetGlobalValue CCO_ArmorHeavyRecipes == 1.0; GetGlobalValue CCO_MODImmersiveArmors == 1.0
1,,1,,keyword IAKMaterialLeather,,21475:Hothtrooper44_ArmorCompilation.esp,IARBucklerHide,Hothtrooper44_ArmorCompilation.esp,CraftingSmithingForge,IABucklerHide,ARMO,IAKMaterialLeather,,GetGlobalValue CCO_CategoryHide == 1.0; GetGlobalValue IACTBucklers == 1.0; GetGlobalValue CCO_ArmorShieldRecipes == 1.0; GetGlobalValue CCO_ArmorLightRecipes == 1.0; GetGlobalValue CCO_MODImmersiveArmors == 1.0
1,,1,,keyword IAKMaterialIron,,21477:Hothtrooper44_ArmorCompilation.esp,IARBucklerIron,Hothtrooper44_ArmorCompilation.esp,CraftingSmithingForge,IABucklerIron,ARMO,IAKMaterialIron,,GetGlobalValue CCO_CategoryIron == 1.0; GetGlobalValue IACTBucklers == 1.0; GetGlobalValue CCO_ArmorShieldRecipes == 1.0; GetGlobalValue CCO_ArmorLightRecipes == 1.0; GetGlobalValue CCO_MODImmersiveArmors == 1.0
1,,1,,default,review,23062:Hothtrooper44_ArmorCompilation.esp,IARFurCollar,Hothtrooper44_ArmorCompilation.esp,CraftingSmithingForge,IAFurCollarLoose,ARMO,,,GetGlobalValue CCO_CategoryHide == 1.0; GetGlobalValue IACTFurCollar == 1.0; GetGlobalValue CCO_ClothingCloakRecipes == 1.0; GetGlobalValue CCO_ArmorClothingRecipes == 1.0; GetGlobalValue CCO_MODImmersiveArmors == 1.0
1,,1,,default,review,23063:Hothtrooper44_ArmorCompilation.esp,IARFurCollarTight,Hothtrooper44_ArmorCompilation.esp,CraftingSmithingForge,IAFurCollarTight,ARMO,,,GetGlobalValue CCO_CategoryHide == 1.0; GetGlobalValue IACTFurCollar == 1.0; GetGlobalValue CCO_ClothingCloakRecipes == 1.0; GetGlobalValue CCO_ArmorClothingRecipes == 1.0; GetGlobalValue CCO_MODImmersiveArmors == 1.0
1,,1,,keyword IAKMaterialLeather,,5a72:Hothtrooper44_ArmorCompilation.esp,IARRangerBoots,Hothtrooper44_ArmorCompilation.esp,CraftingSmithingForge,IARangerBoots,ARMO,IAKMaterialLeather,SteelSmithing,GetGlobalValue IACTRanger == 1.0; GetGlobalValue CCO_ArmorBootRecipes == 1.0; GetGlobalValue CCO_ArmorLightRecipes == 1.0; GetGlobalValue CCO_MODImmersiveArmors == 1.0; GetGlobalValue CCO_CategoryLeather == 1.0
1,,1,,keyword IAKMaterialLeather,,5a74:Hothtrooper44_ArmorCompilation.esp,IARRangerBracers,Hothtrooper44_ArmorCompilation.esp,CraftingSmithingForge,IARangerBracers,ARMO,IAKMaterialLeather,SteelSmithing,GetGlobalValue IACTRanger == 1.0; GetGlobalValue CCO_ArmorGauntletRecipes == 1.0; GetGlobalValue CCO_ArmorLightRecipes == 1.0; GetGlobalValue CCO_MODImmersiveArmors == 1.0; GetGlobalValue CCO_CategoryLeather == 1.0
1,,1,,keyword IAKMaterialLeather,,5a73:Hothtrooper44_ArmorCompilation.esp,IARRangerCuirass,Hothtrooper44_ArmorCompilation.esp,CraftingSmithingForge,IARangerCuirass,ARMO,IAKMaterialLeather,SteelSmithing,GetGlobalValue IACTRanger == 1.0; GetGlobalValue CCO_ArmorCuirassRecipes == 1.0; GetGlobalValue CCO_ArmorLightRecipes == 1.0; GetGlobalValue CCO_MODImmersiveArmors == 1.0; GetGlobalValue CCO_CategoryLeather == 1.0
1,,1,,keyword IAKMaterialLeather,,5a75:Hothtrooper44_ArmorCompilation.esp,IARRangerHood,Hothtrooper44_ArmorCompilation.esp,CraftingSmithingForge,IARangerHood,ARMO,IAKMaterialLeather,SteelSmithing,GetGlobalValue IACTRanger == 1.0; GetGlobalValue CCO_ArmorHelmetRecipes == 1.0; GetGlobalValue CCO_ArmorLightRecipes == 1.0; GetGlobalValue CCO_MODImmersiveArmors == 1.0; GetGlobalValue CCO_CategoryLeather == 1.0
1,,1,,default,review,f74d:Hothtrooper44_ArmorCompilation.esp,IARRedguardKnightCape,Hothtrooper44_ArmorCompilation.esp,CraftingSmithingForge,IARedguardKnightCape,ARMO,,,GetGlobalValue IACTRedguardKnight == 1.0; GetGlobalValue CCO_ClothingCloakRecipes == 1.0; GetGlobalValue CCO_ArmorClothingRecipes == 1.0; GetGlobalValue CCO_MODImmersiveArmors == 1.0; GetGlobalValue CCO_CategoryExoticRedguard == 1.0
1,,1,,default,review,286a:Hothtrooper44_ArmorCompilation.esp,IARSeadogEyepatch,Hothtrooper44_ArmorCompilation.esp,CraftingSmithingForge,IASeadogEyepatch,ARMO,,,GetGlobalValue IACTSeadog == 1.0; GetGlobalValue CCO_ArmorClothingRecipes == 1.0; GetGlobalValue CCO_MiscAccessories == 1.0; GetGlobalValue CCO_MODImmersiveArmors == 1.0; GetGlobalValue CCO_CategoryExotic == 1.0
1,,1,,keyword IAKMaterialIron,,20dd6:Hothtrooper44_ArmorCompilation.esp,IARShieldKitePaintHeavyBasic,Hothtrooper44_ArmorCompilation.esp,CraftingSmithingForge,IAShieldKitePaintHeavyBasic,ARMO,IAKMaterialIron,,GetGlobalValue IACTShieldKitePaintHeavy == 1.0; GetGlobalValue CCO_ArmorShieldRecipes == 1.0; GetGlobalValue CCO_ArmorHeavyRecipes == 1.0; GetGlobalValue CCO_MODImmersiveArmors == 1.0; GetGlobalValue CCO_CategoryNordic == 1.0
1,,1,,keyword IAKMaterialIron,,20ddc:Hothtrooper44_ArmorCompilation.esp,IARShieldKitePaintLightBasic,Hothtrooper44_ArmorCompilation.esp,CraftingSmithingForge,IAShieldKitePaintLightBasic,ARMO,IAKMaterialIron,,GetGlobalValue IACTShieldKitePaintLight == 1.0; GetGlobalValue CCO_ArmorShieldRecipes == 1.0; GetGlobalValue CCO_ArmorLightRecipes == 1.0; GetGlobalValue CCO_MODImmersiveArmors == 1.0; GetGlobalValue CCO_CategoryNordic == 1.0
1,,1,,keyword IAKMaterialIron,,20dd5:Hothtrooper44_ArmorCompilation.esp,IARShieldOvalPaintHeavyBasic,Hothtrooper44_ArmorCompilation.esp,CraftingSmithingForge,IAShieldOvalPaintHeavyBasic,ARMO,IAKMaterialIron,,GetGlobalValue IACTShieldOvalPaintHeavy == 1.0; GetGlobalValue CCO_ArmorShieldRecipes == 1.0; GetGlobalValue CCO_ArmorHeavyRecipes == 1.0; GetGlobalValue CCO_MODImmersiveArmors == 1.0; GetGlobalValue CCO_CategoryNordic == 1.0
1,,1,,keyword IAKMaterialIron,,20dd7:Hothtrooper44_ArmorCompilation.esp,IARShieldOvalPaintLightBasic,Hothtrooper44_ArmorCompilation.esp,CraftingSmithingForge,IAShieldOvalPaintLightBasic,ARMO,IAKMaterialIron,,GetGlobalValue IACTShieldOvalPaintLight == 1.0; GetGlobalValue CCO_ArmorShieldRecipes == 1.0; GetGlobalValue CCO_ArmorLightRecipes == 1.0; GetGlobalValue CCO_MODImmersiveArmors == 1.0; GetGlobalValue CCO_CategoryNordic == 1.0
1,,1,,keyword IAKMaterialLeather,,62fff:Hothtrooper44_ArmorCompilation.esp,IARShieldPaintHideBasic,Hothtrooper44_ArmorCompilation.esp,CraftingSmithingForge,IAShieldPaintHideBasic,ARMO,IAKMaterialLeather,,GetGlobalValue IACTShieldHide == 1.0; GetGlobalValue CCO_ArmorShieldRecipes == 1.0; GetGlobalValue CCO_ArmorLightRecipes == 1.0; GetGlobalValue CCO_MODImmersiveArmors == 1.0; GetGlobalValue CCO_CategoryHide == 1.0
1,,1,,keyword IAKMaterialIron,,63000:Hothtrooper44_ArmorCompilation.esp,IARShieldPaintIronBasic,Hothtrooper44_ArmorCompilation.esp,CraftingSmithingForge,IAShieldPaintIronBasic,ARMO,IAKMaterialIron,,GetGlobalValue IACTShieldIron == 1.0; GetGlobalValue CCO_ArmorShieldRecipes == 1.0; GetGlobalValue CCO_ArmorHeavyRecipes == 1.0; GetGlobalValue CCO_MODImmersiveArmors == 1.0; GetGlobalValue CCO_CategoryIron == 1.0
1,,1,,keyword IAKMaterialIron,,20dd8:Hothtrooper44_ArmorCompilation.esp,IARShieldRoundPaintHeavyBasic,Hothtrooper44_ArmorCompilation.esp,CraftingSmithingForge,IAShieldRoundPaintHeavyBasic,ARMO,IAKMaterialIron,,GetGlobalValue IACTShieldRoundPaintHeavy == 1.0; GetGlobalValue CCO_ArmorShieldRecipes == 1.0; GetGlobalValue CCO_ArmorHeavyRecipes == 1.0; GetGlobalValue CCO_MODImmersiveArmors == 1.0; GetGlobalValue CCO_CategoryNordic == 1.0
1,,1,,keyword IAKMaterialIron,,20dd9:Hothtrooper44_ArmorCompilation.esp,IARShieldRoundPaintLightBasic,Hothtrooper44_ArmorCompilation.esp,CraftingSmithingForge,IAShieldRoundPaintLightBasic,ARMO,IAKMaterialIron,,GetGlobalValue IACTShieldRoundPaintLight == 1.0; GetGlobalValue CCO_ArmorShieldRecipes == 1.0; GetGlobalValue CCO_ArmorLightRecipes == 1.0; GetGlobalValue CCO_MODImmersiveArmors == 1.0; GetGlobalValue CCO_CategoryNordic == 1.0
1,,1,,keyword WeapMaterialWood,,3f1ef:Immersive Weapons.esp,IWRecipeAmmoForswornArrow,Immersive Weapons.esp,CraftingSmithingForge,ForswornArrow,AMMO,WeapMaterialWood,,
1,,1,,keyword WeapMaterialIron,,216c0:Immersive Weapons.esp,IWRecipeWeaponAntiqueIronSword,Immersive Weapons.esp,CraftingSmithingForge,IWAntiqueIronSword,WEAP,WeapMaterialIron,,
1,,1,,keyword WeapMaterialWood,,490d87:Immersive Weapons.esp,IWRecipeAmmoDariitArrow,Immersive Weapons.esp,CraftingSmithingForge,IWDariitArrow,AMMO,WeapMaterialWood,GlassSmithing,
1,,1,,keyword WeapMaterialWood,,216c7:Immersive Weapons.esp,IWRecipeAmmoExoticArrows,Immersive Weapons.esp,CraftingSmithingForge,IWExoticArrow,AMMO,WeapMaterialWood,EbonySmithing,
1,,1,,keyword WeapMaterialIron,,c74719:Immersive Weapons.esp,IWRecipeWeaponIronClub,Immersive Weapons.esp,CraftingSmithingForge,IWIronClub,WEAP,WeapMaterialIron,,
1,,1,,keyword WeapMaterialIron,,c74717:Immersive Weapons.esp,IWRecipeWeaponIronCutlass,Immersive Weapons.esp,CraftingSmithingForge,IWIronCutlass,WEAP,WeapMaterialIron,,
1,,1,,keyword WeapMaterialIron,,441017:Immersive Weapons.esp,IWRecipeWeaponIronDoubleAxe,Immersive Weapons.esp,CraftingSmithingForge,IWIronDoubleAxe,WEAP,WeapMaterialIron,,
1,,1,,keyword WeapMaterialIron,,22f0:Immersive Weapons.esp,IWRecipeWeaponIronHuntersSpear,Immersive Weapons.esp,CraftingSmithingForge,IWIronHuntersSpear,WEAP,WeapMaterialIron,,
1,,1,,keyword WeapMaterialIron,,c74728:Immersive Weapons.esp,IWRecipeWeaponIronKatana,Immersive Weapons.esp,CraftingSmithingForge,IWIronKatana,WEAP,WeapMaterialIron,,
1,,1,,keyword WeapMaterialIron,,c74727:Immersive Weapons.esp,IWRecipeWeaponIronNodachi,Immersive Weapons.esp,CraftingSmithingForge,IWIronNodachi,WEAP,WeapMaterialIron,,
1,,1,,keyword WeapMaterialIron,,c7471d:Immersive Weapons.esp,IWRecipeWeaponIronScimitar,Immersive Weapons.esp,CraftingSmithingForge,IWIronScimitar,WEAP,WeapMaterialIron,,
1,,1,,keyword WeapMaterialIron,,c7472a:Immersive Weapons.esp,IWRecipeWeaponIronTanto,Immersive Weapons.esp,CraftingSmithingForge,IWIronTanto,WEAP,WeapMaterialIron,,
1,,1,,keyword WeapMaterialIron,,c74729:Immersive Weapons.esp,IWRecipeWeaponIronWakizashi,Immersive Weapons.esp,CraftingSmithingForge,IWIronWakizashi,WEAP,WeapMaterialIron,,
1,,1,,keyword WeapMaterialWood,,49232a:Immersive Weapons.esp,IWRecipeAmmoSeekerArrow,Immersive Weapons.esp,CraftingSmithingForge,IWSeekerArrow,AMMO,WeapMaterialWood,ElvenSmithing,
1,,1,,keyword WeapMaterialWood,,c7470c:Immersive Weapons.esp,IWRecipeWeaponTaperedWoodenBattleStaff,Immersive Weapons.esp,CraftingSmithingForge,IWTaperedWoodenBattleStaff,WEAP,WeapMaterialWood,,
1,,1,,keyword WeapMaterialWood,,c7470d:Immersive Weapons.esp,IWRecipeWeaponWoodenBattleStaff,Immersive Weapons.esp,CraftingSmithingForge,IWWoodenBattleStaff,WEAP,WeapMaterialWood,,
1,,1,,keyword WeapMaterialWood,,c7471a:Immersive Weapons.esp,IWRecipeWeaponWoodenClub,Immersive Weapons.esp,CraftingSmithingForge,IWWoodenClub,WEAP,WeapMaterialWood,,
1,,1,,keyword WeapMaterialWood,,58c1:Immersive Weapons.esp,IWRecipeWeaponWoodenQuarterstaff,Immersive Weapons.esp,CraftingSmithingForge,IWWoodenQuarterstaff,WEAP,WeapMaterialWood,,
1,,1,,keyword WeapMaterialWood,,3f1ee:Immersive Weapons.esp,IWRecipeAmmoPracticeArrow,Immersive Weapons.esp,CraftingSmithingForge,dunArcherPracticeArrow,AMMO,WeapMaterialWood,,
1,,1,,edid NetchLeather*,,2e1ed:Journey to Baan Malur.esp,NetchCuirassRecipe,Journey to Baan Malur.esp,CraftingSmithingForge,NetchLeatherArmour,ARMO,ArmorMaterialLeather,,
1,,1,,edid NetchLeather*,,2e1ec:Journey to Baan Malur.esp,NetchCuirassRedRecipe,Journey to Baan Malur.esp,CraftingSmithingForge,NetchLeatherArmourRed,ARMO,ArmorMaterialLeather,,
1,,1,,edid NetchLeather*,,2e1e8:Journey to Baan Malur.esp,NetchBootsRecipe,Journey to Baan Malur.esp,CraftingSmithingForge,NetchLeatherBoots,ARMO,ArmorMaterialLeather,,
1,,1,,edid NetchLeather*,,2e1ef:Journey to Baan Malur.esp,NetchBootsBoiledRecipe,Journey to Baan Malur.esp,CraftingSmithingForge,NetchLeatherBootsBoiled,ARMO,ArmorMaterialLeather,,
1,,1,,edid NetchLeather*,,2e1ee:Journey to Baan Malur.esp,NetchBracersRecipe,Journey to Baan Malur.esp,CraftingSmithingForge,NetchLeatherBracers,ARMO,ArmorMaterialLeather,,
1,,1,,edid NetchLeather*,,2e1ea:Journey to Baan Malur.esp,NetchGauntletsBoiledRecipe,Journey to Baan Malur.esp,CraftingSmithingForge,NetchLeatherBracersBoiled,ARMO,ArmorMaterialLeather,,
1,,1,,edid NetchLeather*,,2e1eb:Journey to Baan Malur.esp,NetchMaskRecipe,Journey to Baan Malur.esp,CraftingSmithingForge,NetchLeatherMask,ARMO,,,
1,,1,,edid NetchLeather*,,2e1e9:Journey to Baan Malur.esp,NetchCuirassBoiledRecipe,Journey to Baan Malur.esp,CraftingSmithingForge,NetchLeatherPlate,ARMO,,,
1,,1,,edid NetchLeather*,,2e1f0:Journey to Baan Malur.esp,NetchShieldRecipe,Journey to Baan Malur.esp,CraftingSmithingForge,NetchLeatherShield,ARMO,,,
1,,1,,keyword ArmorMaterialHide,,843:MoreCraftableEquipment.esp,MCERecipeArmorBanditBoots,MoreCraftableEquipment.esp,CraftingSmithingForge,ArmorBanditBoots,ARMO,ArmorMaterialHide,,
1,,1,,keyword ArmorMaterialHide,,844:MoreCraftableEquipment.esp,MCERecipeArmorBanditCuirass,MoreCraftableEquipment.esp,CraftingSmithingForge,ArmorBanditCuirass,ARMO,ArmorMaterialHide,,
1,,1,,keyword ArmorMaterialHide,,845:MoreCraftableEquipment.esp,MCERecipeArmorBanditCuirass1,MoreCraftableEquipment.esp,CraftingSmithingForge,ArmorBanditCuirass1,ARMO,ArmorMaterialHide,,
1,,1,,keyword ArmorMaterialHide,,846:MoreCraftableEquipment.esp,MCERecipeArmorBanditCuirass2,MoreCraftableEquipment.esp,CraftingSmithingForge,ArmorBanditCuirass2,ARMO,ArmorMaterialHide,,
1,,1,,keyword ArmorMaterialHide,,847:MoreCraftableEquipment.esp,MCERecipeArmorBanditCuirass3,MoreCraftableEquipment.esp,CraftingSmithingForge,ArmorBanditCuirass3,ARMO,ArmorMaterialHide,,
1,,1,,keyword ArmorMaterialHide,,848:MoreCraftableEquipment.esp,MCERecipeArmorBanditGauntlets,MoreCraftableEquipment.esp,CraftingSmithingForge,ArmorBanditGauntlets,ARMO,ArmorMaterialHide,,
1,,1,,keyword ArmorMaterialHide,,849:MoreCraftableEquipment.esp,MCERecipeArmorBanditHelmet,MoreCraftableEquipment.esp,CraftingSmithingForge,ArmorBanditHelmet,ARMO,ArmorMaterialHide,,
1,,1,,"faction gear: the faction role is the gate, any Blacksmith tier, no manual (Nate, 7 Oct)",,8b1:MoreCraftableEquipment.esp,MCERecipeArmorGuardCuirassFalkreath,MoreCraftableEquipment.esp,CraftingSmithingForge,ArmorGuardCuirassFalkreath,ARMO,ArmorMaterialStormcloak,,GetStageDone Favor258 == 1.0
1,,1,,"faction gear: the faction role is the gate, any Blacksmith tier, no manual (Nate, 7 Oct)",,8b2:MoreCraftableEquipment.esp,MCERecipeArmorGuardCuirassHjaalmarch,MoreCraftableEquipment.esp,CraftingSmithingForge,ArmorGuardCuirassHjaalmarch,ARMO,ArmorMaterialStormcloak,,GetStageDone Favor255 == 1.0
1,,1,,"faction gear: the faction role is the gate, any Blacksmith tier, no manual (Nate, 7 Oct)",,8b3:MoreCraftableEquipment.esp,MCERecipeArmorGuardCuirassMarkarth,MoreCraftableEquipment.esp,CraftingSmithingForge,ArmorGuardCuirassMarkarth,ARMO,ArmorMaterialStormcloak,,GetStageDone Favor250 == 1.0
1,,1,,"faction gear: the faction role is the gate, any Blacksmith tier, no manual (Nate, 7 Oct)",,8b4:MoreCraftableEquipment.esp,MCERecipeArmorGuardCuirassRiften,MoreCraftableEquipment.esp,CraftingSmithingForge,ArmorGuardCuirassRiften,ARMO,ArmorMaterialStormcloak,,GetStageDone FreeformRiftenThane == 1.0
1,,1,,"faction gear: the faction role is the gate, any Blacksmith tier, no manual (Nate, 7 Oct)",,8b5:MoreCraftableEquipment.esp,MCERecipeArmorGuardCuirassSolitude,MoreCraftableEquipment.esp,CraftingSmithingForge,ArmorGuardCuirassSolitude,ARMO,ArmorMaterialStormcloak,,GetStageDone Favor252 == 1.0
1,,1,,"faction gear: the faction role is the gate, any Blacksmith tier, no manual (Nate, 7 Oct)",,8b6:MoreCraftableEquipment.esp,MCERecipeArmorGuardCuirassThePale,MoreCraftableEquipment.esp,CraftingSmithingForge,ArmorGuardCuirassThePale,ARMO,ArmorMaterialStormcloak,,GetStageDone Favor256 == 1.0
1,,1,,"faction gear: the faction role is the gate, any Blacksmith tier, no manual (Nate, 7 Oct)",,8b7:MoreCraftableEquipment.esp,MCERecipeArmorGuardCuirassWhiterun,MoreCraftableEquipment.esp,CraftingSmithingForge,ArmorGuardCuirassWhiterun,ARMO,ArmorMaterialStormcloak,,GetQuestCompleted MQ104 == 1.0
1,,1,,"faction gear: the faction role is the gate, any Blacksmith tier, no manual (Nate, 7 Oct)",,8b8:MoreCraftableEquipment.esp,MCERecipeArmorGuardCuirassWinterhold,MoreCraftableEquipment.esp,CraftingSmithingForge,ArmorGuardCuirassWinterhold,ARMO,ArmorMaterialStormcloak,,GetStageDone Favor257 == 1.0
1,,1,,"faction gear: the faction role is the gate, any Blacksmith tier, no manual (Nate, 7 Oct)",,8b9:MoreCraftableEquipment.esp,MCERecipeArmorGuardHelmetFullFalkreath,MoreCraftableEquipment.esp,CraftingSmithingForge,ArmorGuardHelmetFullFalkreath,ARMO,ArmorMaterialStormcloak,,GetStageDone Favor258 == 1.0
1,,1,,"faction gear: the faction role is the gate, any Blacksmith tier, no manual (Nate, 7 Oct)",,8ba:MoreCraftableEquipment.esp,MCERecipeArmorGuardHelmetFullHaafingar,MoreCraftableEquipment.esp,CraftingSmithingForge,ArmorGuardHelmetFullHaafingar,ARMO,ArmorMaterialStormcloak,,GetStageDone Favor252 == 1.0
1,,1,,"faction gear: the faction role is the gate, any Blacksmith tier, no manual (Nate, 7 Oct)",,8bb:MoreCraftableEquipment.esp,MCERecipeArmorGuardHelmetFullHjaalmarch,MoreCraftableEquipment.esp,CraftingSmithingForge,ArmorGuardHelmetFullHjaalmarch,ARMO,ArmorMaterialStormcloak,,GetStageDone Favor255 == 1.0
1,,1,,"faction gear: the faction role is the gate, any Blacksmith tier, no manual (Nate, 7 Oct)",,8bc:MoreCraftableEquipment.esp,MCERecipeArmorGuardHelmetFullPale,MoreCraftableEquipment.esp,CraftingSmithingForge,ArmorGuardHelmetFullPale,ARMO,ArmorMaterialStormcloak,,GetStageDone Favor256 == 1.0
1,,1,,"faction gear: the faction role is the gate, any Blacksmith tier, no manual (Nate, 7 Oct)",,8bd:MoreCraftableEquipment.esp,MCERecipeArmorGuardHelmetFullReach,MoreCraftableEquipment.esp,CraftingSmithingForge,ArmorGuardHelmetFullReach,ARMO,ArmorMaterialStormcloak,,GetStageDone Favor250 == 1.0
1,,1,,"faction gear: the faction role is the gate, any Blacksmith tier, no manual (Nate, 7 Oct)",,8be:MoreCraftableEquipment.esp,MCERecipeArmorGuardHelmetFullRift,MoreCraftableEquipment.esp,CraftingSmithingForge,ArmorGuardHelmetFullRift,ARMO,ArmorMaterialStormcloak,,GetStageDone FreeformRiftenThane == 1.0
1,,1,,"faction gear: the faction role is the gate, any Blacksmith tier, no manual (Nate, 7 Oct)",,8bf:MoreCraftableEquipment.esp,MCERecipeArmorGuardHelmetFullWhiterun,MoreCraftableEquipment.esp,CraftingSmithingForge,ArmorGuardHelmetFullWhiterun,ARMO,ArmorMaterialStormcloak,,GetQuestCompleted MQ104 == 1.0
1,,1,,"faction gear: the faction role is the gate, any Blacksmith tier, no manual (Nate, 7 Oct)",,8c0:MoreCraftableEquipment.esp,MCERecipeArmorGuardHelmetFullWinterhold,MoreCraftableEquipment.esp,CraftingSmithingForge,ArmorGuardHelmetFullWinterhold,ARMO,ArmorMaterialStormcloak,,GetStageDone Favor257 == 1.0
1,,1,,"faction gear: the faction role is the gate, any Blacksmith tier, no manual (Nate, 7 Oct)",,9ee:MoreCraftableEquipment.esp,MCERecipeArmorGuardShieldEastmarch,MoreCraftableEquipment.esp,CraftingSmithingForge,ArmorGuardShieldEastmarch,ARMO,ArmorMaterialIron+ArmorMaterialStormcloak,,GetStageDone Favor254 == 1.0
1,,1,,"faction gear: the faction role is the gate, any Blacksmith tier, no manual (Nate, 7 Oct)",,8c1:MoreCraftableEquipment.esp,MCERecipeArmorGuardShieldFalkreath,MoreCraftableEquipment.esp,CraftingSmithingForge,ArmorGuardShieldFalkreath,ARMO,ArmorMaterialIron+ArmorMaterialStormcloak,,GetStageDone Favor258 == 1.0
1,,1,,"faction gear: the faction role is the gate, any Blacksmith tier, no manual (Nate, 7 Oct)",,8c2:MoreCraftableEquipment.esp,MCERecipeArmorGuardShieldHjaalmarch,MoreCraftableEquipment.esp,CraftingSmithingForge,ArmorGuardShieldHjaalmarch,ARMO,ArmorMaterialIron+ArmorMaterialStormcloak,,GetStageDone Favor255 == 1.0
1,,1,,"faction gear: the faction role is the gate, any Blacksmith tier, no manual (Nate, 7 Oct)",,8c3:MoreCraftableEquipment.esp,MCERecipeArmorGuardShieldMarkarth,MoreCraftableEquipment.esp,CraftingSmithingForge,ArmorGuardShieldMarkarth,ARMO,ArmorMaterialIron+ArmorMaterialStormcloak,,GetStageDone Favor250 == 1.0
1,,1,,"faction gear: the faction role is the gate, any Blacksmith tier, no manual (Nate, 7 Oct)",,8c4:MoreCraftableEquipment.esp,MCERecipeArmorGuardShieldPale,MoreCraftableEquipment.esp,CraftingSmithingForge,ArmorGuardShieldPale,ARMO,ArmorMaterialIron+ArmorMaterialStormcloak,,GetStageDone Favor256 == 1.0
1,,1,,"faction gear: the faction role is the gate, any Blacksmith tier, no manual (Nate, 7 Oct)",,8c5:MoreCraftableEquipment.esp,MCERecipeArmorGuardShieldRiften,MoreCraftableEquipment.esp,CraftingSmithingForge,ArmorGuardShieldRiften,ARMO,ArmorMaterialIron+ArmorMaterialStormcloak,,GetStageDone FreeformRiftenThane == 1.0
1,,1,,"faction gear: the faction role is the gate, any Blacksmith tier, no manual (Nate, 7 Oct)",,8c6:MoreCraftableEquipment.esp,MCERecipeArmorGuardShieldSolitude,MoreCraftableEquipment.esp,CraftingSmithingForge,ArmorGuardShieldSolitude,ARMO,ArmorMaterialIron+ArmorMaterialStormcloak,,GetStageDone Favor252 == 1.0
1,,1,,"faction gear: the faction role is the gate, any Blacksmith tier, no manual (Nate, 7 Oct)",,8c7:MoreCraftableEquipment.esp,MCERecipeArmorGuardShieldWhiterun,MoreCraftableEquipment.esp,CraftingSmithingForge,ArmorGuardShieldWhiteRun,ARMO,ArmorMaterialIron+ArmorMaterialStormcloak,,GetQuestCompleted MQ104 == 1.0
1,,1,,"faction gear: the faction role is the gate, any Blacksmith tier, no manual (Nate, 7 Oct)",,8c8:MoreCraftableEquipment.esp,MCERecipeArmorGuardShieldWinterhold,MoreCraftableEquipment.esp,CraftingSmithingForge,ArmorGuardShieldWinterhold,ARMO,ArmorMaterialIron+ArmorMaterialStormcloak,,GetStageDone Favor257 == 1.0
1,,1,,"faction gear: the faction role is the gate, any Blacksmith tier, no manual (Nate, 7 Oct)",,8d4:MoreCraftableEquipment.esp,MCERecipeArmorStormcloakBearBoots,MoreCraftableEquipment.esp,CraftingSmithingForge,ArmorStormcloakBearBoots,ARMO,ArmorMaterialBearStormcloak,,GetStageDone CW == 1.0; #629 CW == 2.0; GetStageDone CW == 1.0
1,,1,,"faction gear: the faction role is the gate, any Blacksmith tier, no manual (Nate, 7 Oct)",,8d5:MoreCraftableEquipment.esp,MCERecipeArmorStormcloakBearCuirass,MoreCraftableEquipment.esp,CraftingSmithingForge,ArmorStormcloakBearCuirass,ARMO,ArmorMaterialBearStormcloak,,GetStageDone CW == 1.0; #629 CW == 2.0; GetStageDone CW == 1.0
1,,1,,"faction gear: the faction role is the gate, any Blacksmith tier, no manual (Nate, 7 Oct)",,8d6:MoreCraftableEquipment.esp,MCERecipeArmorStormcloakBearGauntlets,MoreCraftableEquipment.esp,CraftingSmithingForge,ArmorStormcloakBearGauntlets,ARMO,ArmorMaterialBearStormcloak,,GetStageDone CW == 1.0; #629 CW == 2.0; GetStageDone CW == 1.0
1,,1,,"faction gear: the faction role is the gate, any Blacksmith tier, no manual (Nate, 7 Oct)",,8d7:MoreCraftableEquipment.esp,MCERecipeArmorStormcloakBearHelmet,MoreCraftableEquipment.esp,CraftingSmithingForge,ArmorStormcloakBearHelmet,ARMO,ArmorMaterialBearStormcloak,,GetStageDone CW == 1.0; #629 CW == 2.0; GetStageDone CW == 1.0
1,,1,,keyword ArmorMaterialStormcloak,,8d8:MoreCraftableEquipment.esp,MCERecipeArmorStormcloakBoots,MoreCraftableEquipment.esp,CraftingSmithingForge,ArmorStormcloakBoots,ARMO,ArmorMaterialStormcloak,,GetQuestCompleted CW01B == 1.0; GetQuestCompleted MQ104 == 1.0; GetStageDone FreeformRiftenThane == 1.0; GetStageDone Favor250 == 1.0; GetStageDone Favor252 == 1.0; GetStageDone Favor254 == 1.0; GetStageDone Favor255 == 1.0; GetStageDone Favor256 == 1.0; GetStageDone Favor257 == 1.0; GetStageDone Favor258 == 1.0
1,,1,,"faction gear: the faction role is the gate, any Blacksmith tier, no manual (Nate, 7 Oct)",,8d9:MoreCraftableEquipment.esp,MCERecipeArmorStormcloakCuirass,MoreCraftableEquipment.esp,CraftingSmithingForge,ArmorStormcloakCuirass,ARMO,ArmorMaterialStormcloak,,GetQuestCompleted CW01B == 1.0; GetStageDone Favor254 == 1.0
1,,1,,keyword ArmorMaterialStormcloak,,8da:MoreCraftableEquipment.esp,MCERecipeArmorStormcloakGauntlets,MoreCraftableEquipment.esp,CraftingSmithingForge,ArmorStormcloakGauntlets,ARMO,ArmorMaterialStormcloak,,GetQuestCompleted CW01B == 1.0; GetQuestCompleted MQ104 == 1.0; GetStageDone FreeformRiftenThane == 1.0; GetStageDone Favor250 == 1.0; GetStageDone Favor252 == 1.0; GetStageDone Favor254 == 1.0; GetStageDone Favor255 == 1.0; GetStageDone Favor256 == 1.0; GetStageDone Favor257 == 1.0; GetStageDone Favor258 == 1.0
1,,1,,"faction gear: the faction role is the gate, any Blacksmith tier, no manual (Nate, 7 Oct)",,8db:MoreCraftableEquipment.esp,MCERecipeArmorStormcloakHelmetFull,MoreCraftableEquipment.esp,CraftingSmithingForge,ArmorStormcloakHelmetFull,ARMO,ArmorMaterialStormcloak,,GetQuestCompleted CW01B == 1.0; GetStageDone Favor254 == 1.0
1,,1,,"faction gear: the faction role is the gate, any Blacksmith tier, no manual (Nate, 7 Oct)",,8e0:MoreCraftableEquipment.esp,MCERecipeArmorThievesGuildKarliahBoots,MoreCraftableEquipment.esp,CraftingSmithingForge,ArmorThievesGuildKarliahBoots,ARMO,MCE_ArmorMaterialThievesGuildKarliah+WAF_MaterialFaction,,GetQuestCompleted TG05 == 1.0
1,,1,,"faction gear: the faction role is the gate, any Blacksmith tier, no manual (Nate, 7 Oct)",,8e1:MoreCraftableEquipment.esp,MCERecipeArmorThievesGuildKarliahCuirass,MoreCraftableEquipment.esp,CraftingSmithingForge,ArmorThievesGuildKarliahCuirass,ARMO,MCE_ArmorMaterialThievesGuildKarliah+WAF_MaterialFaction,,GetQuestCompleted TG05 == 1.0
1,,1,,"faction gear: the faction role is the gate, any Blacksmith tier, no manual (Nate, 7 Oct)",,8e2:MoreCraftableEquipment.esp,MCERecipeArmorThievesGuildKarliahGauntlets,MoreCraftableEquipment.esp,CraftingSmithingForge,ArmorThievesGuildKarliahGauntlets,ARMO,MCE_ArmorMaterialThievesGuildKarliah+WAF_MaterialFaction,,GetQuestCompleted TG05 == 1.0
1,,1,,"faction gear: the faction role is the gate, any Blacksmith tier, no manual (Nate, 7 Oct)",,8e3:MoreCraftableEquipment.esp,MCERecipeArmorThievesGuildKarliahHelmet,MoreCraftableEquipment.esp,CraftingSmithingForge,ArmorThievesGuildKarliahHelmet,ARMO,MCE_ArmorMaterialThievesGuildKarliah+WAF_MaterialFaction,,GetQuestCompleted TG05 == 1.0
1,,1,,"faction gear: the faction role is the gate, any Blacksmith tier, no manual (Nate, 7 Oct)",,8e8:MoreCraftableEquipment.esp,MCERecipeArmorThievesGuildVariant02Helmet,MoreCraftableEquipment.esp,CraftingSmithingForge,ArmorThievesGuildVariant02Helmet,ARMO,ArmorMaterialThievesGuild+WAF_MaterialFaction,,GetStageDone TG02B == 1.0
1,,1,,"faction gear: the faction role is the gate, any Blacksmith tier, no manual (Nate, 7 Oct)",,8e9:MoreCraftableEquipment.esp,MCERecipeArmorThievesGuildVariantBoots,MoreCraftableEquipment.esp,CraftingSmithingForge,ArmorThievesGuildVariantBoots,ARMO,MCE_ArmorMaterialThievesGuildAlt+WAF_MaterialFaction,,GetStageDone TG02B == 1.0
1,,1,,"faction gear: the faction role is the gate, any Blacksmith tier, no manual (Nate, 7 Oct)",,8ea:MoreCraftableEquipment.esp,MCERecipeArmorThievesGuildVariantCuirass,MoreCraftableEquipment.esp,CraftingSmithingForge,ArmorThievesGuildVariantCuirass,ARMO,MCE_ArmorMaterialThievesGuildAlt+WAF_MaterialFaction,,GetStageDone TG02B == 1.0
1,,1,,"faction gear: the faction role is the gate, any Blacksmith tier, no manual (Nate, 7 Oct)",,8eb:MoreCraftableEquipment.esp,MCERecipeArmorThievesGuildVariantGauntlets,MoreCraftableEquipment.esp,CraftingSmithingForge,ArmorThievesGuildVariantGauntlets,ARMO,MCE_ArmorMaterialThievesGuildAlt+WAF_MaterialFaction,,GetStageDone TG02B == 1.0
1,,1,,"faction gear: the faction role is the gate, any Blacksmith tier, no manual (Nate, 7 Oct)",,8ec:MoreCraftableEquipment.esp,MCERecipeArmorThievesGuildVariantHelmet,MoreCraftableEquipment.esp,CraftingSmithingForge,ArmorThievesGuildVariantHelmet,ARMO,MCE_ArmorMaterialThievesGuildAlt+WAF_MaterialFaction,,GetStageDone TG02B == 1.0
1,,1,,"faction gear: the faction role is the gate, any Blacksmith tier, no manual (Nate, 7 Oct)",,859:MoreCraftableEquipment.esp,MCERecipeArmorDBBoots,MoreCraftableEquipment.esp,CraftingSmithingForge,DBArmorBootsWornPlayable,ARMO,,,GetQuestCompleted DB02 == 1.0; GetQuestCompleted DBDestroy == 1.0
1,,1,,"faction gear: the faction role is the gate, any Blacksmith tier, no manual (Nate, 7 Oct)",,85c:MoreCraftableEquipment.esp,MCERecipeArmorDBGauntlets,MoreCraftableEquipment.esp,CraftingSmithingForge,DBArmorGlovesWornPlayable,ARMO,,,GetQuestCompleted DB02 == 1.0; GetQuestCompleted DBDestroy == 1.0
1,,1,,"faction gear: the faction role is the gate, any Blacksmith tier, no manual (Nate, 7 Oct)",,85d:MoreCraftableEquipment.esp,MCERecipeArmorDBHelmet,MoreCraftableEquipment.esp,CraftingSmithingForge,DBArmorHelmetWornPlayable,ARMO,WAF_MaterialFaction,,GetQuestCompleted DB02 == 1.0; GetQuestCompleted DBDestroy == 1.0
1,,1,,"faction gear: the faction role is the gate, any Blacksmith tier, no manual (Nate, 7 Oct)",,85a:MoreCraftableEquipment.esp,MCERecipeArmorDBCuirass,MoreCraftableEquipment.esp,CraftingSmithingForge,DBArmorWornPlayable,ARMO,,,GetQuestCompleted DB02 == 1.0; GetQuestCompleted DBDestroy == 1.0
1,,1,,"faction gear: the faction role is the gate, any Blacksmith tier, no manual (Nate, 7 Oct)",,86a:MoreCraftableEquipment.esp,MCERecipeArmorDLC1VampireArmorGray,MoreCraftableEquipment.esp,CraftingSmithingForge,DLC1ArmorVampireArmorGray,ARMO,ArmorMaterialLeather+DLC1ArmorMaterialVampire,AdvancedArmors,GetPCIsRace ArgonianRaceVampire == 1.0; GetPCIsRace BretonRaceVampire == 1.0; GetPCIsRace DarkElfRaceVampire == 1.0; GetPCIsRace HighElfRaceVampire == 1.0; GetPCIsRace ImperialRaceVampire == 1.0; GetPCIsRace KhajiitRaceVampire == 1.0; GetPCIsRace NordRaceVampire == 1.0; GetPCIsRace OrcRaceVampire == 1.0; GetPCIsRace RedguardRaceVampire == 1.0; GetPCIsRace WoodElfRaceVampire == 1.0
1,,1,,"faction gear: the faction role is the gate, any Blacksmith tier, no manual (Nate, 7 Oct)",,86b:MoreCraftableEquipment.esp,MCERecipeArmorDLC1VampireArmorGrayLight,MoreCraftableEquipment.esp,CraftingSmithingForge,DLC1ArmorVampireArmorGrayLight,ARMO,ArmorMaterialLeather+DLC1ArmorMaterialVampire,AdvancedArmors,GetPCIsRace ArgonianRaceVampire == 1.0; GetPCIsRace BretonRaceVampire == 1.0; GetPCIsRace DarkElfRaceVampire == 1.0; GetPCIsRace HighElfRaceVampire == 1.0; GetPCIsRace ImperialRaceVampire == 1.0; GetPCIsRace KhajiitRaceVampire == 1.0; GetPCIsRace NordRaceVampire == 1.0; GetPCIsRace OrcRaceVampire == 1.0; GetPCIsRace RedguardRaceVampire == 1.0; GetPCIsRace WoodElfRaceVampire == 1.0
1,,1,,"faction gear: the faction role is the gate, any Blacksmith tier, no manual (Nate, 7 Oct)",,86c:MoreCraftableEquipment.esp,MCERecipeArmorDLC1VampireArmorRed,MoreCraftableEquipment.esp,CraftingSmithingForge,DLC1ArmorVampireArmorRed,ARMO,ArmorMaterialLeather+DLC1ArmorMaterialVampire,AdvancedArmors,GetPCIsRace ArgonianRaceVampire == 1.0; GetPCIsRace BretonRaceVampire == 1.0; GetPCIsRace DarkElfRaceVampire == 1.0; GetPCIsRace HighElfRaceVampire == 1.0; GetPCIsRace ImperialRaceVampire == 1.0; GetPCIsRace KhajiitRaceVampire == 1.0; GetPCIsRace NordRaceVampire == 1.0; GetPCIsRace OrcRaceVampire == 1.0; GetPCIsRace RedguardRaceVampire == 1.0; GetPCIsRace WoodElfRaceVampire == 1.0
1,,1,,"faction gear: the faction role is the gate, any Blacksmith tier, no manual (Nate, 7 Oct)",,86e:MoreCraftableEquipment.esp,MCERecipeArmorDLC1VampireBoots,MoreCraftableEquipment.esp,CraftingSmithingForge,DLC1ArmorVampireBoots,ARMO,ArmorMaterialLeather+DLC1ArmorMaterialVampire,,GetPCIsRace ArgonianRaceVampire == 1.0; GetPCIsRace BretonRaceVampire == 1.0; GetPCIsRace DarkElfRaceVampire == 1.0; GetPCIsRace HighElfRaceVampire == 1.0; GetPCIsRace ImperialRaceVampire == 1.0; GetPCIsRace KhajiitRaceVampire == 1.0; GetPCIsRace NordRaceVampire == 1.0; GetPCIsRace OrcRaceVampire == 1.0; GetPCIsRace RedguardRaceVampire == 1.0; GetPCIsRace WoodElfRaceVampire == 1.0
1,,1,,"faction gear: the faction role is the gate, any Blacksmith tier, no manual (Nate, 7 Oct)",,86f:MoreCraftableEquipment.esp,MCERecipeArmorDLC1VampireGauntlets,MoreCraftableEquipment.esp,CraftingSmithingForge,DLC1ArmorVampireGauntlets,ARMO,ArmorMaterialLeather+DLC1ArmorMaterialVampire,,GetPCIsRace ArgonianRaceVampire == 1.0; GetPCIsRace BretonRaceVampire == 1.0; GetPCIsRace DarkElfRaceVampire == 1.0; GetPCIsRace HighElfRaceVampire == 1.0; GetPCIsRace ImperialRaceVampire == 1.0; GetPCIsRace KhajiitRaceVampire == 1.0; GetPCIsRace NordRaceVampire == 1.0; GetPCIsRace OrcRaceVampire == 1.0; GetPCIsRace RedguardRaceVampire == 1.0; GetPCIsRace WoodElfRaceVampire == 1.0
1,,1,,default,review,10d87:Dawnguard.esm,DLC1RecipeBoneHawkAmulet,MoreCraftableEquipment.esp,CraftingSmithingForge,DLC1BoneHawkAmulet,ARMO,,,GetItemCount DLC1BoneHawkSkull >= 1.0; GetItemCount DLC1BoneHawkFeathers >= 1.0
1,,1,,default,review,8f2:MoreCraftableEquipment.esp,MCERecipeJewelryDLC1BoneHawkRing,MoreCraftableEquipment.esp,CraftingSmithingForge,DLC1BoneHawkRing,ARMO,,,GetItemCount DLC1BoneHawkClaw >= 1.0
1,,1,,keyword ArmorMaterialHide,,95e:MoreCraftableEquipment.esp,MCERecipeArmorDLC2ClothesSkaalBoots,MoreCraftableEquipment.esp,CraftingSmithingForge,DLC2ClothesSkaalBoots,ARMO,ArmorMaterialHide,,GetQuestCompleted DLC2MQ03 == 1.0
1,,1,,keyword ArmorMaterialHide,,95f:MoreCraftableEquipment.esp,MCERecipeArmorDLC2ClothesSkaalCoat,MoreCraftableEquipment.esp,CraftingSmithingForge,DLC2ClothesSkaalCoat,ARMO,ArmorMaterialHide,,GetQuestCompleted DLC2MQ03 == 1.0
1,,1,,keyword ArmorMaterialHide,,960:MoreCraftableEquipment.esp,MCERecipeArmorDLC2ClothesSkaalGloves,MoreCraftableEquipment.esp,CraftingSmithingForge,DLC2ClothesSkaalGloves,ARMO,ArmorMaterialHide,,GetQuestCompleted DLC2MQ03 == 1.0
1,,1,,keyword ArmorMaterialHide,,961:MoreCraftableEquipment.esp,MCERecipeArmorDLC2ClothesSkaalHat,MoreCraftableEquipment.esp,CraftingSmithingForge,DLC2ClothesSkaalHat,ARMO,ArmorMaterialHide,,GetQuestCompleted DLC2MQ03 == 1.0
1,,1,,keyword WeapMaterialIron,,8f6:MoreCraftableEquipment.esp,MCERecipeWeaponExecutionerAxe,MoreCraftableEquipment.esp,CraftingSmithingForge,ExecutionerAxe,WEAP,WeapMaterialIron,,GetFactionRank Favor104QuestGiverFaction == 0.0
1,,1,,keyword WeapMaterialWood,,8f1:MoreCraftableEquipment.esp,MCERecipeArrowForsworn,MoreCraftableEquipment.esp,CraftingSmithingForge,ForswornArrow,AMMO,WeapMaterialWood,SteelSmithing,GetQuestCompleted MS02 == 1.0
1,,1,,keyword ArmorMaterialForsworn,,8aa:MoreCraftableEquipment.esp,MCERecipeArmorForswornBoots,MoreCraftableEquipment.esp,CraftingSmithingForge,ForswornBoots,ARMO,ArmorMaterialForsworn,,GetQuestCompleted MS02 == 1.0
1,,1,,keyword ArmorMaterialForsworn,,8ab:MoreCraftableEquipment.esp,MCERecipeArmorForswornCuirass,MoreCraftableEquipment.esp,CraftingSmithingForge,ForswornCuirass,ARMO,ArmorMaterialForsworn,,GetQuestCompleted MS02 == 1.0
1,,1,,keyword ArmorMaterialForsworn,,8ac:MoreCraftableEquipment.esp,MCERecipeArmorForswornGauntlets,MoreCraftableEquipment.esp,CraftingSmithingForge,ForswornGauntlets,ARMO,ArmorMaterialForsworn,,GetQuestCompleted MS02 == 1.0
1,,1,,keyword ArmorMaterialForsworn,,8ad:MoreCraftableEquipment.esp,MCERecipeArmorForswornHelmet,MoreCraftableEquipment.esp,CraftingSmithingForge,ForswornHelmet,ARMO,ArmorMaterialForsworn,,GetQuestCompleted MS02 == 1.0
1,,1,,default,review,8ae:MoreCraftableEquipment.esp,MCERecipeArmorGiantBoots,MoreCraftableEquipment.esp,CraftingSmithingForge,MCEArmorGiantBoots,ARMO,MCE_ArmorMaterialGiant,,GetItemCount MCEGiantBootsUnfitted >= 1.0
1,,1,,default,review,8af:MoreCraftableEquipment.esp,MCERecipeArmorGiantCuirass,MoreCraftableEquipment.esp,CraftingSmithingForge,MCEArmorGiantCuirass,ARMO,MCE_ArmorMaterialGiant,,GetItemCount MCEGiantArmorUnfitted >= 1.0
1,,1,,default,review,8b0:MoreCraftableEquipment.esp,MCERecipeArmorGiantGauntlets,MoreCraftableEquipment.esp,CraftingSmithingForge,MCEArmorGiantGauntlets,ARMO,MCE_ArmorMaterialGiant,,GetItemCount MCEGiantGauntletsUnfitted >= 1.0
1,,1,,"faction gear: the faction role is the gate, any Blacksmith tier, no manual (Nate, 7 Oct)",,8dc:MoreCraftableEquipment.esp,MCERecipeArmorThievesGuildBoots,MoreCraftableEquipment.esp,CraftingSmithingForge,MCEArmorThievesGuildBoots,ARMO,ArmorMaterialThievesGuild+WAF_MaterialFaction,,GetStageDone TG02B == 1.0
1,,1,,"faction gear: the faction role is the gate, any Blacksmith tier, no manual (Nate, 7 Oct)",,8dd:MoreCraftableEquipment.esp,MCERecipeArmorThievesGuildCuirass,MoreCraftableEquipment.esp,CraftingSmithingForge,MCEArmorThievesGuildCuirass,ARMO,ArmorMaterialThievesGuild+WAF_MaterialFaction,,GetStageDone TG02B == 1.0
1,,1,,"faction gear: the faction role is the gate, any Blacksmith tier, no manual (Nate, 7 Oct)",,8de:MoreCraftableEquipment.esp,MCERecipeArmorThievesGuildGauntlets,MoreCraftableEquipment.esp,CraftingSmithingForge,MCEArmorThievesGuildGauntlets,ARMO,ArmorMaterialThievesGuild+WAF_MaterialFaction,,GetStageDone TG02B == 1.0
1,,1,,"faction gear: the faction role is the gate, any Blacksmith tier, no manual (Nate, 7 Oct)",,8df:MoreCraftableEquipment.esp,MCERecipeArmorThievesGuildHelmet,MoreCraftableEquipment.esp,CraftingSmithingForge,MCEArmorThievesGuildHelmet,ARMO,ArmorMaterialThievesGuild+WAF_MaterialFaction,,GetStageDone TG02B == 1.0
1,,1,,"faction gear: the faction role is the gate, any Blacksmith tier, no manual (Nate, 7 Oct)",,86d:MoreCraftableEquipment.esp,MCERecipeArmorDLC1VampireArmorRoyalRed,MoreCraftableEquipment.esp,CraftingSmithingForge,MCEArmorVampireArmorRoyalRed,ARMO,ArmorMaterialLeather+DLC1ArmorMaterialVampire,AdvancedArmors,GetStageDone DLC1VQ02 == 1.0; GetQuestCompleted DLC1VQ08 == 1.0
1,,1,,"faction gear: the faction role is the gate, any Blacksmith tier, no manual (Nate, 7 Oct)",,85e:MoreCraftableEquipment.esp,MCERecipeArmorDBHelmetMasked,MoreCraftableEquipment.esp,CraftingSmithingForge,MCEDBArmorHelmetMasked,ARMO,WAF_MaterialFaction,,GetQuestCompleted DB02 == 1.0; GetQuestCompleted DBDestroy == 1.0
1,,1,,"faction gear: the faction role is the gate, any Blacksmith tier, no manual (Nate, 7 Oct)",,85b:MoreCraftableEquipment.esp,MCERecipeArmorDBArmorShortSleeve,MoreCraftableEquipment.esp,CraftingSmithingForge,MCEDBArmorShortSleeve,ARMO,WAF_MaterialFaction,,GetQuestCompleted DB02 == 1.0; GetQuestCompleted DBDestroy == 1.0
1,,1,,keyword WeapMaterialIron,,9ff:MoreCraftableEquipment.esp,MCERecipeWeaponShiv,MoreCraftableEquipment.esp,CraftingSmithingForge,MS02Shiv,WEAP,WeapMaterialIron,,GetQuestCompleted MS02 == 1.0
1,,1,,keyword WeapMaterialWood,,2dc3:PipeSmokingSE.esp,PipeSmokingLongPipeRecipe,PipeSmokingSE.esp,CraftingSmithingForge,PipeSmokingLongPipe,MISC,WeapMaterialWood,,
1,,1,,keyword ArmorMaterialHide,,dd5:Sentinel.esp,RecipeArmorTH_Fur0Boots,Sentinel.esp,CraftingSmithingForge,ArmorBanditBoots,ARMO,ArmorMaterialHide,,
1,,1,,keyword ArmorMaterialHide,,dd6:Sentinel.esp,RecipeArmorTH_Fur0Cuirass,Sentinel.esp,CraftingSmithingForge,ArmorBanditCuirass,ARMO,ArmorMaterialHide,,
1,,1,,keyword ArmorMaterialHide,,dd7:Sentinel.esp,RecipeArmorTH_Fur0Cuirass1,Sentinel.esp,CraftingSmithingForge,ArmorBanditCuirass1,ARMO,ArmorMaterialHide,,
1,,1,,keyword ArmorMaterialHide,,dd8:Sentinel.esp,RecipeArmorTH_Fur0Cuirass2,Sentinel.esp,CraftingSmithingForge,ArmorBanditCuirass2,ARMO,ArmorMaterialHide,,
1,,1,,keyword ArmorMaterialHide,,dd9:Sentinel.esp,RecipeArmorTH_Fur0Cuirass3,Sentinel.esp,CraftingSmithingForge,ArmorBanditCuirass3,ARMO,ArmorMaterialHide,,
1,,1,,keyword ArmorMaterialHide,,dda:Sentinel.esp,RecipeArmorTH_Fur0Gauntlets,Sentinel.esp,CraftingSmithingForge,ArmorBanditGauntlets,ARMO,ArmorMaterialHide,,
1,,1,,keyword ArmorMaterialHide,,ddb:Sentinel.esp,RecipeArmorTH_Fur0Helmet,Sentinel.esp,CraftingSmithingForge,ArmorBanditHelmet,ARMO,ArmorMaterialHide,,
1,,1,,default,review,145c2:Dawnguard.esm,DLC1RecipeArmorShellbugHelmet,Sentinel.esp,CraftingSmithingForge,DLC1ArmorShellbugHelmet,ARMO,,,GetItemCount DLC1ShellbugChitin >= 1.0
1,,1,,keyword ArmorMaterialHide,,db5d3:Skyrim.esm,RecipeArmorHideBoots,Skyrim.esm,CraftingSmithingForge,ArmorHideBoots,ARMO,ArmorMaterialHide,,
1,,1,,keyword ArmorMaterialHide,,db5d4:Skyrim.esm,RecipeArmorHideCuirass,Skyrim.esm,CraftingSmithingForge,ArmorHideCuirass,ARMO,ArmorMaterialHide,,
1,,1,,keyword ArmorMaterialHide,,db28e:Skyrim.esm,RecipeArmorHideGauntlets,Skyrim.esm,CraftingSmithingForge,ArmorHideGauntlets,ARMO,ArmorMaterialHide,,
1,,1,,keyword ArmorMaterialHide,,db5d5:Skyrim.esm,RecipeArmorHideHelmet,Skyrim.esm,CraftingSmithingForge,ArmorHideHelmet,ARMO,ArmorMaterialHide,,
1,,1,,keyword ArmorMaterialHide,,db5d6:Skyrim.esm,RecipeArmorHideShield,Skyrim.esm,CraftingSmithingForge,ArmorHideShield,ARMO,ArmorMaterialHide,,
1,,1,,keyword ArmorMaterialIron+ArmorMaterialIronBanded,,dc9ff:Skyrim.esm,RecipeArmorIronBandedCuirass,Skyrim.esm,CraftingSmithingForge,ArmorIronBandedCuirass,ARMO,ArmorMaterialIron+ArmorMaterialIronBanded,,
1,,1,,keyword ArmorMaterialIronBanded,,dca00:Skyrim.esm,RecipeArmorIronBandedShield,Skyrim.esm,CraftingSmithingForge,ArmorIronBandedShield,ARMO,ArmorMaterialIronBanded,,
1,,1,,keyword ArmorMaterialIron,,db290:Skyrim.esm,RecipeArmorIronBoots,Skyrim.esm,CraftingSmithingForge,ArmorIronBoots,ARMO,ArmorMaterialIron,,
1,,1,,keyword ArmorMaterialIron,,db291:Skyrim.esm,RecipeArmorIronCuirass,Skyrim.esm,CraftingSmithingForge,ArmorIronCuirass,ARMO,ArmorMaterialIron,,
1,,1,,keyword ArmorMaterialIron,,db28f:Skyrim.esm,RecipeArmorIronGauntlets,Skyrim.esm,CraftingSmithingForge,ArmorIronGauntlets,ARMO,ArmorMaterialIron,,
1,,1,,keyword ArmorMaterialIron,,db292:Skyrim.esm,RecipeArmorIronHelmet,Skyrim.esm,CraftingSmithingForge,ArmorIronHelmet,ARMO,ArmorMaterialIron,,
1,,1,,keyword ArmorMaterialIron,,db293:Skyrim.esm,RecipeArmorIronShield,Skyrim.esm,CraftingSmithingForge,ArmorIronShield,ARMO,ArmorMaterialIron,,
1,,1,,keyword ArmorMaterialLeather,,dca01:Skyrim.esm,RecipeArmorLeatherBoots,Skyrim.esm,CraftingSmithingForge,ArmorLeatherBoots,ARMO,ArmorMaterialLeather,,
1,,1,,keyword ArmorMaterialLeather,,dca02:Skyrim.esm,RecipeArmorLeatherCuirass,Skyrim.esm,CraftingSmithingForge,ArmorLeatherCuirass,ARMO,ArmorMaterialLeather,,
1,,1,,keyword ArmorMaterialLeather,,dca03:Skyrim.esm,RecipeArmorLeatherGauntlets,Skyrim.esm,CraftingSmithingForge,ArmorLeatherGauntlets,ARMO,ArmorMaterialLeather,,
1,,1,,keyword ArmorMaterialLeather,,dca04:Skyrim.esm,RecipeArmorLeatherHelmet,Skyrim.esm,CraftingSmithingForge,ArmorLeatherHelmet,ARMO,ArmorMaterialLeather,,
1,,1,,keyword ArmorMaterialStudded+ArmorMaterialHide,,dc9f4:Skyrim.esm,RecipeArmorStuddedCuirass,Skyrim.esm,CraftingSmithingForge,ArmorStuddedCuirass,ARMO,ArmorMaterialStudded+ArmorMaterialHide,,
1,,1,,keyword WeapMaterialIron,,da76e:Skyrim.esm,RecipeWeaponIronBattleAxe,Skyrim.esm,CraftingSmithingForge,IronBattleaxe,WEAP,WeapMaterialIron,,
1,,1,,keyword WeapMaterialIron,,da76a:Skyrim.esm,RecipeWeaponIronDagger,Skyrim.esm,CraftingSmithingForge,IronDagger,WEAP,WeapMaterialIron,,
1,,1,,keyword WeapMaterialIron,,da76f:Skyrim.esm,RecipeWeaponIronGreatsword,Skyrim.esm,CraftingSmithingForge,IronGreatsword,WEAP,WeapMaterialIron,,
1,,1,,keyword WeapMaterialIron,,da76b:Skyrim.esm,RecipeWeaponIronMace,Skyrim.esm,CraftingSmithingForge,IronMace,WEAP,WeapMaterialIron,,
1,,1,,keyword WeapMaterialIron,,da769:Skyrim.esm,RecipeWeaponIronSword,Skyrim.esm,CraftingSmithingForge,IronSword,WEAP,WeapMaterialIron,,
1,,1,,keyword WeapMaterialIron,,da76c:Skyrim.esm,RecipeWeaponIronWarAxe,Skyrim.esm,CraftingSmithingForge,IronWarAxe,WEAP,WeapMaterialIron,,
1,,1,,keyword WeapMaterialIron,,da76d:Skyrim.esm,RecipeWeaponIronWarhammer,Skyrim.esm,CraftingSmithingForge,IronWarhammer,WEAP,WeapMaterialIron,,
1,,1,,default,review,2ba5f3:WindhelmSSE.esp,0WHBearPeltReward,WindhelmSSE.esp,CraftingSmithingForge,0WHPiecesBearCapeBigReward,ARMO,,,GetStageDone 0WHQuestFurs == 1.0
2,Silver,2,Silver,keyword WeapMaterialSilver,,601a7d:BSAssets.esm,BSKRecipe74wSilver1HAxe,BSAssets.esm,CraftingSmithingForge,BSK74wAxe1HSilver,WEAP,WeapMaterialSilver,SteelSmithing,#520 0 == 1.0
2,Silver,2,Silver,keyword WeapMaterialSilver,,601a7c:BSAssets.esm,BSKRecipe74wSilver1HAxe2,BSAssets.esm,CraftingSmithingForge,BSK74wAxe1HSilver_low,WEAP,WeapMaterialSilver,SteelSmithing,#520 0 == 1.0
2,Silver,2,Silver,keyword WeapMaterialSilver,,601a7b:BSAssets.esm,BSKRecipe74wSilver2HAxe,BSAssets.esm,CraftingSmithingForge,BSK74wAxe2HSilver,WEAP,WeapMaterialSilver,SteelSmithing,#520 0 == 1.0
2,Silver,2,Silver,keyword WeapMaterialSilver,,601a7a:BSAssets.esm,BSKRecipe74wSilver2HAxe2,BSAssets.esm,CraftingSmithingForge,BSK74wAxe2HSilver_low,WEAP,WeapMaterialSilver,SteelSmithing,#520 0 == 1.0
2,Steel,2,Steel,keyword WeapMaterialSteel,,601a71:BSAssets.esm,BSKRecipe74wSteelClub,BSAssets.esm,CraftingSmithingForge,BSK74wClubSteel,WEAP,WeapMaterialSteel,SteelSmithing,#520 0 == 1.0
2,Silver,2,Silver,keyword WeapMaterialSilver,,601a8c:BSAssets.esm,BSKRecipe74wKatanaSilver,BSAssets.esm,CraftingSmithingForge,BSK74wKatanaSilver,WEAP,WeapMaterialSilver,SteelSmithing,#520 0 == 1.0
2,Steel,2,Steel,keyword WeapMaterialSteel,,601a8b:BSAssets.esm,BSKRecipe74wKatanaSteel,BSAssets.esm,CraftingSmithingForge,BSK74wKatanaSteel,WEAP,WeapMaterialSteel,SteelSmithing,#520 0 == 1.0
2,Silver,2,Silver,keyword WeapMaterialSilver,,601a86:BSAssets.esm,BSKRecipe74wLongswordSilver,BSAssets.esm,CraftingSmithingForge,BSK74wLongswordSilver,WEAP,WeapMaterialSilver,SteelSmithing,#520 0 == 1.0
2,Silver,2,Silver,keyword WeapMaterialSilver,,601a85:BSAssets.esm,BSKRecipe74wLongswordSilver2,BSAssets.esm,CraftingSmithingForge,BSK74wLongswordSilver_low,WEAP,WeapMaterialSilver,SteelSmithing,#520 0 == 1.0
2,Steel,2,Steel,keyword WeapMaterialSteel,,601a84:BSAssets.esm,BSKRecipe74wLongswordSteel,BSAssets.esm,CraftingSmithingForge,BSK74wLongswordSteel,WEAP,WeapMaterialSteel,SteelSmithing,#520 0 == 1.0
2,Silver,2,Silver,keyword WeapMaterialSilver,,601a81:BSAssets.esm,BSKRecipe74wNodachiSilver,BSAssets.esm,CraftingSmithingForge,BSK74wNodachiSilver,WEAP,WeapMaterialSilver,SteelSmithing,#520 0 == 1.0
2,Steel,2,Steel,keyword WeapMaterialSteel,,601a80:BSAssets.esm,BSKRecipe74wNodachiSteel,BSAssets.esm,CraftingSmithingForge,BSK74wNodachiSteel,WEAP,WeapMaterialSteel,SteelSmithing,#520 0 == 1.0
2,Silver,2,Silver,keyword WeapMaterialSilver,,601a7f:BSAssets.esm,BSKRecipe74wScimitarSilver,BSAssets.esm,CraftingSmithingForge,BSK74wScimitarSilver,WEAP,WeapMaterialSilver,SteelSmithing,#520 0 == 1.0
2,Silver,2,Silver,keyword WeapMaterialSilver,,601a7e:BSAssets.esm,BSKRecipe74wScimitarSilver2,BSAssets.esm,CraftingSmithingForge,BSK74wScimitarSilver_low,WEAP,WeapMaterialSilver,SteelSmithing,#520 0 == 1.0
2,Steel,2,Steel,keyword WeapMaterialSteel,,601a6f:BSAssets.esm,BSKRecipe74wSteelScimitar,BSAssets.esm,CraftingSmithingForge,BSK74wScimitarSteel,WEAP,WeapMaterialSteel,SteelSmithing,#520 0 == 1.0
2,Silver,2,Silver,keyword WeapMaterialSilver,,601a75:BSAssets.esm,BSKRecipe74wStaffSilver,BSAssets.esm,CraftingSmithingForge,BSK74wStaffSilver,WEAP,WeapMaterialSilver,SteelSmithing,#520 0 == 1.0
2,Silver,2,Silver,keyword WeapMaterialSilver,,601a74:BSAssets.esm,BSKRecipe74wStaffSilver2,BSAssets.esm,CraftingSmithingForge,BSK74wStaffSilver_low,WEAP,WeapMaterialSilver,SteelSmithing,#520 0 == 1.0
2,Steel,2,Steel,keyword WeapMaterialSteel,,601a73:BSAssets.esm,BSKRecipe74wStaffSteel,BSAssets.esm,CraftingSmithingForge,BSK74wStaffSteel,WEAP,WeapMaterialSteel,SteelSmithing,#520 0 == 1.0
2,Steel,2,Steel,keyword WeapMaterialSteel,,601a70:BSAssets.esm,BSKRecipe74wSteelSaber,BSAssets.esm,CraftingSmithingForge,BSK74wSteelSaber,WEAP,WeapMaterialSteel,SteelSmithing,#520 0 == 1.0
2,Steel,2,Steel,keyword WeapMaterialSteel,,601a6e:BSAssets.esm,BSKRecipe74wSteelSword,BSAssets.esm,CraftingSmithingForge,BSK74wSwordSteel,WEAP,WeapMaterialSteel,SteelSmithing,#520 0 == 1.0
2,Silver,2,Silver,keyword WeapMaterialSilver,,601a6b:BSAssets.esm,BSKRecipe74wTantoSilver,BSAssets.esm,CraftingSmithingForge,BSK74wTantoSilver,WEAP,WeapMaterialSilver,SteelSmithing,#520 0 == 1.0
2,Steel,2,Steel,keyword WeapMaterialSteel,,601a6a:BSAssets.esm,BSKRecipe74wTantoSteel,BSAssets.esm,CraftingSmithingForge,BSK74wTantoSteel,WEAP,WeapMaterialSteel,SteelSmithing,#520 0 == 1.0
2,Silver,2,Silver,keyword WeapMaterialSilver,,601a66:BSAssets.esm,BSKRecipe74wWakizasSilver,BSAssets.esm,CraftingSmithingForge,BSK74wWakizashiSilver,WEAP,WeapMaterialSilver,SteelSmithing,#520 0 == 1.0
2,Steel,2,Steel,keyword WeapMaterialSteel,,601a67:BSAssets.esm,BSKRecipe74wWakiSteel,BSAssets.esm,CraftingSmithingForge,BSK74wWakizashiSteel,WEAP,WeapMaterialSteel,SteelSmithing,#520 0 == 1.0
2,,2,,edid *Jewelry*Silver*,,602921:BSAssets.esm,BSKRecipeJewelryRingSilverEmerald,BSAssets.esm,CraftingSmithingForge,BSKJewelryRingSilverEmerald,ARMO,,,
2,,2,,edid *Jewelry*Silver*,,602920:BSAssets.esm,BSKRecipeJewelryRingSilverSapphire,BSAssets.esm,CraftingSmithingForge,BSKJewelryRingSilverSapphire,ARMO,,,
1,,2,Steel,"faction gear: the faction role is the gate, any Blacksmith tier, no manual (Nate, 7 Oct)",,cc28d:BSHeartland.esm,CYRRecipeWeaponWornAkaviriKatanaConversion,BSHeartland.esm,CraftingSmithingForge,AkaviriKatana,WEAP,WeapMaterialSteel,,GetItemCount CYRWornAkaviriKatana >= 1.0
2,Chainmail,2,Chainmail,edid CYR*Chainmail*,,d6a48:BSHeartland.esm,CYRRecipeArmorChainmailBoots,BSHeartland.esm,CraftingSmithingForge,CYRArmorChainmailBoots,ARMO,ArmorMaterialSteel,AdvancedArmors,
2,Chainmail,2,Chainmail,edid CYR*Chainmail*,,d6a47:BSHeartland.esm,CYRRecipeArmorChainmailCuirass,BSHeartland.esm,CraftingSmithingForge,CYRArmorChainmailCuirass,ARMO,ArmorMaterialSteel,AdvancedArmors,
2,Chainmail,2,Chainmail,edid CYR*Chainmail*,,d6a49:BSHeartland.esm,CYRRecipeArmorChainmailGauntlets,BSHeartland.esm,CraftingSmithingForge,CYRArmorChainmailGauntlets,ARMO,ArmorMaterialSteel,AdvancedArmors,
2,Chainmail,2,Chainmail,edid CYR*Chainmail*,,d6a4a:BSHeartland.esm,CYRRecipeArmorChainmailHelmet,BSHeartland.esm,CraftingSmithingForge,CYRArmorChainmailHelmet,ARMO,ArmorMaterialSteel,AdvancedArmors,
2,Steel,2,Steel,keyword WeapMaterialSteel,,cbe2a:BSHeartland.esm,CYRRecipeWeaponSteelBattleAxe,BSHeartland.esm,CraftingSmithingForge,CYRSteelBattleaxe,WEAP,WeapMaterialSteel,SteelSmithing,
2,Steel,2,Steel,keyword WeapMaterialSteel,,cbe2b:BSHeartland.esm,CYRRecipeWeaponSteelDagger,BSHeartland.esm,CraftingSmithingForge,CYRSteelDagger,WEAP,WeapMaterialSteel,SteelSmithing,
2,Steel,2,Steel,keyword WeapMaterialSteel,,cbe2c:BSHeartland.esm,CYRRecipeWeaponSteelGreatsword,BSHeartland.esm,CraftingSmithingForge,CYRSteelGreatsword,WEAP,WeapMaterialSteel,SteelSmithing,
2,Steel,2,Steel,keyword WeapMaterialSteel,,cbe2d:BSHeartland.esm,CYRRecipeWeaponSteelMace,BSHeartland.esm,CraftingSmithingForge,CYRSteelMace,WEAP,WeapMaterialSteel,SteelSmithing,
2,Steel,2,Steel,keyword WeapMaterialSteel,,cbe2e:BSHeartland.esm,CYRRecipeWeaponSteelSword,BSHeartland.esm,CraftingSmithingForge,CYRSteelSword,WEAP,WeapMaterialSteel,SteelSmithing,
2,Steel,2,Steel,keyword WeapMaterialSteel,,cbe2f:BSHeartland.esm,CYRRecipeWeaponSteelWarAxe,BSHeartland.esm,CraftingSmithingForge,CYRSteelWarAxe,WEAP,WeapMaterialSteel,SteelSmithing,
2,Steel,2,Steel,keyword WeapMaterialSteel,,cbe30:BSHeartland.esm,CYRRecipeWeaponSteelWarhammer,BSHeartland.esm,CraftingSmithingForge,CYRSteelWarhammer,WEAP,WeapMaterialSteel,SteelSmithing,
2,Elven,2,Elven,keyword WeapMaterialElven,,cc28c:BSHeartland.esm,CYRRecipeWeaponWornElvenSwordConversion,BSHeartland.esm,CraftingSmithingForge,ElvenSword,WEAP,WeapMaterialElven,ElvenSmithing,GetItemCount CYRWornElvenSword >= 1.0
2,Dwarven,2,Dwarven,keyword WeapMaterialDwarven,,850da:ccBGSSSE001-Fish.esm,ccBGSSSE001_RecipeWeaponSpecialDwarvenAxe,ccBGSSSE001-Fish.esm,CraftingSmithingForge,ccBGSSSE001_SpecialDwarvenAxeUnenchanted,WEAP,WeapMaterialDwarven,DwarvenSmithing,GetGlobalValue ccBGSSSE001_CraftingUnlockedSpecialDwarvenWarAxe == 1.0
2,BoneAndChitin,2,BoneAndChitin,keyword DLC2ArmorMaterialBonemoldLight,,844:ccBGSSSE037-Curios.esl,ccBGSSSE037_RecipeBoltBonemold,ccBGSSSE037-Curios.esl,CraftingSmithingForge,ccBGSSSE037_BonemoldBolt,AMMO,DLC2ArmorMaterialBonemoldLight,SteelSmithing,GetGlobalValue DLC1TechXbowSteelChanceNone == 0.0; GetGlobalValue DLC1TechXbowEnhancedChanceNone == 0.0; GetGlobalValue DLC1TechXbowDwarvenChanceNone == 0.0; GetFactionRank DLC1DawnguardFaction == 1.0
2,Silver,2,Silver,keyword WeapMaterialSilver,,842:ccBGSSSE037-Curios.esl,ccBGSSSE037_RecipeBoltSilver,ccBGSSSE037-Curios.esl,CraftingSmithingForge,ccBGSSSE037_SilverBolt,AMMO,WeapMaterialSilver,,GetGlobalValue DLC1TechXbowSteelChanceNone == 0.0; GetGlobalValue DLC1TechXbowEnhancedChanceNone == 0.0; GetGlobalValue DLC1TechXbowDwarvenChanceNone == 0.0; GetFactionRank DLC1DawnguardFaction == 1.0
2,Dwarven,2,Dwarven,keyword WeapMaterialDwarven,,f814:Dawnguard.esm,DLC1RecipeTechBoltDwarven,Dawnguard.esm,CraftingSmithingForge,DLC1BoltDwarven,AMMO,WeapMaterialDwarven,DwarvenSmithing,GetGlobalValue DLC1TechXbowDwarvenChanceNone == 0.0
2,Steel,2,Steel,keyword WeapMaterialSteel,,f813:Dawnguard.esm,DLC1RecipeTechBoltSteel,Dawnguard.esm,CraftingSmithingForge,DLC1BoltSteel,AMMO,WeapMaterialSteel,SteelSmithing,GetGlobalValue DLC1TechXbowSteelChanceNone == 0.0
2,Dwarven,2,Dwarven,keyword WeapMaterialDwarven,,b652:Dawnguard.esm,DLC1RecipeArrowDwarven,Dawnguard.esm,CraftingSmithingForge,DwarvenArrow,AMMO,WeapMaterialDwarven,DwarvenSmithing,
2,Elven,2,Elven,keyword WeapMaterialElven,,b655:Dawnguard.esm,DLC1RecipeArrowElven,Dawnguard.esm,CraftingSmithingForge,ElvenArrow,AMMO,WeapMaterialElven,ElvenSmithing,
2,Steel,2,Steel,keyword WeapMaterialSteel,,b650:Dawnguard.esm,DLC1RecipeArrowSteel,Dawnguard.esm,CraftingSmithingForge,SteelArrow,AMMO,WeapMaterialSteel,SteelSmithing,
1,,2,Steel,"faction gear: the faction role is the gate, any Blacksmith tier, no manual (Nate, 7 Oct)",,5939:DIS_Heavy_Legion.esp,RecipeArmorImperialGauntletsMedium,DIS_Heavy_Legion.esp,CraftingSmithingForge,ArmorImperialGauntletsMedium,ARMO,ArmorMaterialImperialHeavy,SteelSmithing,
1,,2,Steel,"faction gear: the faction role is the gate, any Blacksmith tier, no manual (Nate, 7 Oct)",,5941:DIS_Heavy_Legion.esp,RecipeArmorImperialHelmetMedium,DIS_Heavy_Legion.esp,CraftingSmithingForge,ArmorImperialHelmetMedium,ARMO,ArmorMaterialImperialHeavy,SteelSmithing,
1,,2,Steel,"faction gear: the faction role is the gate, any Blacksmith tier, no manual (Nate, 7 Oct)",,53c7:DIS_Heavy_Legion.esp,RecipeArmorImperialStuddedCuirass,DIS_Heavy_Legion.esp,CraftingSmithingForge,ArmorImperialStuddedCuirass,ARMO,ArmorMaterialImperialLight,SteelSmithing,
2,BoneAndChitin,2,BoneAndChitin,keyword DLC2ArmorMaterialBonemoldHeavy,,3ab28:Dragonborn.esm,DLC2RecipeArmorBonemoldImprovedBoots,Dragonborn.esm,CraftingSmithingForge,DLC2ArmorBonemoldImprovedBoots,ARMO,DLC2ArmorMaterialBonemoldHeavy,SteelSmithing,GetGlobalValue DLC2ImprovedBonemold == 1.0
2,BoneAndChitin,2,BoneAndChitin,keyword DLC2ArmorMaterialBonemoldHeavy,,3ab29:Dragonborn.esm,DLC2RecipeArmorBonemoldImprovedCuirass,Dragonborn.esm,CraftingSmithingForge,DLC2ArmorBonemoldImprovedCuirass,ARMO,DLC2ArmorMaterialBonemoldHeavy,SteelSmithing,GetGlobalValue DLC2ImprovedBonemold == 1.0
2,BoneAndChitin,2,BoneAndChitin,keyword DLC2ArmorMaterialBonemoldHeavy,,3ab2a:Dragonborn.esm,DLC2RecipeArmorBonemoldImprovedGauntlets,Dragonborn.esm,CraftingSmithingForge,DLC2ArmorBonemoldImprovedGauntlets,ARMO,DLC2ArmorMaterialBonemoldHeavy,SteelSmithing,GetGlobalValue DLC2ImprovedBonemold == 1.0
2,BoneAndChitin,2,BoneAndChitin,keyword DLC2ArmorMaterialBonemoldHeavy,,3ab2b:Dragonborn.esm,DLC2RecipeArmorBonemoldImprovedHelmet,Dragonborn.esm,CraftingSmithingForge,DLC2ArmorBonemoldImprovedHelmet,ARMO,DLC2ArmorMaterialBonemoldHeavy,SteelSmithing,GetGlobalValue DLC2ImprovedBonemold == 1.0
2,BoneAndChitin,2,BoneAndChitin,keyword DLC2ArmorMaterialBonemoldHeavy,,3ab2c:Dragonborn.esm,DLC2RecipeArmorBonemoldImprovedShield,Dragonborn.esm,CraftingSmithingForge,DLC2ArmorBonemoldImprovedShield,ARMO,DLC2ArmorMaterialBonemoldHeavy,SteelSmithing,GetGlobalValue DLC2ImprovedBonemold == 1.0
2,BoneAndChitin,2,BoneAndChitin,keyword DLC2ArmorMaterialChitinHeavy,,916:Armors of the Velothi Pt2.esp,DLC2RecipeArmorAshlanderWarriorBoots,DragonBreak Nexus Patches.esp,CraftingSmithingForge,ArmorAshWarriorBoots,ARMO,DLC2ArmorMaterialChitinHeavy,EbonySmithing,
2,BoneAndChitin,2,BoneAndChitin,keyword DLC2ArmorMaterialChitinHeavy,,917:Armors of the Velothi Pt2.esp,DLC2RecipeArmorAshlanderWarriorCuirass,DragonBreak Nexus Patches.esp,CraftingSmithingForge,ArmorAshWarriorCuirass,ARMO,DLC2ArmorMaterialChitinHeavy,EbonySmithing,
2,BoneAndChitin,2,BoneAndChitin,keyword DLC2ArmorMaterialChitinHeavy,,918:Armors of the Velothi Pt2.esp,DLC2RecipeArmorAshlanderWarriorGauntlets,DragonBreak Nexus Patches.esp,CraftingSmithingForge,ArmorAshWarriorGauntlets,ARMO,DLC2ArmorMaterialChitinHeavy,EbonySmithing,
2,BoneAndChitin,2,BoneAndChitin,keyword DLC2ArmorMaterialChitinHeavy,,919:Armors of the Velothi Pt2.esp,DLC2RecipeArmorAshlanderWarriorHelmet,DragonBreak Nexus Patches.esp,CraftingSmithingForge,ArmorAshWarriorHelmet,ARMO,DLC2ArmorMaterialChitinHeavy,EbonySmithing,
2,BoneAndChitin,2,BoneAndChitin,keyword DLC2ArmorMaterialChitinHeavy,,91f:Armors of the Velothi Pt2.esp,DLC2RecipeArmorAshlanderWarriorHelmet1,DragonBreak Nexus Patches.esp,CraftingSmithingForge,ArmorAshWarriorHelmetDUPLICATE001,ARMO,DLC2ArmorMaterialChitinHeavy,EbonySmithing,
2,BoneAndChitin,2,BoneAndChitin,keyword DLC2ArmorMaterialChitinHeavy,,914:Armors of the Velothi Pt2.esp,DLC2RecipeArmorAshlanderWarriorHelmetNew,DragonBreak Nexus Patches.esp,CraftingSmithingForge,ArmorAshWarriorHelmetNew,ARMO,DLC2ArmorMaterialChitinHeavy,EbonySmithing,
2,Steel,2,Steel,keyword ArmorMaterialImperialHeavy,,831:DragonBreak Nexus Patches.esp,DBOFG_DIS_Penitus_ShieldA,DragonBreak Nexus Patches.esp,CraftingSmithingForge,DIS_Penitus_ShieldA,ARMO,ArmorMaterialImperialHeavy,,
2,Steel,2,Steel,keyword DLC1ArmorMaterialDawnguard,,829:DragonBreak Nexus Patches.esp,DBOFG_DLC1ArmorDawnguardHelmetLight,DragonBreak Nexus Patches.esp,CraftingSmithingForge,DLC1ArmorDawnguardHelmetLight,ARMO,DLC1ArmorMaterialDawnguard,,
2,BoneAndChitin,2,BoneAndChitin,keyword DLC2ArmorMaterialChitinLight,,84f:DragonBreak Nexus Patches.esp,DBOFG_DresGuardBoots,DragonBreak Nexus Patches.esp,CraftingSmithingForge,DresGuardBoots,ARMO,DLC2ArmorMaterialChitinLight,,
2,BoneAndChitin,2,BoneAndChitin,keyword DLC2ArmorMaterialChitinLight,,850:DragonBreak Nexus Patches.esp,DBOFG_DresGuardBracers,DragonBreak Nexus Patches.esp,CraftingSmithingForge,DresGuardBracers,ARMO,DLC2ArmorMaterialChitinLight,,
2,BoneAndChitin,2,BoneAndChitin,keyword DLC2ArmorMaterialChitinLight,,851:DragonBreak Nexus Patches.esp,DBOFG_DresGuardCuirass,DragonBreak Nexus Patches.esp,CraftingSmithingForge,DresGuardCuirass,ARMO,DLC2ArmorMaterialChitinLight,,
2,BoneAndChitin,2,BoneAndChitin,keyword DLC2ArmorMaterialChitinLight,,852:DragonBreak Nexus Patches.esp,DBOFG_DresGuardHelm01,DragonBreak Nexus Patches.esp,CraftingSmithingForge,DresGuardHelm01,ARMO,DLC2ArmorMaterialChitinLight,,
2,BoneAndChitin,2,BoneAndChitin,keyword DLC2ArmorMaterialChitinLight,,853:DragonBreak Nexus Patches.esp,DBOFG_DresGuardHelm02,DragonBreak Nexus Patches.esp,CraftingSmithingForge,DresGuardHelm02,ARMO,DLC2ArmorMaterialChitinLight,,
2,BoneAndChitin,2,BoneAndChitin,keyword DLC2ArmorMaterialBonemoldHeavy,,835:DragonBreak Nexus Patches.esp,DBOFG_HlaaluGuardBoots,DragonBreak Nexus Patches.esp,CraftingSmithingForge,HlaaluGuardBoots,ARMO,DLC2ArmorMaterialBonemoldHeavy,,
2,BoneAndChitin,2,BoneAndChitin,keyword DLC2ArmorMaterialBonemoldHeavy,,836:DragonBreak Nexus Patches.esp,DBOFG_HlaaluGuardCuirass,DragonBreak Nexus Patches.esp,CraftingSmithingForge,HlaaluGuardCuirass,ARMO,DLC2ArmorMaterialBonemoldHeavy,,
2,BoneAndChitin,2,BoneAndChitin,keyword DLC2ArmorMaterialBonemoldHeavy,,837:DragonBreak Nexus Patches.esp,DBOFG_HlaaluGuardGauntlets,DragonBreak Nexus Patches.esp,CraftingSmithingForge,HlaaluGuardGauntlets,ARMO,DLC2ArmorMaterialBonemoldHeavy,,
2,BoneAndChitin,2,BoneAndChitin,keyword DLC2ArmorMaterialBonemoldHeavy,,838:DragonBreak Nexus Patches.esp,DBOFG_HlaaluGuardHelmet,DragonBreak Nexus Patches.esp,CraftingSmithingForge,HlaaluGuardHelmet,ARMO,DLC2ArmorMaterialBonemoldHeavy,,
2,Dwarven,2,Dwarven,keyword IAKMaterialDwarven+WAF_MaterialChitin,,23300:Hothtrooper44_ArmorCompilation.esp,IARBoiledChitinHBoots,DragonBreak Nexus Patches.esp,CraftingSmithingForge,IABoiledChitinHBoots,ARMO,IAKMaterialDwarven+WAF_MaterialChitin,EbonySmithing,GetGlobalValue CCO_CategoryChitin == 1.0; GetGlobalValue IACTBoiledChitin == 1.0; GetGlobalValue IAWTBoiledChitin == 0.0; GetGlobalValue CCO_ArmorBootRecipes == 1.0; GetGlobalValue CCO_ArmorHeavyRecipes == 1.0; GetGlobalValue CCO_MODImmersiveArmors == 1.0
2,Dwarven,2,Dwarven,keyword IAKMaterialDwarven+WAF_MaterialChitin,,23301:Hothtrooper44_ArmorCompilation.esp,IARBoiledChitinHCuirass,DragonBreak Nexus Patches.esp,CraftingSmithingForge,IABoiledChitinHCuirass,ARMO,IAKMaterialDwarven+WAF_MaterialChitin,EbonySmithing,GetGlobalValue CCO_CategoryChitin == 1.0; GetGlobalValue IACTBoiledChitin == 1.0; GetGlobalValue IAWTBoiledChitin == 0.0; GetGlobalValue CCO_ArmorCuirassRecipes == 1.0; GetGlobalValue CCO_ArmorHeavyRecipes == 1.0; GetGlobalValue CCO_MODImmersiveArmors == 1.0
2,Dwarven,2,Dwarven,keyword IAKMaterialDwarven+WAF_MaterialChitin,,23302:Hothtrooper44_ArmorCompilation.esp,IARBoiledChitinHGauntlets,DragonBreak Nexus Patches.esp,CraftingSmithingForge,IABoiledChitinHGauntlets,ARMO,IAKMaterialDwarven+WAF_MaterialChitin,EbonySmithing,GetGlobalValue CCO_CategoryChitin == 1.0; GetGlobalValue IACTBoiledChitin == 1.0; GetGlobalValue IAWTBoiledChitin == 0.0; GetGlobalValue CCO_ArmorGauntletRecipes == 1.0; GetGlobalValue CCO_ArmorHeavyRecipes == 1.0; GetGlobalValue CCO_MODImmersiveArmors == 1.0
2,Dwarven,2,Dwarven,keyword IAKMaterialDwarven+WAF_MaterialChitin,,23303:Hothtrooper44_ArmorCompilation.esp,IARBoiledChitinHHelmet,DragonBreak Nexus Patches.esp,CraftingSmithingForge,IABoiledChitinHHelmet,ARMO,IAKMaterialDwarven+WAF_MaterialChitin,EbonySmithing,GetGlobalValue CCO_CategoryChitin == 1.0; GetGlobalValue IACTBoiledChitin == 1.0; GetGlobalValue IAWTBoiledChitin == 0.0; GetGlobalValue CCO_ArmorHelmetRecipes == 1.0; GetGlobalValue CCO_ArmorHeavyRecipes == 1.0; GetGlobalValue CCO_MODImmersiveArmors == 1.0
2,Dwarven,2,Dwarven,keyword IAKMaterialDwarven+WAF_MaterialChitin,,23304:Hothtrooper44_ArmorCompilation.esp,IARBoiledChitinHShield,DragonBreak Nexus Patches.esp,CraftingSmithingForge,IABoiledChitinHShield,ARMO,IAKMaterialDwarven+WAF_MaterialChitin,EbonySmithing,GetGlobalValue CCO_CategoryChitin == 1.0; GetGlobalValue IACTBoiledChitin == 1.0; GetGlobalValue IAWTBoiledChitin == 0.0; GetGlobalValue CCO_ArmorShieldRecipes == 1.0; GetGlobalValue CCO_ArmorHeavyRecipes == 1.0; GetGlobalValue CCO_MODImmersiveArmors == 1.0
2,Elven,2,Elven,keyword IAKMaterialElven+WAF_MaterialChitin,,84f5c:Hothtrooper44_ArmorCompilation.esp,IARBoiledChitinLBoots,DragonBreak Nexus Patches.esp,CraftingSmithingForge,IABoiledChitinLBoots,ARMO,IAKMaterialElven+WAF_MaterialChitin,EbonySmithing,GetGlobalValue CCO_CategoryChitin == 1.0; GetGlobalValue IACTBoiledChitin == 1.0; GetGlobalValue IAWTBoiledChitin != 0.0; GetGlobalValue CCO_ArmorBootRecipes == 1.0; GetGlobalValue CCO_ArmorLightRecipes == 1.0; GetGlobalValue CCO_MODImmersiveArmors == 1.0
2,Elven,2,Elven,keyword IAKMaterialElven+WAF_MaterialChitin,,84f5d:Hothtrooper44_ArmorCompilation.esp,IARBoiledChitinLCuirass,DragonBreak Nexus Patches.esp,CraftingSmithingForge,IABoiledChitinLCuirass,ARMO,IAKMaterialElven+WAF_MaterialChitin,EbonySmithing,GetGlobalValue CCO_CategoryChitin == 1.0; GetGlobalValue IACTBoiledChitin == 1.0; GetGlobalValue IAWTBoiledChitin != 0.0; GetGlobalValue CCO_ArmorCuirassRecipes == 1.0; GetGlobalValue CCO_ArmorLightRecipes == 1.0; GetGlobalValue CCO_MODImmersiveArmors == 1.0
2,Elven,2,Elven,keyword IAKMaterialElven+WAF_MaterialChitin,,84f5e:Hothtrooper44_ArmorCompilation.esp,IARBoiledChitinLGauntlets,DragonBreak Nexus Patches.esp,CraftingSmithingForge,IABoiledChitinLGauntlets,ARMO,IAKMaterialElven+WAF_MaterialChitin,EbonySmithing,GetGlobalValue CCO_CategoryChitin == 1.0; GetGlobalValue IACTBoiledChitin == 1.0; GetGlobalValue IAWTBoiledChitin != 0.0; GetGlobalValue CCO_ArmorGauntletRecipes == 1.0; GetGlobalValue CCO_ArmorLightRecipes == 1.0; GetGlobalValue CCO_MODImmersiveArmors == 1.0
2,Elven,2,Elven,keyword IAKMaterialElven+WAF_MaterialChitin,,84f5f:Hothtrooper44_ArmorCompilation.esp,IARBoiledChitinLHelmet,DragonBreak Nexus Patches.esp,CraftingSmithingForge,IABoiledChitinLHelmet,ARMO,IAKMaterialElven+WAF_MaterialChitin,EbonySmithing,GetGlobalValue CCO_CategoryChitin == 1.0; GetGlobalValue IACTBoiledChitin == 1.0; GetGlobalValue IAWTBoiledChitin != 0.0; GetGlobalValue CCO_ArmorHelmetRecipes == 1.0; GetGlobalValue CCO_ArmorLightRecipes == 1.0; GetGlobalValue CCO_MODImmersiveArmors == 1.0
2,Elven,2,Elven,keyword IAKMaterialElven+WAF_MaterialChitin,,84f60:Hothtrooper44_ArmorCompilation.esp,IARBoiledChitinLShield,DragonBreak Nexus Patches.esp,CraftingSmithingForge,IABoiledChitinLShield,ARMO,IAKMaterialElven+WAF_MaterialChitin,EbonySmithing,GetGlobalValue CCO_CategoryChitin == 1.0; GetGlobalValue IACTBoiledChitin == 1.0; GetGlobalValue IAWTBoiledChitin != 0.0; GetGlobalValue CCO_ArmorShieldRecipes == 1.0; GetGlobalValue CCO_ArmorLightRecipes == 1.0; GetGlobalValue CCO_MODImmersiveArmors == 1.0
2,Elven,2,Elven,keyword IAKMaterialElven,,238fd:Hothtrooper44_ArmorCompilation.esp,IARBosmerBoots,DragonBreak Nexus Patches.esp,CraftingSmithingForge,IABosmerBoots,ARMO,IAKMaterialElven,OrcishSmithing,GetGlobalValue CCO_CategoryElven == 1.0; GetGlobalValue IACTBosmer == 1.0; GetGlobalValue IAWTBosmer != 0.0; GetGlobalValue CCO_ArmorBootRecipes == 1.0; GetGlobalValue CCO_ArmorLightRecipes == 1.0; GetGlobalValue CCO_MODImmersiveArmors == 1.0
2,Elven,2,Elven,keyword IAKMaterialElven,,23908:Hothtrooper44_ArmorCompilation.esp,IARBosmerGauntlets,DragonBreak Nexus Patches.esp,CraftingSmithingForge,IABosmerBracers,ARMO,IAKMaterialElven,OrcishSmithing,GetGlobalValue CCO_CategoryElven == 1.0; GetGlobalValue IACTBosmer == 1.0; GetGlobalValue IAWTBosmer != 0.0; GetGlobalValue CCO_ArmorGauntletRecipes == 1.0; GetGlobalValue CCO_ArmorLightRecipes == 1.0; GetGlobalValue CCO_MODImmersiveArmors == 1.0
2,Elven,2,Elven,keyword IAKMaterialElven,,238ff:Hothtrooper44_ArmorCompilation.esp,IARBosmerCoif,DragonBreak Nexus Patches.esp,CraftingSmithingForge,IABosmerCoif,ARMO,IAKMaterialElven,OrcishSmithing,GetGlobalValue CCO_CategoryElven == 1.0; GetGlobalValue IACTBosmer == 1.0; GetGlobalValue IAWTBosmer != 0.0; GetGlobalValue CCO_ArmorHelmetRecipes == 1.0; GetGlobalValue CCO_ArmorLightRecipes == 1.0; GetGlobalValue CCO_MODImmersiveArmors == 1.0
2,Elven,2,Elven,keyword IAKMaterialElven,,25a35:Hothtrooper44_ArmorCompilation.esp,IARBosmerCoifAssemble,DragonBreak Nexus Patches.esp,CraftingSmithingForge,IABosmerCoif,ARMO,IAKMaterialElven,OrcishSmithing,GetGlobalValue CCO_CategoryElven == 1.0; GetItemCount IABosmerHelmet >= 1.0; GetItemCount IABosmerHood >= 1.0; GetGlobalValue IACTBosmer == 1.0; GetGlobalValue IAWTBosmer != 0.0; GetGlobalValue CCO_ArmorHelmetRecipes == 1.0; GetGlobalValue CCO_ArmorLightRecipes == 1.0; GetGlobalValue CCO_MODImmersiveArmors == 1.0
2,Elven,2,Elven,keyword IAKMaterialElven,,23900:Hothtrooper44_ArmorCompilation.esp,IARBosmerCuirass,DragonBreak Nexus Patches.esp,CraftingSmithingForge,IABosmerCuirass,ARMO,IAKMaterialElven,OrcishSmithing,GetGlobalValue CCO_CategoryElven == 1.0; GetGlobalValue IACTBosmer == 1.0; GetGlobalValue IAWTBosmer != 0.0; GetGlobalValue CCO_ArmorCuirassRecipes == 1.0; GetGlobalValue CCO_ArmorLightRecipes == 1.0; GetGlobalValue CCO_MODImmersiveArmors == 1.0
2,Dwarven,2,Dwarven,keyword IAKMaterialDwarven,,23909:Hothtrooper44_ArmorCompilation.esp,IARBosmerHeavyBoots,DragonBreak Nexus Patches.esp,CraftingSmithingForge,IABosmerHeavyBoots,ARMO,IAKMaterialDwarven,OrcishSmithing,GetGlobalValue CCO_CategoryElven == 1.0; GetGlobalValue IACTBosmer == 1.0; GetGlobalValue IAWTBosmer == 0.0; GetGlobalValue CCO_ArmorBootRecipes == 1.0; GetGlobalValue CCO_ArmorHeavyRecipes == 1.0; GetGlobalValue CCO_MODImmersiveArmors == 1.0
2,Dwarven,2,Dwarven,keyword IAKMaterialDwarven,,2390a:Hothtrooper44_ArmorCompilation.esp,IARBosmerHeavyCoif,DragonBreak Nexus Patches.esp,CraftingSmithingForge,IABosmerHeavyCoif,ARMO,IAKMaterialDwarven,OrcishSmithing,GetGlobalValue CCO_CategoryElven == 1.0; GetGlobalValue IACTBosmer == 1.0; GetGlobalValue IAWTBosmer == 0.0; GetGlobalValue CCO_ArmorHelmetRecipes == 1.0; GetGlobalValue CCO_ArmorHeavyRecipes == 1.0; GetGlobalValue CCO_MODImmersiveArmors == 1.0
2,Dwarven,2,Dwarven,keyword IAKMaterialDwarven,,25a37:Hothtrooper44_ArmorCompilation.esp,IARBosmerHeavyCoifAssemble,DragonBreak Nexus Patches.esp,CraftingSmithingForge,IABosmerHeavyCoif,ARMO,IAKMaterialDwarven,OrcishSmithing,GetGlobalValue CCO_CategoryElven == 1.0; GetItemCount IABosmerHeavyHelmet >= 1.0; GetItemCount IABosmerHood >= 1.0; GetGlobalValue IACTBosmer == 1.0; GetGlobalValue IAWTBosmer == 0.0; GetGlobalValue CCO_ArmorHelmetRecipes == 1.0; GetGlobalValue CCO_ArmorHeavyRecipes == 1.0; GetGlobalValue CCO_MODImmersiveArmors == 1.0
2,Dwarven,2,Dwarven,keyword IAKMaterialDwarven,,2390b:Hothtrooper44_ArmorCompilation.esp,IARBosmerHeavyCuirass,DragonBreak Nexus Patches.esp,CraftingSmithingForge,IABosmerHeavyCuirass,ARMO,IAKMaterialDwarven,OrcishSmithing,GetGlobalValue CCO_CategoryElven == 1.0; GetGlobalValue IACTBosmer == 1.0; GetGlobalValue IAWTBosmer == 0.0; GetGlobalValue CCO_ArmorCuirassRecipes == 1.0; GetGlobalValue CCO_ArmorHeavyRecipes == 1.0; GetGlobalValue CCO_MODImmersiveArmors == 1.0
2,Dwarven,2,Dwarven,keyword IAKMaterialDwarven,,2390c:Hothtrooper44_ArmorCompilation.esp,IARBosmerHeavyGauntlets,DragonBreak Nexus Patches.esp,CraftingSmithingForge,IABosmerHeavyGauntlets,ARMO,IAKMaterialDwarven,OrcishSmithing,GetGlobalValue CCO_CategoryElven == 1.0; GetGlobalValue IACTBosmer == 1.0; GetGlobalValue IAWTBosmer == 0.0; GetGlobalValue CCO_ArmorGauntletRecipes == 1.0; GetGlobalValue CCO_ArmorHeavyRecipes == 1.0; GetGlobalValue CCO_MODImmersiveArmors == 1.0
2,Dwarven,2,Dwarven,keyword IAKMaterialDwarven,,2390d:Hothtrooper44_ArmorCompilation.esp,IARBosmerHeavyHelmet,DragonBreak Nexus Patches.esp,CraftingSmithingForge,IABosmerHeavyHelmet,ARMO,IAKMaterialDwarven,OrcishSmithing,GetGlobalValue CCO_CategoryElven == 1.0; GetGlobalValue IACTBosmer == 1.0; GetGlobalValue IAWTBosmer == 0.0; GetGlobalValue CCO_ArmorHelmetRecipes == 1.0; GetGlobalValue CCO_ArmorHeavyRecipes == 1.0; GetGlobalValue CCO_MODImmersiveArmors == 1.0
2,Elven,2,Elven,keyword IAKMaterialElven,,2390e:Hothtrooper44_ArmorCompilation.esp,IARBosmerHelmet,DragonBreak Nexus Patches.esp,CraftingSmithingForge,IABosmerHelmet,ARMO,IAKMaterialElven,OrcishSmithing,GetGlobalValue CCO_CategoryElven == 1.0; GetGlobalValue IACTBosmer == 1.0; GetGlobalValue IAWTBosmer != 0.0; GetGlobalValue CCO_ArmorHelmetRecipes == 1.0; GetGlobalValue CCO_ArmorLightRecipes == 1.0; GetGlobalValue CCO_MODImmersiveArmors == 1.0
2,Elven,2,Elven,keyword IAKMaterialElven,,2390f:Hothtrooper44_ArmorCompilation.esp,IARBosmerHood,DragonBreak Nexus Patches.esp,CraftingSmithingForge,IABosmerHood,ARMO,IAKMaterialElven,OrcishSmithing,GetGlobalValue CCO_CategoryElven == 1.0; GetGlobalValue IACTBosmer == 1.0; GetGlobalValue IAWTBosmer != 0.0; GetGlobalValue CCO_ArmorHelmetRecipes == 1.0; GetGlobalValue CCO_ArmorLightRecipes == 1.0; GetGlobalValue CCO_MODImmersiveArmors == 1.0
2,Dwarven,2,Dwarven,keyword IAKMaterialDwarven,,2327e:Hothtrooper44_ArmorCompilation.esp,IARBrigandDwemerScrap,DragonBreak Nexus Patches.esp,CraftingSmithingForge,IABrigandDwemerScrap,ARMO,IAKMaterialDwarven,EbonySmithing,GetGlobalValue CCO_CategoryDwarven == 1.0; GetGlobalValue IACTBrigand == 1.0; GetGlobalValue CCO_ArmorCuirassRecipes == 1.0; GetGlobalValue CCO_ArmorHeavyRecipes == 1.0; GetGlobalValue CCO_MODImmersiveArmors == 1.0
2,Dwarven,2,Dwarven,keyword IAKMaterialDwarven,,21472:Hothtrooper44_ArmorCompilation.esp,IARBucklerDwarven,DragonBreak Nexus Patches.esp,CraftingSmithingForge,IABucklerDwarven,ARMO,IAKMaterialDwarven,EbonySmithing,GetGlobalValue CCO_CategoryDwarven == 1.0; GetGlobalValue IACTBucklers == 1.0; GetGlobalValue CCO_ArmorShieldRecipes == 1.0; GetGlobalValue CCO_ArmorLightRecipes == 1.0; GetGlobalValue CCO_MODImmersiveArmors == 1.0
1,,2,Steel,"faction gear: the faction role is the gate, any Blacksmith tier, no manual (Nate, 7 Oct)",,21476:Hothtrooper44_ArmorCompilation.esp,IARBucklerImperial,DragonBreak Nexus Patches.esp,CraftingSmithingForge,IABucklerImperial,ARMO,IAKMaterialSteel,EbonySmithing,GetGlobalValue CCO_CategoryFactionImperial == 1.0; GetGlobalValue IACTBucklers == 1.0; GetGlobalValue IACTFactionShields == 1.0; GetGlobalValue CCO_ArmorShieldRecipes == 1.0; GetGlobalValue CCO_ArmorLightRecipes == 1.0; GetGlobalValue CCO_MODImmersiveArmors == 1.0
2,Steel,2,Steel,keyword IAKMaterialSteel,,2147a:Hothtrooper44_ArmorCompilation.esp,IARBucklerSteel,DragonBreak Nexus Patches.esp,CraftingSmithingForge,IABucklerSteel,ARMO,IAKMaterialSteel,AdvancedArmors,GetGlobalValue CCO_CategorySteel == 1.0; GetGlobalValue IACTBucklers == 1.0; GetGlobalValue CCO_ArmorShieldRecipes == 1.0; GetGlobalValue CCO_ArmorLightRecipes == 1.0; GetGlobalValue CCO_MODImmersiveArmors == 1.0
2,Dwarven,2,Dwarven,keyword IAKMaterialDwarven,,5a2a:Hothtrooper44_ArmorCompilation.esp,IARDwarvenMageHeavyBoots,DragonBreak Nexus Patches.esp,CraftingSmithingForge,IADwarvenMageHBoots,ARMO,IAKMaterialDwarven,EbonySmithing,GetGlobalValue CCO_CategoryArcane == 1.0; GetGlobalValue CCO_CategoryDwarven == 1.0; GetGlobalValue IACTDwarvenMageRobe == 1.0; GetGlobalValue IAWTDwarvenMageRobe == 0.0; GetGlobalValue CCO_ArmorBootRecipes == 1.0; GetGlobalValue CCO_ArmorHeavyRecipes == 1.0; GetGlobalValue CCO_MODImmersiveArmors == 1.0
2,Dwarven,2,Dwarven,keyword IAKMaterialDwarven,,5a2c:Hothtrooper44_ArmorCompilation.esp,IARDwarvenMageHeavyGauntlets,DragonBreak Nexus Patches.esp,CraftingSmithingForge,IADwarvenMageHGauntlets,ARMO,IAKMaterialDwarven,EbonySmithing,GetGlobalValue CCO_CategoryArcane == 1.0; GetGlobalValue CCO_CategoryDwarven == 1.0; GetGlobalValue IACTDwarvenMageRobe == 1.0; GetGlobalValue IAWTDwarvenMageRobe == 0.0; GetGlobalValue CCO_ArmorGauntletRecipes == 1.0; GetGlobalValue CCO_ArmorHeavyRecipes == 1.0; GetGlobalValue CCO_MODImmersiveArmors == 1.0
2,Dwarven,2,Dwarven,keyword IAKMaterialDwarven,,5a2d:Hothtrooper44_ArmorCompilation.esp,IARDwarvenMageHeavyHood,DragonBreak Nexus Patches.esp,CraftingSmithingForge,IADwarvenMageHHood,ARMO,IAKMaterialDwarven,EbonySmithing,GetGlobalValue CCO_CategoryArcane == 1.0; GetGlobalValue CCO_CategoryDwarven == 1.0; GetGlobalValue IACTDwarvenMageRobe == 1.0; GetGlobalValue IAWTDwarvenMageRobe == 0.0; GetGlobalValue CCO_ArmorHelmetRecipes == 1.0; GetGlobalValue CCO_ArmorHeavyRecipes == 1.0; GetGlobalValue CCO_MODImmersiveArmors == 1.0
2,Dwarven,2,Dwarven,keyword IAKMaterialDwarven,,5a2b:Hothtrooper44_ArmorCompilation.esp,IARDwarvenMageHeavyRobe,DragonBreak Nexus Patches.esp,CraftingSmithingForge,IADwarvenMageHRobe,ARMO,IAKMaterialDwarven,EbonySmithing,GetGlobalValue CCO_CategoryArcane == 1.0; GetGlobalValue CCO_CategoryDwarven == 1.0; GetGlobalValue IACTDwarvenMageRobe == 1.0; GetGlobalValue IAWTDwarvenMageRobe == 0.0; GetGlobalValue CCO_ArmorCuirassRecipes == 1.0; GetGlobalValue CCO_ArmorHeavyRecipes == 1.0; GetGlobalValue CCO_MODImmersiveArmors == 1.0
2,Elven,2,Elven,keyword IAKMaterialElven,,2329d:Hothtrooper44_ArmorCompilation.esp,IARDwarvenMageLightBoots,DragonBreak Nexus Patches.esp,CraftingSmithingForge,IADwarvenMageLBoots,ARMO,IAKMaterialElven,EbonySmithing,GetGlobalValue CCO_CategoryArcane == 1.0; GetGlobalValue CCO_CategoryDwarven == 1.0; GetGlobalValue IACTDwarvenMageRobe == 1.0; GetGlobalValue IAWTDwarvenMageRobe == 1.0; GetGlobalValue CCO_ArmorBootRecipes == 1.0; GetGlobalValue CCO_ArmorLightRecipes == 1.0; GetGlobalValue CCO_MODImmersiveArmors == 1.0
2,Elven,2,Elven,keyword IAKMaterialElven,,2329e:Hothtrooper44_ArmorCompilation.esp,IARDwarvenMageLightGauntlets,DragonBreak Nexus Patches.esp,CraftingSmithingForge,IADwarvenMageLGauntlets,ARMO,IAKMaterialElven,EbonySmithing,GetGlobalValue CCO_CategoryArcane == 1.0; GetGlobalValue CCO_CategoryDwarven == 1.0; GetGlobalValue IACTDwarvenMageRobe == 1.0; GetGlobalValue IAWTDwarvenMageRobe == 1.0; GetGlobalValue CCO_ArmorGauntletRecipes == 1.0; GetGlobalValue CCO_ArmorLightRecipes == 1.0; GetGlobalValue CCO_MODImmersiveArmors == 1.0
2,Elven,2,Elven,keyword IAKMaterialElven,,2329f:Hothtrooper44_ArmorCompilation.esp,IARDwarvenMageLightHood,DragonBreak Nexus Patches.esp,CraftingSmithingForge,IADwarvenMageLHood,ARMO,IAKMaterialElven,EbonySmithing,GetGlobalValue CCO_CategoryArcane == 1.0; GetGlobalValue CCO_CategoryDwarven == 1.0; GetGlobalValue IACTDwarvenMageRobe == 1.0; GetGlobalValue IAWTDwarvenMageRobe == 1.0; GetGlobalValue CCO_ArmorHelmetRecipes == 1.0; GetGlobalValue CCO_ArmorLightRecipes == 1.0; GetGlobalValue CCO_MODImmersiveArmors == 1.0
2,Elven,2,Elven,keyword IAKMaterialElven,,232a0:Hothtrooper44_ArmorCompilation.esp,IARDwarvenMageLightRobe,DragonBreak Nexus Patches.esp,CraftingSmithingForge,IADwarvenMageLRobe,ARMO,IAKMaterialElven,EbonySmithing,GetGlobalValue CCO_CategoryArcane == 1.0; GetGlobalValue CCO_CategoryDwarven == 1.0; GetGlobalValue IACTDwarvenMageRobe == 1.0; GetGlobalValue IAWTDwarvenMageRobe == 1.0; GetGlobalValue CCO_ArmorCuirassRecipes == 1.0; GetGlobalValue CCO_ArmorLightRecipes == 1.0; GetGlobalValue CCO_MODImmersiveArmors == 1.0
2,Elven,2,Elven,perk ElvenSmithing,,372fe:Hothtrooper44_ArmorCompilation.esp,IAREbonyMageUnarmoredBoots,DragonBreak Nexus Patches.esp,CraftingSmithingForge,IAEbonyMageUnarmoredBoots,ARMO,,ElvenSmithing,GetGlobalValue CCO_CategoryArcane == 1.0; GetGlobalValue CCO_CategoryEbony == 1.0; GetGlobalValue IACTEbonyMageRobe == 1.0; GetGlobalValue IAWTEbonyMageRobe == 2.0; GetGlobalValue CCO_ClothingBootRecipes == 1.0; GetGlobalValue CCO_ArmorClothingRecipes == 1.0; GetGlobalValue CCO_MODImmersiveArmors == 1.0
2,Elven,2,Elven,perk ElvenSmithing,,372ff:Hothtrooper44_ArmorCompilation.esp,IAREbonyMageUnarmoredGloves,DragonBreak Nexus Patches.esp,CraftingSmithingForge,IAEbonyMageUnarmoredGloves,ARMO,,ElvenSmithing,GetGlobalValue CCO_CategoryArcane == 1.0; GetGlobalValue CCO_CategoryEbony == 1.0; GetGlobalValue IACTEbonyMageRobe == 1.0; GetGlobalValue IAWTEbonyMageRobe == 2.0; GetGlobalValue CCO_ClothingGlovesRecipes == 1.0; GetGlobalValue CCO_ArmorClothingRecipes == 1.0; GetGlobalValue CCO_MODImmersiveArmors == 1.0
2,Elven,2,Elven,perk ElvenSmithing,,37300:Hothtrooper44_ArmorCompilation.esp,IAREbonyMageUnarmoredHood,DragonBreak Nexus Patches.esp,CraftingSmithingForge,IAEbonyMageUnarmoredHood,ARMO,,ElvenSmithing,GetGlobalValue CCO_CategoryArcane == 1.0; GetGlobalValue CCO_CategoryEbony == 1.0; GetGlobalValue IACTEbonyMageRobe == 1.0; GetGlobalValue IAWTEbonyMageRobe == 2.0; GetGlobalValue CCO_ClothingHoodRecipes == 1.0; GetGlobalValue CCO_ArmorClothingRecipes == 1.0; GetGlobalValue CCO_MODImmersiveArmors == 1.0
2,Elven,2,Elven,perk ElvenSmithing,,37301:Hothtrooper44_ArmorCompilation.esp,IAREbonyMageUnarmoredRobe,DragonBreak Nexus Patches.esp,CraftingSmithingForge,IAEbonyMageUnarmoredRobe,ARMO,,ElvenSmithing,GetGlobalValue CCO_CategoryArcane == 1.0; GetGlobalValue CCO_CategoryEbony == 1.0; GetGlobalValue IACTEbonyMageRobe == 1.0; GetGlobalValue IAWTEbonyMageRobe == 2.0; GetGlobalValue CCO_ClothingRobeRecipes == 1.0; GetGlobalValue CCO_ArmorClothingRecipes == 1.0; GetGlobalValue CCO_MODImmersiveArmors == 1.0
2,Steel,2,Steel,keyword IAKMaterialSteel,,3ecc:Hothtrooper44_ArmorCompilation.esp,IARNordMailHeavyBoots,DragonBreak Nexus Patches.esp,CraftingSmithingForge,IANordMailHeavyBoots,ARMO,IAKMaterialSteel,AdvancedArmors,GetGlobalValue IACTNordMailHauberk == 1.0; GetGlobalValue CCO_ArmorBootRecipes == 1.0; GetGlobalValue CCO_ArmorHeavyRecipes == 1.0; GetGlobalValue CCO_MODImmersiveArmors == 1.0; GetGlobalValue CCO_CategoryNordic == 1.0
2,Steel,2,Steel,keyword IAKMaterialSteel,,3ece:Hothtrooper44_ArmorCompilation.esp,IARNordMailHeavyBracers,DragonBreak Nexus Patches.esp,CraftingSmithingForge,IANordMailHeavyBracers,ARMO,IAKMaterialSteel,AdvancedArmors,GetGlobalValue IACTNordMailHauberk == 1.0; GetGlobalValue CCO_ArmorGauntletRecipes == 1.0; GetGlobalValue CCO_ArmorHeavyRecipes == 1.0; GetGlobalValue CCO_MODImmersiveArmors == 1.0; GetGlobalValue CCO_CategoryNordic == 1.0
2,Steel,2,Steel,keyword IAKMaterialSteel,,3ecd:Hothtrooper44_ArmorCompilation.esp,IARNordMailHeavyHauberk,DragonBreak Nexus Patches.esp,CraftingSmithingForge,IANordMailHeavyHauberk,ARMO,IAKMaterialSteel,AdvancedArmors,GetGlobalValue IACTNordMailHauberk == 1.0; GetGlobalValue CCO_ArmorCuirassRecipes == 1.0; GetGlobalValue CCO_ArmorHeavyRecipes == 1.0; GetGlobalValue CCO_MODImmersiveArmors == 1.0; GetGlobalValue CCO_CategoryNordic == 1.0
2,Steel,2,Steel,keyword IAKMaterialSteel,,3ecf:Hothtrooper44_ArmorCompilation.esp,IARNordMailHeavyHelmet,DragonBreak Nexus Patches.esp,CraftingSmithingForge,IANordMailHeavyHelmet,ARMO,IAKMaterialSteel,AdvancedArmors,GetGlobalValue IACTNordMailHauberk == 1.0; GetGlobalValue IAVTNordMailHauberk == 0.0; GetGlobalValue CCO_ArmorHelmetRecipes == 1.0; GetGlobalValue CCO_ArmorHeavyRecipes == 1.0; GetGlobalValue CCO_MODImmersiveArmors == 1.0; GetGlobalValue CCO_CategoryNordic == 1.0
2,Steel,2,Steel,keyword IAKMaterialSteel,,3ed1:Hothtrooper44_ArmorCompilation.esp,IARNordMailHeavySpectacleHelmet,DragonBreak Nexus Patches.esp,CraftingSmithingForge,IANordMailHeavySpectacleHelmet,ARMO,IAKMaterialSteel,AdvancedArmors,GetGlobalValue IACTNordMailHauberk == 1.0; GetGlobalValue IAVTNordMailHauberk != 0.0; GetGlobalValue CCO_ArmorHelmetRecipes == 1.0; GetGlobalValue CCO_ArmorHeavyRecipes == 1.0; GetGlobalValue CCO_MODImmersiveArmors == 1.0; GetGlobalValue CCO_CategoryNordic == 1.0
2,Chainmail,2,Chainmail,keyword IAKMaterialSteelChain,,3ed2:Hothtrooper44_ArmorCompilation.esp,IARNordMailLightBoots,DragonBreak Nexus Patches.esp,CraftingSmithingForge,IANordMailLightBoots,ARMO,IAKMaterialSteelChain,AdvancedArmors,GetGlobalValue IACTNordMailShirt == 1.0; GetGlobalValue CCO_ArmorBootRecipes == 1.0; GetGlobalValue CCO_ArmorLightRecipes == 1.0; GetGlobalValue CCO_MODImmersiveArmors == 1.0; GetGlobalValue CCO_CategoryNordic == 1.0
2,Chainmail,2,Chainmail,keyword IAKMaterialSteelChain,,3ed4:Hothtrooper44_ArmorCompilation.esp,IARNordMailLightBracers,DragonBreak Nexus Patches.esp,CraftingSmithingForge,IANordMailLightBracers,ARMO,IAKMaterialSteelChain,AdvancedArmors,GetGlobalValue IACTNordMailShirt == 1.0; GetGlobalValue CCO_ArmorGauntletRecipes == 1.0; GetGlobalValue CCO_ArmorLightRecipes == 1.0; GetGlobalValue CCO_MODImmersiveArmors == 1.0; GetGlobalValue CCO_CategoryNordic == 1.0
2,Chainmail,2,Chainmail,keyword IAKMaterialSteelChain,,3ed5:Hothtrooper44_ArmorCompilation.esp,IARNordMailLightHelmet,DragonBreak Nexus Patches.esp,CraftingSmithingForge,IANordMailLightHelmet,ARMO,IAKMaterialSteelChain,AdvancedArmors,GetGlobalValue IACTNordMailShirt == 1.0; GetGlobalValue IAVTNordMailShirt == 0.0; GetGlobalValue CCO_ArmorHelmetRecipes == 1.0; GetGlobalValue CCO_ArmorLightRecipes == 1.0; GetGlobalValue CCO_MODImmersiveArmors == 1.0; GetGlobalValue CCO_CategoryNordic == 1.0
2,Chainmail,2,Chainmail,keyword IAKMaterialSteelChain,,3ed3:Hothtrooper44_ArmorCompilation.esp,IARNordMailLightShirt,DragonBreak Nexus Patches.esp,CraftingSmithingForge,IANordMailLightShirt,ARMO,IAKMaterialSteelChain,AdvancedArmors,GetGlobalValue IACTNordMailShirt == 1.0; GetGlobalValue CCO_ArmorCuirassRecipes == 1.0; GetGlobalValue CCO_ArmorLightRecipes == 1.0; GetGlobalValue CCO_MODImmersiveArmors == 1.0; GetGlobalValue CCO_CategoryNordic == 1.0
2,Chainmail,2,Chainmail,keyword IAKMaterialSteelChain,,3ed7:Hothtrooper44_ArmorCompilation.esp,IARNordMailLightSpectacleHelmet,DragonBreak Nexus Patches.esp,CraftingSmithingForge,IANordMailLightSpectacleHelmet,ARMO,IAKMaterialSteelChain,AdvancedArmors,GetGlobalValue IACTNordMailShirt == 1.0; GetGlobalValue IAVTNordMailShirt != 0.0; GetGlobalValue CCO_ArmorHelmetRecipes == 1.0; GetGlobalValue CCO_ArmorLightRecipes == 1.0; GetGlobalValue CCO_MODImmersiveArmors == 1.0; GetGlobalValue CCO_CategoryNordic == 1.0
2,Chainmail,2,Chainmail,keyword IAKMaterialSteelChain,,5a49:Hothtrooper44_ArmorCompilation.esp,IARPrimitiveNordLightBoots,DragonBreak Nexus Patches.esp,CraftingSmithingForge,IAPrimitiveNordLightBoots,ARMO,IAKMaterialSteelChain,OrcishSmithing,GetGlobalValue IACTPrimitiveNord == 1.0; GetGlobalValue IAWTPrimitiveNord != 0.0; GetGlobalValue CCO_ArmorBootRecipes == 1.0; GetGlobalValue CCO_ArmorLightRecipes == 1.0; GetGlobalValue CCO_MODImmersiveArmors == 1.0; GetGlobalValue CCO_CategoryNordicAncient == 1.0
2,Chainmail,2,Chainmail,keyword IAKMaterialSteelChain,,5a4a:Hothtrooper44_ArmorCompilation.esp,IARPrimitiveNordLightCuirass,DragonBreak Nexus Patches.esp,CraftingSmithingForge,IAPrimitiveNordLightCuirass,ARMO,IAKMaterialSteelChain,OrcishSmithing,GetGlobalValue IACTPrimitiveNord == 1.0; GetGlobalValue IAWTPrimitiveNord != 0.0; GetGlobalValue CCO_ArmorCuirassRecipes == 1.0; GetGlobalValue CCO_ArmorLightRecipes == 1.0; GetGlobalValue CCO_MODImmersiveArmors == 1.0; GetGlobalValue CCO_CategoryNordicAncient == 1.0
2,Chainmail,2,Chainmail,keyword IAKMaterialSteelChain,,5a4b:Hothtrooper44_ArmorCompilation.esp,IARPrimitiveNordLightGauntlets,DragonBreak Nexus Patches.esp,CraftingSmithingForge,IAPrimitiveNordLightGauntlets,ARMO,IAKMaterialSteelChain,OrcishSmithing,GetGlobalValue IACTPrimitiveNord == 1.0; GetGlobalValue IAWTPrimitiveNord != 0.0; GetGlobalValue CCO_ArmorGauntletRecipes == 1.0; GetGlobalValue CCO_ArmorLightRecipes == 1.0; GetGlobalValue CCO_MODImmersiveArmors == 1.0; GetGlobalValue CCO_CategoryNordicAncient == 1.0
2,Chainmail,2,Chainmail,keyword IAKMaterialSteelChain,,5a4c:Hothtrooper44_ArmorCompilation.esp,IARPrimitiveNordLightHelmet,DragonBreak Nexus Patches.esp,CraftingSmithingForge,IAPrimitiveNordLightHelmet,ARMO,IAKMaterialSteelChain,OrcishSmithing,GetGlobalValue IACTPrimitiveNord == 1.0; GetGlobalValue IAWTPrimitiveNord != 0.0; GetGlobalValue CCO_ArmorHelmetRecipes == 1.0; GetGlobalValue CCO_ArmorLightRecipes == 1.0; GetGlobalValue CCO_MODImmersiveArmors == 1.0; GetGlobalValue CCO_CategoryNordicAncient == 1.0
2,Dwarven,2,Dwarven,keyword IAKMaterialDwarven,,da5:Hothtrooper44_ArmorCompilation.esp,IARRedguardKnightHeavyBoots,DragonBreak Nexus Patches.esp,CraftingSmithingForge,IARedguardKnightHeavyBoots,ARMO,IAKMaterialDwarven,AdvancedArmors,GetGlobalValue IACTRedguardKnight == 1.0; GetGlobalValue IAWTRedguardKnight == 0.0; GetGlobalValue CCO_ArmorBootRecipes == 1.0; GetGlobalValue CCO_ArmorHeavyRecipes == 1.0; GetGlobalValue CCO_MODImmersiveArmors == 1.0; GetGlobalValue CCO_CategoryExoticRedguard == 1.0
2,Dwarven,2,Dwarven,keyword IAKMaterialDwarven,,da7:Hothtrooper44_ArmorCompilation.esp,IARRedguardKnightHeavyCoif,DragonBreak Nexus Patches.esp,CraftingSmithingForge,IARedguardKnightHeavyCoif,ARMO,IAKMaterialDwarven,AdvancedArmors,GetGlobalValue IACTRedguardKnight == 1.0; GetGlobalValue IAWTRedguardKnight == 0.0; GetGlobalValue CCO_ArmorHelmetRecipes == 1.0; GetGlobalValue CCO_ArmorHeavyRecipes == 1.0; GetGlobalValue CCO_MODImmersiveArmors == 1.0; GetGlobalValue CCO_CategoryExoticRedguard == 1.0
2,Dwarven,2,Dwarven,keyword IAKMaterialDwarven,,dad:Hothtrooper44_ArmorCompilation.esp,IARRedguardKnightHeavyCuirass,DragonBreak Nexus Patches.esp,CraftingSmithingForge,IARedguardKnightHeavyCuirass,ARMO,IAKMaterialDwarven,AdvancedArmors,GetGlobalValue IACTRedguardKnight == 1.0; GetGlobalValue IAWTRedguardKnight == 0.0; GetGlobalValue CCO_ArmorCuirassRecipes == 1.0; GetGlobalValue CCO_ArmorHeavyRecipes == 1.0; GetGlobalValue CCO_MODImmersiveArmors == 1.0; GetGlobalValue CCO_CategoryExoticRedguard == 1.0
2,Dwarven,2,Dwarven,keyword IAKMaterialDwarven,,da9:Hothtrooper44_ArmorCompilation.esp,IARRedguardKnightHeavyGauntlets,DragonBreak Nexus Patches.esp,CraftingSmithingForge,IARedguardKnightHeavyGauntlets,ARMO,IAKMaterialDwarven,AdvancedArmors,GetGlobalValue IACTRedguardKnight == 1.0; GetGlobalValue IAWTRedguardKnight == 0.0; GetGlobalValue CCO_ArmorGauntletRecipes == 1.0; GetGlobalValue CCO_ArmorHeavyRecipes == 1.0; GetGlobalValue CCO_MODImmersiveArmors == 1.0; GetGlobalValue CCO_CategoryExoticRedguard == 1.0
2,Elven,2,Elven,keyword IAKMaterialElven,,da6:Hothtrooper44_ArmorCompilation.esp,IARRedguardKnightLightBoots,DragonBreak Nexus Patches.esp,CraftingSmithingForge,IARedguardKnightLightBoots,ARMO,IAKMaterialElven,AdvancedArmors,GetGlobalValue IACTRedguardKnight == 1.0; GetGlobalValue IAWTRedguardKnight != 0.0; GetGlobalValue CCO_ArmorBootRecipes == 1.0; GetGlobalValue CCO_ArmorLightRecipes == 1.0; GetGlobalValue CCO_MODImmersiveArmors == 1.0; GetGlobalValue CCO_CategoryExoticRedguard == 1.0
2,Elven,2,Elven,keyword IAKMaterialElven,,da8:Hothtrooper44_ArmorCompilation.esp,IARRedguardKnightLightCoif,DragonBreak Nexus Patches.esp,CraftingSmithingForge,IARedguardKnightLightCoif,ARMO,IAKMaterialElven,AdvancedArmors,GetGlobalValue IACTRedguardKnight == 1.0; GetGlobalValue IAWTRedguardKnight != 0.0; GetGlobalValue CCO_ArmorHelmetRecipes == 1.0; GetGlobalValue CCO_ArmorLightRecipes == 1.0; GetGlobalValue CCO_MODImmersiveArmors == 1.0; GetGlobalValue CCO_CategoryExoticRedguard == 1.0
2,Elven,2,Elven,keyword IAKMaterialElven,,dae:Hothtrooper44_ArmorCompilation.esp,IARRedguardKnightLightCuirass,DragonBreak Nexus Patches.esp,CraftingSmithingForge,IARedguardKnightLightCuirass,ARMO,IAKMaterialElven,AdvancedArmors,GetGlobalValue IACTRedguardKnight == 1.0; GetGlobalValue IAWTRedguardKnight != 0.0; GetGlobalValue CCO_ArmorCuirassRecipes == 1.0; GetGlobalValue CCO_ArmorLightRecipes == 1.0; GetGlobalValue CCO_MODImmersiveArmors == 1.0; GetGlobalValue CCO_CategoryExoticRedguard == 1.0
2,Elven,2,Elven,keyword IAKMaterialElven,,daa:Hothtrooper44_ArmorCompilation.esp,IARRedguardKnightLightGauntlets,DragonBreak Nexus Patches.esp,CraftingSmithingForge,IARedguardKnightLightGauntlets,ARMO,IAKMaterialElven,AdvancedArmors,GetGlobalValue IACTRedguardKnight == 1.0; GetGlobalValue IAWTRedguardKnight != 0.0; GetGlobalValue CCO_ArmorGauntletRecipes == 1.0; GetGlobalValue CCO_ArmorLightRecipes == 1.0; GetGlobalValue CCO_MODImmersiveArmors == 1.0; GetGlobalValue CCO_CategoryExoticRedguard == 1.0
2,Chainmail,2,Chainmail,keyword IAKMaterialSteelChain,,23319:Hothtrooper44_ArmorCompilation.esp,IARRingmailBoots,DragonBreak Nexus Patches.esp,CraftingSmithingForge,IARingmailBoots,ARMO,IAKMaterialSteelChain,AdvancedArmors,GetGlobalValue CCO_CategorySteel == 1.0; GetGlobalValue IACTRingmail == 1.0; GetGlobalValue CCO_ArmorBootRecipes == 1.0; GetGlobalValue CCO_ArmorLightRecipes == 1.0; GetGlobalValue CCO_MODImmersiveArmors == 1.0
2,Chainmail,2,Chainmail,keyword IAKMaterialSteelChain,,2331b:Hothtrooper44_ArmorCompilation.esp,IARRingmailGauntlets,DragonBreak Nexus Patches.esp,CraftingSmithingForge,IARingmailBracers,ARMO,IAKMaterialSteelChain,AdvancedArmors,GetGlobalValue CCO_CategorySteel == 1.0; GetGlobalValue IACTRingmail == 1.0; GetGlobalValue CCO_ArmorGauntletRecipes == 1.0; GetGlobalValue CCO_ArmorLightRecipes == 1.0; GetGlobalValue CCO_MODImmersiveArmors == 1.0
2,Chainmail,2,Chainmail,keyword IAKMaterialSteelChain,,2331a:Hothtrooper44_ArmorCompilation.esp,IARRingmailCuirass,DragonBreak Nexus Patches.esp,CraftingSmithingForge,IARingmailCuirass,ARMO,IAKMaterialSteelChain,AdvancedArmors,GetGlobalValue CCO_CategorySteel == 1.0; GetGlobalValue IACTRingmail == 1.0; GetGlobalValue CCO_ArmorCuirassRecipes == 1.0; GetGlobalValue CCO_ArmorLightRecipes == 1.0; GetGlobalValue CCO_MODImmersiveArmors == 1.0
2,Chainmail,2,Chainmail,keyword IAKMaterialSteelChain,,2331c:Hothtrooper44_ArmorCompilation.esp,IARRingmailHood,DragonBreak Nexus Patches.esp,CraftingSmithingForge,IARingmailHood,ARMO,IAKMaterialSteelChain,AdvancedArmors,GetGlobalValue CCO_CategorySteel == 1.0; GetGlobalValue IACTRingmail == 1.0; GetGlobalValue CCO_ArmorHelmetRecipes == 1.0; GetGlobalValue CCO_ArmorLightRecipes == 1.0; GetGlobalValue CCO_MODImmersiveArmors == 1.0
2,Elven,2,Elven,perk ElvenSmithing,,21f96:Hothtrooper44_ArmorCompilation.esp,IARRitualBoethiahMask,DragonBreak Nexus Patches.esp,CraftingSmithingForge,IARitualBoethiahMask,ARMO,,ElvenSmithing,GetGlobalValue IAGNoQuestCrafting == 1.0; GetGlobalValue IAGCraftingRitualBoethiah == 1.0; GetGlobalValue IACTRitualBoethiah == 1.0; GetGlobalValue CCO_MiscCircletRecipes == 1.0; GetGlobalValue CCO_ArmorClothingRecipes == 1.0; GetGlobalValue CCO_MODImmersiveArmors == 1.0; GetGlobalValue CCO_CategoryDaedric == 1.0
2,Steel,2,Steel,keyword IAKMaterialSteel,,5f8f2:Hothtrooper44_ArmorCompilation.esp,IARShieldKiteSplintLightBasic,DragonBreak Nexus Patches.esp,CraftingSmithingForge,IAShieldKiteSplintLightBasic,ARMO,IAKMaterialSteel,SteelSmithing,GetGlobalValue IACTShieldKiteSplintLight == 1.0; GetGlobalValue CCO_ArmorShieldRecipes == 1.0; GetGlobalValue CCO_ArmorLightRecipes == 1.0; GetGlobalValue CCO_MODImmersiveArmors == 1.0; GetGlobalValue CCO_CategoryNordic == 1.0
2,Steel,2,Steel,keyword IAKMaterialSteel,,5f8f5:Hothtrooper44_ArmorCompilation.esp,IARShieldOvalSplintLightBasic,DragonBreak Nexus Patches.esp,CraftingSmithingForge,IAShieldOvalSplintLightBasic,ARMO,IAKMaterialSteel,SteelSmithing,GetGlobalValue IACTShieldOvalSplintLight == 1.0; GetGlobalValue CCO_ArmorShieldRecipes == 1.0; GetGlobalValue CCO_ArmorLightRecipes == 1.0; GetGlobalValue CCO_MODImmersiveArmors == 1.0; GetGlobalValue CCO_CategoryNordic == 1.0
2,Steel,2,Steel,keyword IAKMaterialSteel,,5f8f4:Hothtrooper44_ArmorCompilation.esp,IARShieldRoundSplintLightBasic,DragonBreak Nexus Patches.esp,CraftingSmithingForge,IAShieldRoundSplintLightBasic,ARMO,IAKMaterialSteel,SteelSmithing,GetGlobalValue IACTShieldRoundSplintLight == 1.0; GetGlobalValue CCO_ArmorShieldRecipes == 1.0; GetGlobalValue CCO_ArmorLightRecipes == 1.0; GetGlobalValue CCO_MODImmersiveArmors == 1.0; GetGlobalValue CCO_CategoryNordic == 1.0
2,Elven,2,Elven,perk ElvenSmithing,,231c6:Hothtrooper44_ArmorCompilation.esp,IARTribunalUnarmoredBootsBlack,DragonBreak Nexus Patches.esp,CraftingSmithingForge,IATribunalUnarmoredBootsBlack,ARMO,,ElvenSmithing,GetGlobalValue IACTTribunalRobe == 1.0; GetGlobalValue IAVTTribunalColor < 1.0; GetGlobalValue IAWTTribunalRobe > 1.0; GetGlobalValue CCO_ClothingBootRecipes == 1.0; GetGlobalValue CCO_ArmorClothingRecipes == 1.0; GetGlobalValue CCO_MODImmersiveArmors == 1.0; GetGlobalValue CCO_CategoryArcane == 1.0
2,Elven,2,Elven,perk ElvenSmithing,,231c7:Hothtrooper44_ArmorCompilation.esp,IARTribunalUnarmoredBootsBlue,DragonBreak Nexus Patches.esp,CraftingSmithingForge,IATribunalUnarmoredBootsBlue,ARMO,,ElvenSmithing,GetGlobalValue IACTTribunalRobe == 1.0; GetGlobalValue IAVTTribunalColor == 1.0; GetGlobalValue IAWTTribunalRobe > 1.0; GetGlobalValue CCO_ClothingBootRecipes == 1.0; GetGlobalValue CCO_ArmorClothingRecipes == 1.0; GetGlobalValue CCO_MODImmersiveArmors == 1.0; GetGlobalValue CCO_CategoryArcane == 1.0
2,Elven,2,Elven,perk ElvenSmithing,,231c8:Hothtrooper44_ArmorCompilation.esp,IARTribunalUnarmoredBootsGreen,DragonBreak Nexus Patches.esp,CraftingSmithingForge,IATribunalUnarmoredBootsGreen,ARMO,,ElvenSmithing,GetGlobalValue IACTTribunalRobe == 1.0; GetGlobalValue IAVTTribunalColor == 2.0; GetGlobalValue IAWTTribunalRobe > 1.0; GetGlobalValue CCO_ClothingBootRecipes == 1.0; GetGlobalValue CCO_ArmorClothingRecipes == 1.0; GetGlobalValue CCO_MODImmersiveArmors == 1.0; GetGlobalValue CCO_CategoryArcane == 1.0
2,Elven,2,Elven,perk ElvenSmithing,,231c9:Hothtrooper44_ArmorCompilation.esp,IARTribunalUnarmoredBootsRed,DragonBreak Nexus Patches.esp,CraftingSmithingForge,IATribunalUnarmoredBootsRed,ARMO,,ElvenSmithing,GetGlobalValue IACTTribunalRobe == 1.0; GetGlobalValue IAVTTribunalColor == 3.0; GetGlobalValue IAWTTribunalRobe > 1.0; GetGlobalValue CCO_ClothingBootRecipes == 1.0; GetGlobalValue CCO_ArmorClothingRecipes == 1.0; GetGlobalValue CCO_MODImmersiveArmors == 1.0; GetGlobalValue CCO_CategoryArcane == 1.0
2,Elven,2,Elven,perk ElvenSmithing,,231ca:Hothtrooper44_ArmorCompilation.esp,IARTribunalUnarmoredBootsWhite,DragonBreak Nexus Patches.esp,CraftingSmithingForge,IATribunalUnarmoredBootsWhite,ARMO,,ElvenSmithing,GetGlobalValue IACTTribunalRobe == 1.0; GetGlobalValue IAVTTribunalColor > 3.0; GetGlobalValue IAWTTribunalRobe > 1.0; GetGlobalValue CCO_ClothingBootRecipes == 1.0; GetGlobalValue CCO_ArmorClothingRecipes == 1.0; GetGlobalValue CCO_MODImmersiveArmors == 1.0; GetGlobalValue CCO_CategoryArcane == 1.0
2,Elven,2,Elven,perk ElvenSmithing,,231cb:Hothtrooper44_ArmorCompilation.esp,IARTribunalUnarmoredGlovesBlack,DragonBreak Nexus Patches.esp,CraftingSmithingForge,IATribunalUnarmoredGlovesBlack,ARMO,,ElvenSmithing,GetGlobalValue IACTTribunalRobe == 1.0; GetGlobalValue IAVTTribunalColor < 1.0; GetGlobalValue IAWTTribunalRobe > 1.0; GetGlobalValue CCO_ClothingGlovesRecipes == 1.0; GetGlobalValue CCO_ArmorClothingRecipes == 1.0; GetGlobalValue CCO_MODImmersiveArmors == 1.0; GetGlobalValue CCO_CategoryArcane == 1.0
2,Elven,2,Elven,perk ElvenSmithing,,231cc:Hothtrooper44_ArmorCompilation.esp,IARTribunalUnarmoredGlovesBlue,DragonBreak Nexus Patches.esp,CraftingSmithingForge,IATribunalUnarmoredGlovesBlue,ARMO,,ElvenSmithing,GetGlobalValue IACTTribunalRobe == 1.0; GetGlobalValue IAVTTribunalColor == 1.0; GetGlobalValue IAWTTribunalRobe > 1.0; GetGlobalValue CCO_ClothingGlovesRecipes == 1.0; GetGlobalValue CCO_ArmorClothingRecipes == 1.0; GetGlobalValue CCO_MODImmersiveArmors == 1.0; GetGlobalValue CCO_CategoryArcane == 1.0
2,Elven,2,Elven,perk ElvenSmithing,,231cd:Hothtrooper44_ArmorCompilation.esp,IARTribunalUnarmoredGlovesGreen,DragonBreak Nexus Patches.esp,CraftingSmithingForge,IATribunalUnarmoredGlovesGreen,ARMO,,ElvenSmithing,GetGlobalValue IACTTribunalRobe == 1.0; GetGlobalValue IAVTTribunalColor == 2.0; GetGlobalValue IAWTTribunalRobe > 1.0; GetGlobalValue CCO_ClothingGlovesRecipes == 1.0; GetGlobalValue CCO_ArmorClothingRecipes == 1.0; GetGlobalValue CCO_MODImmersiveArmors == 1.0; GetGlobalValue CCO_CategoryArcane == 1.0
2,Elven,2,Elven,perk ElvenSmithing,,231ce:Hothtrooper44_ArmorCompilation.esp,IARTribunalUnarmoredGlovesRed,DragonBreak Nexus Patches.esp,CraftingSmithingForge,IATribunalUnarmoredGlovesRed,ARMO,,ElvenSmithing,GetGlobalValue IACTTribunalRobe == 1.0; GetGlobalValue IAVTTribunalColor == 3.0; GetGlobalValue IAWTTribunalRobe > 1.0; GetGlobalValue CCO_ClothingGlovesRecipes == 1.0; GetGlobalValue CCO_ArmorClothingRecipes == 1.0; GetGlobalValue CCO_MODImmersiveArmors == 1.0; GetGlobalValue CCO_CategoryArcane == 1.0
2,Elven,2,Elven,perk ElvenSmithing,,231cf:Hothtrooper44_ArmorCompilation.esp,IARTribunalUnarmoredGlovesWhite,DragonBreak Nexus Patches.esp,CraftingSmithingForge,IATribunalUnarmoredGlovesWhite,ARMO,,ElvenSmithing,GetGlobalValue IACTTribunalRobe == 1.0; GetGlobalValue IAVTTribunalColor > 3.0; GetGlobalValue IAWTTribunalRobe > 1.0; GetGlobalValue CCO_ClothingGlovesRecipes == 1.0; GetGlobalValue CCO_ArmorClothingRecipes == 1.0; GetGlobalValue CCO_MODImmersiveArmors == 1.0; GetGlobalValue CCO_CategoryArcane == 1.0
2,Elven,2,Elven,perk ElvenSmithing,,231d0:Hothtrooper44_ArmorCompilation.esp,IARTribunalUnarmoredHoodBlack,DragonBreak Nexus Patches.esp,CraftingSmithingForge,IATribunalUnarmoredHoodBlack,ARMO,,ElvenSmithing,GetGlobalValue IACTTribunalRobe == 1.0; GetGlobalValue IAVTTribunalColor < 1.0; GetGlobalValue IAWTTribunalRobe > 1.0; GetGlobalValue CCO_ClothingHoodRecipes == 1.0; GetGlobalValue CCO_ArmorClothingRecipes == 1.0; GetGlobalValue CCO_MODImmersiveArmors == 1.0; GetGlobalValue CCO_CategoryArcane == 1.0
2,Elven,2,Elven,perk ElvenSmithing,,231d1:Hothtrooper44_ArmorCompilation.esp,IARTribunalUnarmoredHoodBlue,DragonBreak Nexus Patches.esp,CraftingSmithingForge,IATribunalUnarmoredHoodBlue,ARMO,,ElvenSmithing,GetGlobalValue IACTTribunalRobe == 1.0; GetGlobalValue IAVTTribunalColor == 1.0; GetGlobalValue IAWTTribunalRobe > 1.0; GetGlobalValue CCO_ClothingHoodRecipes == 1.0; GetGlobalValue CCO_ArmorClothingRecipes == 1.0; GetGlobalValue CCO_MODImmersiveArmors == 1.0; GetGlobalValue CCO_CategoryArcane == 1.0
2,Elven,2,Elven,perk ElvenSmithing,,231d2:Hothtrooper44_ArmorCompilation.esp,IARTribunalUnarmoredHoodGreen,DragonBreak Nexus Patches.esp,CraftingSmithingForge,IATribunalUnarmoredHoodGreen,ARMO,,ElvenSmithing,GetGlobalValue IACTTribunalRobe == 1.0; GetGlobalValue IAVTTribunalColor == 2.0; GetGlobalValue IAWTTribunalRobe > 1.0; GetGlobalValue CCO_ClothingHoodRecipes == 1.0; GetGlobalValue CCO_ArmorClothingRecipes == 1.0; GetGlobalValue CCO_MODImmersiveArmors == 1.0; GetGlobalValue CCO_CategoryArcane == 1.0
2,Elven,2,Elven,perk ElvenSmithing,,231d3:Hothtrooper44_ArmorCompilation.esp,IARTribunalUnarmoredHoodRed,DragonBreak Nexus Patches.esp,CraftingSmithingForge,IATribunalUnarmoredHoodRed,ARMO,,ElvenSmithing,GetGlobalValue IACTTribunalRobe == 1.0; GetGlobalValue IAVTTribunalColor == 3.0; GetGlobalValue IAWTTribunalRobe > 1.0; GetGlobalValue CCO_ClothingHoodRecipes == 1.0; GetGlobalValue CCO_ArmorClothingRecipes == 1.0; GetGlobalValue CCO_MODImmersiveArmors == 1.0; GetGlobalValue CCO_CategoryArcane == 1.0
2,Elven,2,Elven,perk ElvenSmithing,,231d4:Hothtrooper44_ArmorCompilation.esp,IARTribunalUnarmoredHoodWhite,DragonBreak Nexus Patches.esp,CraftingSmithingForge,IATribunalUnarmoredHoodWhite,ARMO,,ElvenSmithing,GetGlobalValue IACTTribunalRobe == 1.0; GetGlobalValue IAVTTribunalColor > 3.0; GetGlobalValue IAWTTribunalRobe > 1.0; GetGlobalValue CCO_ClothingHoodRecipes == 1.0; GetGlobalValue CCO_ArmorClothingRecipes == 1.0; GetGlobalValue CCO_MODImmersiveArmors == 1.0; GetGlobalValue CCO_CategoryArcane == 1.0
2,Elven,2,Elven,perk ElvenSmithing,,231d5:Hothtrooper44_ArmorCompilation.esp,IARTribunalUnarmoredRobeBlack,DragonBreak Nexus Patches.esp,CraftingSmithingForge,IATribunalUnarmoredRobeBlack,ARMO,,ElvenSmithing,GetGlobalValue IACTTribunalRobe == 1.0; GetGlobalValue IAVTTribunalColor < 1.0; GetGlobalValue IAWTTribunalRobe > 1.0; GetGlobalValue CCO_ClothingRobeRecipes == 1.0; GetGlobalValue CCO_ArmorClothingRecipes == 1.0; GetGlobalValue CCO_MODImmersiveArmors == 1.0; GetGlobalValue CCO_CategoryArcane == 1.0
2,Elven,2,Elven,perk ElvenSmithing,,231d6:Hothtrooper44_ArmorCompilation.esp,IARTribunalUnarmoredRobeBlue,DragonBreak Nexus Patches.esp,CraftingSmithingForge,IATribunalUnarmoredRobeBlue,ARMO,,ElvenSmithing,GetGlobalValue IACTTribunalRobe == 1.0; GetGlobalValue IAVTTribunalColor == 1.0; GetGlobalValue IAWTTribunalRobe > 1.0; GetGlobalValue CCO_ClothingRobeRecipes == 1.0; GetGlobalValue CCO_ArmorClothingRecipes == 1.0; GetGlobalValue CCO_MODImmersiveArmors == 1.0; GetGlobalValue CCO_CategoryArcane == 1.0
2,Elven,2,Elven,perk ElvenSmithing,,231d7:Hothtrooper44_ArmorCompilation.esp,IARTribunalUnarmoredRobeGreen,DragonBreak Nexus Patches.esp,CraftingSmithingForge,IATribunalUnarmoredRobeGreen,ARMO,,ElvenSmithing,GetGlobalValue IACTTribunalRobe == 1.0; GetGlobalValue IAVTTribunalColor == 2.0; GetGlobalValue IAWTTribunalRobe > 1.0; GetGlobalValue CCO_ClothingRobeRecipes == 1.0; GetGlobalValue CCO_ArmorClothingRecipes == 1.0; GetGlobalValue CCO_MODImmersiveArmors == 1.0; GetGlobalValue CCO_CategoryArcane == 1.0
2,Elven,2,Elven,perk ElvenSmithing,,231d8:Hothtrooper44_ArmorCompilation.esp,IARTribunalUnarmoredRobeRed,DragonBreak Nexus Patches.esp,CraftingSmithingForge,IATribunalUnarmoredRobeRed,ARMO,,ElvenSmithing,GetGlobalValue IACTTribunalRobe == 1.0; GetGlobalValue IAVTTribunalColor == 3.0; GetGlobalValue IAWTTribunalRobe > 1.0; GetGlobalValue CCO_ClothingRobeRecipes == 1.0; GetGlobalValue CCO_ArmorClothingRecipes == 1.0; GetGlobalValue CCO_MODImmersiveArmors == 1.0; GetGlobalValue CCO_CategoryArcane == 1.0
2,Elven,2,Elven,perk ElvenSmithing,,231d9:Hothtrooper44_ArmorCompilation.esp,IARTribunalUnarmoredRobeWhite,DragonBreak Nexus Patches.esp,CraftingSmithingForge,IATribunalUnarmoredRobeWhite,ARMO,,ElvenSmithing,GetGlobalValue IACTTribunalRobe == 1.0; GetGlobalValue IAVTTribunalColor > 3.0; GetGlobalValue IAWTTribunalRobe > 1.0; GetGlobalValue CCO_ClothingRobeRecipes == 1.0; GetGlobalValue CCO_ArmorClothingRecipes == 1.0; GetGlobalValue CCO_MODImmersiveArmors == 1.0; GetGlobalValue CCO_CategoryArcane == 1.0
2,Elven,2,Elven,keyword WeapMaterialElven,,3949:Immersive Weapons.esp,IWRecipeWeaponAldmeriAxestaff,DragonBreak Nexus Patches.esp,CraftingSmithingForge,IWAldmeriAxestaff,WEAP,WeapMaterialElven,EbonySmithing,
2,Steel,2,Steel,keyword WeapMaterialImperial,,d64:Immersive Weapons.esp,IWRecipeWeaponAnXileelWarBow,DragonBreak Nexus Patches.esp,CraftingSmithingForge,IWAnXileelWarBow,WEAP,WeapMaterialImperial,AdvancedArmors+ElvenSmithing,
2,Steel,2,Steel,keyword WeapMaterialSteel,,c74713:Immersive Weapons.esp,IWRecipeWeaponAntiqueSteelSword,DragonBreak Nexus Patches.esp,CraftingSmithingForge,IWAntiqueSteelSword,WEAP,WeapMaterialSteel,AdvancedArmors,
2,AncientNord,2,AncientNord,keyword WeapMaterialDraugr,,90d64:Immersive Weapons.esp,IWRecipeWeaponAriesCeremonialGreatsword,DragonBreak Nexus Patches.esp,CraftingSmithingForge,IWAriesCeremonialGreatsword,WEAP,WeapMaterialDraugr,EbonySmithing,
2,AncientNord,2,AncientNord,keyword WeapMaterialDraugr,,216d0:Immersive Weapons.esp,IWRecipeWeaponArmingSword,DragonBreak Nexus Patches.esp,CraftingSmithingForge,IWArmingSword,WEAP,WeapMaterialDraugr,AdvancedArmors,
2,AncientNord,2,AncientNord,keyword WeapMaterialDraugr,,285b:Immersive Weapons.esp,IWRecipeWeaponArmsmansSword,DragonBreak Nexus Patches.esp,CraftingSmithingForge,IWArmsmansSword,WEAP,WeapMaterialDraugr,AdvancedArmors,
2,Elven,2,Elven,keyword WeapMaterialElven,,216c4:Immersive Weapons.esp,IWRecipeWeaponBlueDragonNinjato,DragonBreak Nexus Patches.esp,CraftingSmithingForge,IWBlueDragonNinjato,WEAP,WeapMaterialElven,EbonySmithing,
2,Steel,2,Steel,keyword WeapMaterialSteel,,216cc:Immersive Weapons.esp,IWRecipeWeaponAfterslashSword,DragonBreak Nexus Patches.esp,CraftingSmithingForge,IWCAfterslashSword,WEAP,WeapMaterialSteel,AdvancedArmors,
2,Steel,2,Steel,keyword WeapMaterialSteel,,216d2:Immersive Weapons.esp,IWRecipeWeaponAssassinSword,DragonBreak Nexus Patches.esp,CraftingSmithingForge,IWCAssassinSword,WEAP,WeapMaterialSteel,OrcishSmithing,
2,AncientNord,2,AncientNord,keyword WeapMaterialDraugr,,12c6:Immersive Weapons.esp,IWRecipeWeaponCaptainsCutlass,DragonBreak Nexus Patches.esp,CraftingSmithingForge,IWCaptainsCutlass,WEAP,WeapMaterialDraugr,OrcishSmithing,
2,AncientNord,2,AncientNord,keyword WeapMaterialDraugr,,3325:Immersive Weapons.esp,IWRecipeWeaponCaptainsSword,DragonBreak Nexus Patches.esp,CraftingSmithingForge,IWCaptainsSword,WEAP,WeapMaterialDraugr,OrcishSmithing,
2,AncientNord,2,AncientNord,keyword WeapMaterialDraugr,,48ba:Immersive Weapons.esp,IWRecipeWeaponCavalryBroadsword,DragonBreak Nexus Patches.esp,CraftingSmithingForge,IWCavalryBroadsword,WEAP,WeapMaterialDraugr,OrcishSmithing,
2,Steel,2,Steel,keyword WeapMaterialImperial,,58d0:Immersive Weapons.esp,IWRecipeWeaponColovianDarkCompositeBow,DragonBreak Nexus Patches.esp,CraftingSmithingForge,IWColovianDarkCompositeBow,WEAP,WeapMaterialImperial,OrcishSmithing,
2,AncientNord,2,AncientNord,keyword WeapMaterialDraugr,,7406:Immersive Weapons.esp,IWRecipeWeaponDukesLongsword,DragonBreak Nexus Patches.esp,CraftingSmithingForge,IWDukesLongsword,WEAP,WeapMaterialDraugr,EbonySmithing,
2,AncientNord,2,AncientNord,keyword WeapMaterialDraugr,,740f:Immersive Weapons.esp,IWRecipeWeaponDukesSword,DragonBreak Nexus Patches.esp,CraftingSmithingForge,IWDukesSword,WEAP,WeapMaterialDraugr,ElvenSmithing,
2,Dwarven,2,Dwarven,keyword WeapMaterialDwarven,,940c:Immersive Weapons.esp,IWRecipeWeaponDwarvenQuarterstaff,DragonBreak Nexus Patches.esp,CraftingSmithingForge,IWDwarvenQuarterstaff,WEAP,WeapMaterialDwarven,EbonySmithing,
2,Dwarven,2,Dwarven,keyword WeapMaterialDwarven,,216be:Immersive Weapons.esp,IWRecipeWeaponEasternDwemerLongsword,DragonBreak Nexus Patches.esp,CraftingSmithingForge,IWEasternDwemerLongsword,WEAP,WeapMaterialDwarven,EbonySmithing,
2,Dwarven,2,Dwarven,keyword WeapMaterialDwarven,,216bd:Immersive Weapons.esp,IWRecipeWeaponEasternDwemerSword,DragonBreak Nexus Patches.esp,CraftingSmithingForge,IWEasternDwemerSword,WEAP,WeapMaterialDwarven,EbonySmithing,
2,Dwarven,2,Dwarven,keyword WeapMaterialDwarven,,216bc:Immersive Weapons.esp,IWRecipeWeaponEasternDwemerWarAxe,DragonBreak Nexus Patches.esp,CraftingSmithingForge,IWEasternDwemerWarAxe,WEAP,WeapMaterialDwarven,EbonySmithing,
2,AncientNord,2,AncientNord,keyword WeapMaterialDraugr,,216e3:Immersive Weapons.esp,IWRecipeWeaponFalkreathBladeSword,DragonBreak Nexus Patches.esp,CraftingSmithingForge,IWFalkreathBladeSword,WEAP,WeapMaterialDraugr,EbonySmithing,
2,Falmer,2,Falmer,keyword WeapMaterialFalmer,,44014:Immersive Weapons.esp,IWRecipeWeaponFalmerDoubleAxe,DragonBreak Nexus Patches.esp,CraftingSmithingForge,IWFalmerDoubleAxe,WEAP,WeapMaterialFalmer,ElvenSmithing+OrcishSmithing,
2,AncientNord,2,AncientNord,keyword WeapMaterialDraugr,,216f2:Immersive Weapons.esp,IWRecipeWeaponGreatRidersBladeGreatsword,DragonBreak Nexus Patches.esp,CraftingSmithingForge,IWGreatRidersBladeGreatsword,WEAP,WeapMaterialDraugr,OrcishSmithing,
2,AncientNord,2,AncientNord,keyword WeapMaterialDraugr,,388c:Immersive Weapons.esp,IWRecipeWeaponGuardiansLongsword,DragonBreak Nexus Patches.esp,CraftingSmithingForge,IWGuardiansLongsword,WEAP,WeapMaterialDraugr,OrcishSmithing,
2,AncientNord,2,AncientNord,keyword WeapMaterialDraugr,,4e22:Immersive Weapons.esp,IWRecipeWeaponGuardiansSword,DragonBreak Nexus Patches.esp,CraftingSmithingForge,IWGuardiansSword,WEAP,WeapMaterialDraugr,AdvancedArmors,
2,Steel,2,Steel,keyword WeapMaterialSteel,,216e1:Immersive Weapons.esp,IWRecipeWeaponHollowBladeSword,DragonBreak Nexus Patches.esp,CraftingSmithingForge,IWHollowBladeSword,WEAP,WeapMaterialSteel,AdvancedArmors,
2,Falmer,2,Falmer,keyword WeapMaterialFalmerHoned,,3abd0:Immersive Weapons.esp,IWRecipeWeaponHonedFalmerDoubleAxe,DragonBreak Nexus Patches.esp,CraftingSmithingForge,IWHonedFalmerDoubleAxe,WEAP,WeapMaterialFalmerHoned,ElvenSmithing+OrcishSmithing,
2,AncientNord,2,AncientNord,keyword WeapMaterialDraugr,,3abcf:Immersive Weapons.esp,IWRecipeWeaponHonedSteelNordicSpear,DragonBreak Nexus Patches.esp,CraftingSmithingForge,IWHonedSteelNordicSpear,WEAP,WeapMaterialDraugr,EbonySmithing+ElvenSmithing,
2,AncientNord,2,AncientNord,keyword WeapMaterialDraugr,,a1113:Immersive Weapons.esp,IWRecipeWeaponMightySteelGreatsword,DragonBreak Nexus Patches.esp,CraftingSmithingForge,IWMightySteelGreatsword,WEAP,WeapMaterialDraugr,AdvancedArmors,
2,AncientNord,2,AncientNord,keyword WeapMaterialDraugr,,96101c:Immersive Weapons.esp,IWRecipeWeaponNobleClaymore,DragonBreak Nexus Patches.esp,CraftingSmithingForge,IWNobleClaymore,WEAP,WeapMaterialDraugr,ElvenSmithing,
2,AncientNord,2,AncientNord,keyword WeapMaterialDraugr,,96101d:Immersive Weapons.esp,IWRecipeWeaponNobleSword,DragonBreak Nexus Patches.esp,CraftingSmithingForge,IWNobleSword,WEAP,WeapMaterialDraugr,ElvenSmithing,
2,AncientNord,2,AncientNord,keyword WeapMaterialDraugr,,394b:Immersive Weapons.esp,IWRecipeWeaponNordHeroAxestaff,DragonBreak Nexus Patches.esp,CraftingSmithingForge,IWNordHeroAxestaff,WEAP,WeapMaterialDraugr,OrcishSmithing,
2,Dwarven,2,Dwarven,keyword WeapMaterialDwarven,,490d76:Immersive Weapons.esp,IWRecipeWeaponNordicDwemerBlade,DragonBreak Nexus Patches.esp,CraftingSmithingForge,IWNordicDwemerBlade,WEAP,WeapMaterialDwarven,EbonySmithing,
2,AncientNord,2,AncientNord,keyword WeapMaterialDraugr,,2ac2:Immersive Weapons.esp,IWRecipeWeaponNordicScrimshawBow,DragonBreak Nexus Patches.esp,CraftingSmithingForge,IWNordicScrimshawBow,WEAP,WeapMaterialDraugr,EbonySmithing+OrcishSmithing,
2,AncientNord,2,AncientNord,keyword WeapMaterialDraugr,,23771:Immersive Weapons.esp,IWRecipeWeaponNordicWarPick,DragonBreak Nexus Patches.esp,CraftingSmithingForge,IWNordicWarPick,WEAP,WeapMaterialDraugr,EbonySmithing,
2,Steel,2,Steel,keyword WeapMaterialImperial,,b473:Immersive Weapons.esp,IWRecipeWeaponOrnateKhajiitBow,DragonBreak Nexus Patches.esp,CraftingSmithingForge,IWOrnateKhajiitBow,WEAP,WeapMaterialImperial,AdvancedArmors+ElvenSmithing,
2,AncientNord,2,AncientNord,keyword WeapMaterialDraugr,,216f0:Immersive Weapons.esp,IWRecipeWeaponRidersBladeSword,DragonBreak Nexus Patches.esp,CraftingSmithingForge,IWRidersBladeSword,WEAP,WeapMaterialDraugr,OrcishSmithing,
2,Elven,2,Elven,keyword WeapMaterialElven,,940d7d:Immersive Weapons.esp,IWRecipeWeaponSeekerKnife,DragonBreak Nexus Patches.esp,CraftingSmithingForge,IWSeekerKnife,WEAP,WeapMaterialElven,OrcishSmithing,
2,AncientNord,2,AncientNord,keyword WeapMaterialDraugr,,272fd:Immersive Weapons.esp,IWRecipeWeaponSithissRazorTanto,DragonBreak Nexus Patches.esp,CraftingSmithingForge,IWSithissRazorTanto,WEAP,WeapMaterialDraugr,EbonySmithing,GetInFaction DarkBrotherhoodFaction != 0.0
2,AncientNord,2,AncientNord,keyword WeapMaterialDraugr,,441015:Immersive Weapons.esp,IWRecipeWeaponSkullDoubleAxe,DragonBreak Nexus Patches.esp,CraftingSmithingForge,IWSkullDoubleAxe,WEAP,WeapMaterialDraugr,ElvenSmithing,
2,AncientNord,2,AncientNord,keyword WeapMaterialDraugr,,48bb:Immersive Weapons.esp,IWRecipeWeaponSoldiersBroadsword,DragonBreak Nexus Patches.esp,CraftingSmithingForge,IWSoldiersBroadsword,WEAP,WeapMaterialDraugr,AdvancedArmors,
2,Steel,2,Steel,keyword WeapMaterialImperial,,2abe:Immersive Weapons.esp,IWRecipeWeaponSpringsteelBow,DragonBreak Nexus Patches.esp,CraftingSmithingForge,IWSpringsteelBow,WEAP,WeapMaterialImperial,OrcishSmithing,
2,Steel,2,Steel,keyword WeapMaterialSteel,,c7470b:Immersive Weapons.esp,IWRecipeWeaponSteelBattleStaff,DragonBreak Nexus Patches.esp,CraftingSmithingForge,IWSteelBattleStaff,WEAP,WeapMaterialSteel,AdvancedArmors,
2,Steel,2,Steel,keyword WeapMaterialSteel,,c74718:Immersive Weapons.esp,IWRecipeWeaponSteelClub,DragonBreak Nexus Patches.esp,CraftingSmithingForge,IWSteelClub,WEAP,WeapMaterialSteel,AdvancedArmors,
2,Steel,2,Steel,keyword WeapMaterialSteel,,c74716:Immersive Weapons.esp,IWRecipeWeaponSteelCutlass,DragonBreak Nexus Patches.esp,CraftingSmithingForge,IWSteelCutlass,WEAP,WeapMaterialSteel,AdvancedArmors,
2,Steel,2,Steel,keyword WeapMaterialSteel,,c74724:Immersive Weapons.esp,IWRecipeWeaponSteelKatana,DragonBreak Nexus Patches.esp,CraftingSmithingForge,IWSteelKatana,WEAP,WeapMaterialSteel,AdvancedArmors,
2,Steel,2,Steel,keyword WeapMaterialSteel,,c74706:Immersive Weapons.esp,IWRecipeWeaponSteelLongsword,DragonBreak Nexus Patches.esp,CraftingSmithingForge,IWSteelLongsword,WEAP,WeapMaterialSteel,AdvancedArmors,
2,Steel,2,Steel,keyword WeapMaterialSteel,,c74723:Immersive Weapons.esp,IWRecipeWeaponSteelNodachi,DragonBreak Nexus Patches.esp,CraftingSmithingForge,IWSteelNodachi,WEAP,WeapMaterialSteel,OrcishSmithing,
2,AncientNord,2,AncientNord,keyword WeapMaterialDraugr,,1828:Immersive Weapons.esp,IWRecipeWeaponSteelNordicSpear,DragonBreak Nexus Patches.esp,CraftingSmithingForge,IWSteelNordicSpear,WEAP,WeapMaterialDraugr,EbonySmithing,
2,Steel,2,Steel,keyword WeapMaterialSteel,,791a:Immersive Weapons.esp,IWRecipeWeaponSteelQuarterstaff,DragonBreak Nexus Patches.esp,CraftingSmithingForge,IWSteelQuarterstaff,WEAP,WeapMaterialSteel,AdvancedArmors,
2,Steel,2,Steel,keyword WeapMaterialSteel,,c7471c:Immersive Weapons.esp,IWRecipeWeaponSteelScimitar,DragonBreak Nexus Patches.esp,CraftingSmithingForge,IWSteelScimitar,WEAP,WeapMaterialSteel,AdvancedArmors,
2,Steel,2,Steel,keyword WeapMaterialSteel,,c74726:Immersive Weapons.esp,IWRecipeWeaponSteelTanto,DragonBreak Nexus Patches.esp,CraftingSmithingForge,IWSteelTanto,WEAP,WeapMaterialSteel,AdvancedArmors,
2,Steel,2,Steel,keyword WeapMaterialSteel,,c74725:Immersive Weapons.esp,IWRecipeWeaponSteelWakizashi,DragonBreak Nexus Patches.esp,CraftingSmithingForge,IWSteelWakizashi,WEAP,WeapMaterialSteel,AdvancedArmors,
2,Steel,2,Steel,keyword WeapMaterialSteel,,216ec:Immersive Weapons.esp,IWRecipeWeaponSteelWarPick,DragonBreak Nexus Patches.esp,CraftingSmithingForge,IWSteelWarPick,WEAP,WeapMaterialSteel,AdvancedArmors,
2,Steel,2,Steel,keyword WeapMaterialSteel,,557d64:Immersive Weapons.esp,IWRecipeWeaponThresherMaulWarhammer,DragonBreak Nexus Patches.esp,CraftingSmithingForge,IWThresherMaulWarhammer,WEAP,WeapMaterialSteel,AdvancedArmors,
2,AncientNord,2,AncientNord,keyword WeapMaterialDraugr,,9d68:Immersive Weapons.esp,IWRecipeWeaponTombstoneCeremonialGreatsword,DragonBreak Nexus Patches.esp,CraftingSmithingForge,IWTombstoneCeremonialGreatsword,WEAP,WeapMaterialDraugr,ElvenSmithing,
2,Dwarven,2,Dwarven,keyword WeapMaterialDwarven,,216fd:Immersive Weapons.esp,IWRecipeWeaponTridentBladeSword,DragonBreak Nexus Patches.esp,CraftingSmithingForge,IWTridentBladeSword,WEAP,WeapMaterialDwarven,OrcishSmithing,
2,Elven,2,Elven,keyword WeapMaterialElven,,2ad2:Immersive Weapons.esp,IWRecipeWeaponValenwoodWarBow,DragonBreak Nexus Patches.esp,CraftingSmithingForge,IWValenwoodWarBow,WEAP,WeapMaterialElven,OrcishSmithing,
2,AncientNord,2,AncientNord,keyword WeapMaterialDraugr,,441012:Immersive Weapons.esp,IWRecipeWeaponVikingDoubleAxe,DragonBreak Nexus Patches.esp,CraftingSmithingForge,IWVikingDoubleAxe,WEAP,WeapMaterialDraugr,ElvenSmithing,
2,Steel,2,Steel,keyword WeapMaterialSteel,,216b9:Immersive Weapons.esp,IWRecipeWeaponWickedDagger,DragonBreak Nexus Patches.esp,CraftingSmithingForge,IWWickedDagger,WEAP,WeapMaterialSteel,OrcishSmithing,
2,Steel,2,Steel,keyword WeapMaterialSteel,,216ba:Immersive Weapons.esp,IWRecipeWeaponWickedScimitar,DragonBreak Nexus Patches.esp,CraftingSmithingForge,IWWickedScimitar,WEAP,WeapMaterialSteel,OrcishSmithing,
2,BoneAndChitin,2,BoneAndChitin,keyword DLC2ArmorMaterialBonemoldHeavy,,839:DragonBreak Nexus Patches.esp,DBOFG_IndorilGuardBoots,DragonBreak Nexus Patches.esp,CraftingSmithingForge,IndorilGuardBoots,ARMO,DLC2ArmorMaterialBonemoldHeavy,,
2,BoneAndChitin,2,BoneAndChitin,keyword DLC2ArmorMaterialBonemoldHeavy,,83a:DragonBreak Nexus Patches.esp,DBOFG_IndorilGuardBracers,DragonBreak Nexus Patches.esp,CraftingSmithingForge,IndorilGuardBracers,ARMO,DLC2ArmorMaterialBonemoldHeavy,,
2,BoneAndChitin,2,BoneAndChitin,keyword DLC2ArmorMaterialBonemoldHeavy,,83c:DragonBreak Nexus Patches.esp,DBOFG_IndorilGuardCuirass,DragonBreak Nexus Patches.esp,CraftingSmithingForge,IndorilGuardCuirass,ARMO,DLC2ArmorMaterialBonemoldHeavy,,
2,BoneAndChitin,2,BoneAndChitin,keyword DLC2ArmorMaterialBonemoldHeavy,,83d:DragonBreak Nexus Patches.esp,DBOFG_IndorilGuardHelm,DragonBreak Nexus Patches.esp,CraftingSmithingForge,IndorilGuardHelm,ARMO,DLC2ArmorMaterialBonemoldHeavy,,
2,BoneAndChitin,2,BoneAndChitin,keyword DLC2ArmorMaterialBonemoldHeavy,,83f:DragonBreak Nexus Patches.esp,DBOFG_IndorilGuardShield,DragonBreak Nexus Patches.esp,CraftingSmithingForge,IndorilGuardShield,ARMO,DLC2ArmorMaterialBonemoldHeavy,,
2,BoneAndChitin,2,BoneAndChitin,keyword DLC2ArmorMaterialBonemoldLight,,88a:Armors of the Velothi.esp,AOTVRecipeArmorIndorilWayfarerBoots,DragonBreak Nexus Patches.esp,CraftingSmithingForge,IndorilWayfarerBoots,ARMO,DLC2ArmorMaterialBonemoldLight,EbonySmithing,
2,BoneAndChitin,2,BoneAndChitin,keyword DLC2ArmorMaterialBonemoldLight,,88b:Armors of the Velothi.esp,AOTVRecipeArmorIndorilWayfarerCuirass,DragonBreak Nexus Patches.esp,CraftingSmithingForge,IndorilWayfarerCuirass,ARMO,DLC2ArmorMaterialBonemoldLight,EbonySmithing,
2,BoneAndChitin,2,BoneAndChitin,keyword DLC2ArmorMaterialBonemoldLight,,80d:Armors of the Velothi.esp,AOTVRecipeArmorIndorilWayfarerCuirass1,DragonBreak Nexus Patches.esp,CraftingSmithingForge,IndorilWayfarerCuirass1,ARMO,DLC2ArmorMaterialBonemoldLight,EbonySmithing,
2,BoneAndChitin,2,BoneAndChitin,keyword DLC2ArmorMaterialBonemoldLight,,88c:Armors of the Velothi.esp,AOTVRecipeArmorIndorilWayfarerGauntlets,DragonBreak Nexus Patches.esp,CraftingSmithingForge,IndorilWayfarerGauntlets,ARMO,DLC2ArmorMaterialBonemoldLight,EbonySmithing,
2,BoneAndChitin,2,BoneAndChitin,keyword DLC2ArmorMaterialBonemoldLight,,88d:Armors of the Velothi.esp,AOTVRecipeArmorIndorilWayfarerHelmet,DragonBreak Nexus Patches.esp,CraftingSmithingForge,IndorilWayfarerHelmet,ARMO,DLC2ArmorMaterialBonemoldLight,EbonySmithing,
2,BoneAndChitin,2,BoneAndChitin,keyword DLC2ArmorMaterialBonemoldLight,,88e:Armors of the Velothi.esp,AOTVRecipeArmorIndorilWayfarerHelmet1,DragonBreak Nexus Patches.esp,CraftingSmithingForge,IndorilWayfarerHelmet1,ARMO,DLC2ArmorMaterialBonemoldLight,EbonySmithing,
2,BoneAndChitin,2,BoneAndChitin,keyword DLC2ArmorMaterialBonemoldHeavy,,840:DragonBreak Nexus Patches.esp,DBOFG_RedoranGuardBoots,DragonBreak Nexus Patches.esp,CraftingSmithingForge,RedoranGuardBoots,ARMO,DLC2ArmorMaterialBonemoldHeavy,,
2,BoneAndChitin,2,BoneAndChitin,keyword DLC2ArmorMaterialBonemoldHeavy,,842:DragonBreak Nexus Patches.esp,DBOFG_RedoranGuardCuirass,DragonBreak Nexus Patches.esp,CraftingSmithingForge,RedoranGuardCuirass,ARMO,DLC2ArmorMaterialBonemoldHeavy,,
2,BoneAndChitin,2,BoneAndChitin,keyword DLC2ArmorMaterialBonemoldHeavy,,843:DragonBreak Nexus Patches.esp,DBOFG_RedoranGuardCuirassCloth,DragonBreak Nexus Patches.esp,CraftingSmithingForge,RedoranGuardCuirassCloth,ARMO,DLC2ArmorMaterialBonemoldHeavy,,
2,BoneAndChitin,2,BoneAndChitin,keyword DLC2ArmorMaterialBonemoldHeavy,,844:DragonBreak Nexus Patches.esp,DBOFG_RedoranGuardGauntlets,DragonBreak Nexus Patches.esp,CraftingSmithingForge,RedoranGuardGauntlets,ARMO,DLC2ArmorMaterialBonemoldHeavy,,
2,BoneAndChitin,2,BoneAndChitin,keyword DLC2ArmorMaterialBonemoldHeavy,,845:DragonBreak Nexus Patches.esp,DBOFG_RedoranGuardHelmet,DragonBreak Nexus Patches.esp,CraftingSmithingForge,RedoranGuardHelmet,ARMO,DLC2ArmorMaterialBonemoldHeavy,,
2,BoneAndChitin,2,BoneAndChitin,keyword DLC2ArmorMaterialBonemoldHeavy,,846:DragonBreak Nexus Patches.esp,DBOFG_RedoranGuardHelmetCloth,DragonBreak Nexus Patches.esp,CraftingSmithingForge,RedoranGuardHelmetCloth,ARMO,DLC2ArmorMaterialBonemoldHeavy,,
2,BoneAndChitin,2,BoneAndChitin,keyword DLC2ArmorMaterialBonemoldHeavy,,847:DragonBreak Nexus Patches.esp,DBOFG_RedoranGuardShield,DragonBreak Nexus Patches.esp,CraftingSmithingForge,RedoranGuardShield,ARMO,DLC2ArmorMaterialBonemoldHeavy,,
2,BoneAndChitin,2,BoneAndChitin,keyword DLC2ArmorMaterialBonemoldHeavy,,848:DragonBreak Nexus Patches.esp,DBOFG_RedoranGuardTempleHelmet,DragonBreak Nexus Patches.esp,CraftingSmithingForge,RedoranGuardTempleHelmet,ARMO,DLC2ArmorMaterialBonemoldHeavy,,
2,BoneAndChitin,2,BoneAndChitin,keyword DLC2ArmorMaterialChitinHeavy,,87d:Armors of the Velothi.esp,AOTVRecipeArmorBeetleBoots,DragonBreak Nexus Patches.esp,CraftingSmithingForge,RhinoBeetleBoots,ARMO,DLC2ArmorMaterialChitinHeavy,EbonySmithing,
2,BoneAndChitin,2,BoneAndChitin,keyword DLC2ArmorMaterialChitinHeavy,,883:Armors of the Velothi.esp,AOTVRecipeArmorBeetleCloak,DragonBreak Nexus Patches.esp,CraftingSmithingForge,RhinoBeetleCloak,ARMO,DLC2ArmorMaterialChitinHeavy,EbonySmithing,
2,BoneAndChitin,2,BoneAndChitin,keyword DLC2ArmorMaterialChitinHeavy,,87e:Armors of the Velothi.esp,AOTVRecipeArmorBeetleCuirass,DragonBreak Nexus Patches.esp,CraftingSmithingForge,RhinoBeetleCuirass,ARMO,DLC2ArmorMaterialChitinHeavy,EbonySmithing,
2,BoneAndChitin,2,BoneAndChitin,keyword DLC2ArmorMaterialChitinHeavy,,882:Armors of the Velothi.esp,AOTVRecipeArmorBeetleCuirass1,DragonBreak Nexus Patches.esp,CraftingSmithingForge,RhinoBeetleCuirass1,ARMO,DLC2ArmorMaterialChitinHeavy,EbonySmithing,
2,BoneAndChitin,2,BoneAndChitin,keyword DLC2ArmorMaterialChitinHeavy,,87f:Armors of the Velothi.esp,AOTVRecipeArmorBeetleGauntlets,DragonBreak Nexus Patches.esp,CraftingSmithingForge,RhinoBeetleGauntlets,ARMO,DLC2ArmorMaterialChitinHeavy,EbonySmithing,
2,BoneAndChitin,2,BoneAndChitin,keyword DLC2ArmorMaterialChitinHeavy,,880:Armors of the Velothi.esp,AOTVRecipeArmorBeetleHelmet,DragonBreak Nexus Patches.esp,CraftingSmithingForge,RhinoBeetleHelmet,ARMO,DLC2ArmorMaterialChitinHeavy,EbonySmithing,
2,BoneAndChitin,2,BoneAndChitin,keyword DLC2ArmorMaterialChitinHeavy,,881:Armors of the Velothi.esp,AOTVRecipeArmorBeetleHelmet1,DragonBreak Nexus Patches.esp,CraftingSmithingForge,RhinoBeetleHelmet,ARMO,DLC2ArmorMaterialChitinHeavy,EbonySmithing,
2,BoneAndChitin,2,BoneAndChitin,keyword DLC2ArmorMaterialChitinLight,,854:DragonBreak Nexus Patches.esp,DBOFG_SadrasGuardBoots,DragonBreak Nexus Patches.esp,CraftingSmithingForge,SadrasGuardBoots,ARMO,DLC2ArmorMaterialChitinLight,,
2,BoneAndChitin,2,BoneAndChitin,keyword DLC2ArmorMaterialChitinLight,,855:DragonBreak Nexus Patches.esp,DBOFG_SadrasGuardCuirass,DragonBreak Nexus Patches.esp,CraftingSmithingForge,SadrasGuardCuirass,ARMO,DLC2ArmorMaterialChitinLight,,
2,BoneAndChitin,2,BoneAndChitin,keyword DLC2ArmorMaterialChitinLight,,856:DragonBreak Nexus Patches.esp,DBOFG_SadrasGuardGloves,DragonBreak Nexus Patches.esp,CraftingSmithingForge,SadrasGuardGloves,ARMO,DLC2ArmorMaterialChitinLight,,
2,BoneAndChitin,2,BoneAndChitin,keyword DLC2ArmorMaterialChitinLight,,857:DragonBreak Nexus Patches.esp,DBOFG_SadrasGuardHelmet,DragonBreak Nexus Patches.esp,CraftingSmithingForge,SadrasGuardHelmet,ARMO,DLC2ArmorMaterialChitinLight,,
2,Elven,2,Elven,keyword ArmorMaterialElven,,814:DragonBreak Nexus Patches.esp,DBOFG_TH_Thalmor1Boots,DragonBreak Nexus Patches.esp,CraftingSmithingForge,TH_Thalmor1Boots,ARMO,ArmorMaterialElven+TH_MaterialAltmer+TH_MaterialThalmor,,
2,Elven,2,Elven,keyword ArmorMaterialElven,,815:DragonBreak Nexus Patches.esp,DBOFG_TH_Thalmor1Cuirass,DragonBreak Nexus Patches.esp,CraftingSmithingForge,TH_Thalmor1Cuirass,ARMO,ArmorMaterialElven+TH_MaterialAltmer+TH_MaterialThalmor,,
2,Elven,2,Elven,keyword ArmorMaterialElven,,817:DragonBreak Nexus Patches.esp,DBOFG_TH_Thalmor1Gauntlets,DragonBreak Nexus Patches.esp,CraftingSmithingForge,TH_Thalmor1Gauntlets,ARMO,ArmorMaterialElven+TH_MaterialAltmer+TH_MaterialThalmor,,
2,Elven,2,Elven,keyword ArmorMaterialElven,,818:DragonBreak Nexus Patches.esp,DBOFG_TH_Thalmor1Helmet,DragonBreak Nexus Patches.esp,CraftingSmithingForge,TH_Thalmor1Helmet,ARMO,ArmorMaterialElven+TH_MaterialAltmer+TH_MaterialThalmor,,
2,Elven,2,Elven,keyword ArmorMaterialElven,,819:DragonBreak Nexus Patches.esp,DBOFG_TH_Thalmor1Shield,DragonBreak Nexus Patches.esp,CraftingSmithingForge,TH_Thalmor1Shield,ARMO,ArmorMaterialElven+TH_MaterialAltmer+TH_MaterialThalmor,,
2,Elven,2,Elven,keyword ArmorMaterialElven,,81a:DragonBreak Nexus Patches.esp,DBOFG_TH_Thalmor2Boots,DragonBreak Nexus Patches.esp,CraftingSmithingForge,TH_Thalmor2Boots,ARMO,ArmorMaterialElven+TH_MaterialAltmer+TH_MaterialThalmor,,
2,Elven,2,Elven,keyword ArmorMaterialElven,,81b:DragonBreak Nexus Patches.esp,DBOFG_TH_Thalmor2Cuirass,DragonBreak Nexus Patches.esp,CraftingSmithingForge,TH_Thalmor2Cuirass,ARMO,ArmorMaterialElven+TH_MaterialAltmer+TH_MaterialThalmor,,
2,Elven,2,Elven,keyword ArmorMaterialElven,,81c:DragonBreak Nexus Patches.esp,DBOFG_TH_Thalmor2Gauntlets,DragonBreak Nexus Patches.esp,CraftingSmithingForge,TH_Thalmor2Gauntlets,ARMO,ArmorMaterialElven+TH_MaterialAltmer+TH_MaterialThalmor,,
2,Elven,2,Elven,keyword ArmorMaterialElven,,81d:DragonBreak Nexus Patches.esp,DBOFG_TH_Thalmor2Helmet,DragonBreak Nexus Patches.esp,CraftingSmithingForge,TH_Thalmor2Helmet,ARMO,ArmorMaterialElven+TH_MaterialAltmer+TH_MaterialThalmor,,
2,Steel,2,Steel,keyword ArmorMaterialSteel,,806:DragonBreak Nexus Patches.esp,DBOFG_TH_WinterholdCuirass,DragonBreak Nexus Patches.esp,CraftingSmithingForge,TH_WinterholdCuirass,ARMO,TH_MaterialGuard+ArmorMaterialSteel,,
2,Steel,2,Steel,keyword ArmorMaterialSteel,,807:DragonBreak Nexus Patches.esp,DBOFG_TH_WinterholdHelmet,DragonBreak Nexus Patches.esp,CraftingSmithingForge,TH_WinterholdHelmet,ARMO,TH_MaterialGuard+ArmorMaterialSteel,,
2,Steel,2,Steel,keyword ArmorMaterialSteel,,808:DragonBreak Nexus Patches.esp,DBOFG_TH_WinterholdShield,DragonBreak Nexus Patches.esp,CraftingSmithingForge,TH_WinterholdShield,ARMO,TH_MaterialGuard+ArmorMaterialSteel,,
2,BoneAndChitin,2,BoneAndChitin,keyword DLC2ArmorMaterialChitinHeavy,,849:DragonBreak Nexus Patches.esp,DBOFG_TelvanniGuardBoots,DragonBreak Nexus Patches.esp,CraftingSmithingForge,TelvanniGuardBoots,ARMO,DLC2ArmorMaterialChitinHeavy,,
2,BoneAndChitin,2,BoneAndChitin,keyword DLC2ArmorMaterialChitinHeavy,,84a:DragonBreak Nexus Patches.esp,DBOFG_TelvanniGuardBracers,DragonBreak Nexus Patches.esp,CraftingSmithingForge,TelvanniGuardBracers,ARMO,DLC2ArmorMaterialChitinHeavy,,
2,BoneAndChitin,2,BoneAndChitin,keyword DLC2ArmorMaterialChitinHeavy,,84c:DragonBreak Nexus Patches.esp,DBOFG_TelvanniGuardCuirass,DragonBreak Nexus Patches.esp,CraftingSmithingForge,TelvanniGuardCuirass,ARMO,DLC2ArmorMaterialChitinHeavy,,
2,BoneAndChitin,2,BoneAndChitin,keyword DLC2ArmorMaterialChitinHeavy,,84d:DragonBreak Nexus Patches.esp,DBOFG_TelvanniGuardHelmFull,DragonBreak Nexus Patches.esp,CraftingSmithingForge,TelvanniGuardHelmFull,ARMO,DLC2ArmorMaterialChitinHeavy,,
2,BoneAndChitin,2,BoneAndChitin,keyword DLC2ArmorMaterialChitinHeavy,,84e:DragonBreak Nexus Patches.esp,DBOFG_TelvanniGuardHelmOpen,DragonBreak Nexus Patches.esp,CraftingSmithingForge,TelvanniGuardHelmOpen,ARMO,DLC2ArmorMaterialChitinHeavy,,
2,Steel,2,Steel,keyword DLC1ArmorMaterialDawnguard,,82a:DragonBreak Nexus Patches.esp,DBOFG_XJKFDDLC1ArmorDawnguardBootsHeavy,DragonBreak Nexus Patches.esp,CraftingSmithingForge,XJKFDDLC1ArmorDawnguardBootsHeavy,ARMO,DLC1ArmorMaterialDawnguard,,
2,Steel,2,Steel,keyword DLC1ArmorMaterialDawnguard,,82b:DragonBreak Nexus Patches.esp,DBOFG_XJKFDDLC1ArmorDawnguardCuirassHeavy1,DragonBreak Nexus Patches.esp,CraftingSmithingForge,XJKFDDLC1ArmorDawnguardCuirassHeavy1,ARMO,DLC1ArmorMaterialDawnguard,,
2,Steel,2,Steel,keyword DLC1ArmorMaterialDawnguard,,82c:DragonBreak Nexus Patches.esp,DBOFG_XJKFDDLC1ArmorDawnguardGauntletsHeavy,DragonBreak Nexus Patches.esp,CraftingSmithingForge,XJKFDDLC1ArmorDawnguardGauntletsHeavy,ARMO,DLC1ArmorMaterialDawnguard,,
2,Steel,2,Steel,keyword DLC1ArmorMaterialDawnguard,,82d:DragonBreak Nexus Patches.esp,DBOFG_XJKFDDLC1ArmorDawnguardHelmetHeavy,DragonBreak Nexus Patches.esp,CraftingSmithingForge,XJKFDDLC1ArmorDawnguardHelmetHeavy,ARMO,DLC1ArmorMaterialDawnguard,,
2,Steel,2,Steel,keyword DLC1ArmorMaterialDawnguard,,82e:DragonBreak Nexus Patches.esp,DBOFG_XJKFDDLC1ArmorDawnguardShield,DragonBreak Nexus Patches.esp,CraftingSmithingForge,XJKFDDLC1ArmorDawnguardShield,ARMO,DLC1ArmorMaterialDawnguard,,
1,,2,Steel,"faction gear: the faction role is the gate, any Blacksmith tier, no manual (Nate, 7 Oct)",,21721:DragonBreak.esp,USKPRecipeWeaponImperialBow,DragonBreak.esp,CraftingSmithingForge,ImperialBow,WEAP,WeapMaterialImperial,SteelSmithing,
1,,2,Steel,"faction gear: the faction role is the gate, any Blacksmith tier, no manual (Nate, 7 Oct)",,272c2:DragonBreak.esp,USKPRecipeWeaponImperialSword,DragonBreak.esp,CraftingSmithingForge,Imperialsword,WEAP,WeapMaterialSteel,SteelSmithing,
2,Elven,2,Elven,perk ElvenSmithing,,23907:Hothtrooper44_ArmorCompilation.esp,IARBosmerEngravedShoulderCape,Hothtrooper44_ArmorCompilation.esp,CraftingSmithingForge,IABosmerEngravedShoulderCape,ARMO,,ElvenSmithing,GetGlobalValue CCO_CategoryElven == 1.0; GetGlobalValue IACTBosmerEngraved == 1.0; GetGlobalValue CCO_ArmorClothingRecipes == 1.0; GetGlobalValue CCO_ClothingCloakRecipes == 1.0; GetGlobalValue CCO_MODImmersiveArmors == 1.0
2,Steel,2,Steel,perk SteelSmithing,,2dd7:Hothtrooper44_ArmorCompilation.esp,IARSeadogCape,Hothtrooper44_ArmorCompilation.esp,CraftingSmithingForge,IASeadogCape,ARMO,,SteelSmithing,GetGlobalValue IACTSeadog == 1.0; GetGlobalValue CCO_ClothingCloakRecipes == 1.0; GetGlobalValue CCO_ArmorClothingRecipes == 1.0; GetGlobalValue CCO_MODImmersiveArmors == 1.0; GetGlobalValue CCO_CategoryExotic == 1.0
2,Steel,2,Steel,keyword IAKMaterialSteel,,5f8ee:Hothtrooper44_ArmorCompilation.esp,IARShieldKiteSplintHeavyBasic,Hothtrooper44_ArmorCompilation.esp,CraftingSmithingForge,IAShieldKiteSplintHeavyBasic,ARMO,IAKMaterialSteel,AdvancedArmors+DwarvenSmithing,GetGlobalValue IACTShieldKiteSplintHeavy == 1.0; GetGlobalValue CCO_ArmorShieldRecipes == 1.0; GetGlobalValue CCO_ArmorHeavyRecipes == 1.0; GetGlobalValue CCO_MODImmersiveArmors == 1.0; GetGlobalValue CCO_CategoryNordic == 1.0
2,Steel,2,Steel,keyword IAKMaterialSteel,,5f8ed:Hothtrooper44_ArmorCompilation.esp,IARShieldOvalSplintHeavyBasic,Hothtrooper44_ArmorCompilation.esp,CraftingSmithingForge,IAShieldOvalSplintHeavyBasic,ARMO,IAKMaterialSteel,AdvancedArmors+DwarvenSmithing,GetGlobalValue IACTShieldOvalSplintHeavy == 1.0; GetGlobalValue CCO_ArmorShieldRecipes == 1.0; GetGlobalValue CCO_ArmorHeavyRecipes == 1.0; GetGlobalValue CCO_MODImmersiveArmors == 1.0; GetGlobalValue CCO_CategoryNordic == 1.0
2,Steel,2,Steel,keyword IAKMaterialSteel,,62ffe:Hothtrooper44_ArmorCompilation.esp,IARShieldPaintBloodedBasic,Hothtrooper44_ArmorCompilation.esp,CraftingSmithingForge,IAShieldPaintBloodedBasic,ARMO,IAKMaterialSteel,SteelSmithing,GetGlobalValue IACTShieldBlooded == 1.0; GetGlobalValue CCO_ArmorShieldRecipes == 1.0; GetGlobalValue CCO_ArmorHeavyRecipes == 1.0; GetGlobalValue CCO_MODImmersiveArmors == 1.0; GetGlobalValue CCO_CategoryNordic == 1.0
2,Steel,2,Steel,keyword IAKMaterialSteel,,5f8ea:Hothtrooper44_ArmorCompilation.esp,IARShieldRoundSplintHeavyBasic,Hothtrooper44_ArmorCompilation.esp,CraftingSmithingForge,IAShieldRoundSplintHeavyBasic,ARMO,IAKMaterialSteel,AdvancedArmors+DwarvenSmithing,GetGlobalValue IACTShieldRoundSplintHeavy == 1.0; GetGlobalValue CCO_ArmorShieldRecipes == 1.0; GetGlobalValue CCO_ArmorHeavyRecipes == 1.0; GetGlobalValue CCO_MODImmersiveArmors == 1.0; GetGlobalValue CCO_CategoryNordic == 1.0
2,Steel,2,Steel,keyword IAKMaterialSteel,,5f8eb:Hothtrooper44_ArmorCompilation.esp,IARShieldTargetHeavyYellowBlackChaos,Hothtrooper44_ArmorCompilation.esp,CraftingSmithingForge,IAShieldTargetHeavyYellowBlackChaos,ARMO,IAKMaterialSteel,SteelSmithing,GetGlobalValue IACTShieldTarget == 1.0; GetGlobalValue IAVCNShieldTargetHeavy < 100.0; GetGlobalValue CCO_ArmorShieldRecipes == 1.0; GetGlobalValue CCO_ArmorHeavyRecipes == 1.0; GetGlobalValue CCO_MODImmersiveArmors == 1.0; GetGlobalValue CCO_CategorySteel == 1.0
2,Steel,2,Steel,keyword IAKMaterialSteel,,5f8ec:Hothtrooper44_ArmorCompilation.esp,IARShieldTargetLightYellowBlackChaos,Hothtrooper44_ArmorCompilation.esp,CraftingSmithingForge,IAShieldTargetLightYellowBlackChaos,ARMO,IAKMaterialSteel,SteelSmithing,GetGlobalValue IACTShieldTarget == 1.0; GetGlobalValue IAVCNShieldTargetLight < 100.0; GetGlobalValue CCO_ArmorShieldRecipes == 1.0; GetGlobalValue CCO_ArmorLightRecipes == 1.0; GetGlobalValue CCO_MODImmersiveArmors == 1.0; GetGlobalValue CCO_CategorySteel == 1.0
2,Elven,2,Elven,keyword WeapMaterialElven,,940d78:Immersive Weapons.esp,IWRecipeWeaponAlikrCrownScimitar,Immersive Weapons.esp,CraftingSmithingForge,IWAlikrCrownScimitar,WEAP,WeapMaterialElven,ElvenSmithing,
2,Elven,2,Elven,keyword WeapMaterialElven,,942331:Immersive Weapons.esp,IWRecipeWeaponAlinorSaber,Immersive Weapons.esp,CraftingSmithingForge,IWAlinorSaber,WEAP,WeapMaterialElven,ElvenSmithing,
1,,2,AncientNord,"faction gear: the faction role is the gate, any Blacksmith tier, no manual (Nate, 7 Oct)",,216c3:Immersive Weapons.esp,IWRecipeWeaponAntiqueSilverSword,Immersive Weapons.esp,CraftingSmithingForge,IWAntiqueSilverSword,WEAP,WeapMaterialDraugr+WeapMaterialSilver,ElvenSmithing,
2,AncientNord,2,AncientNord,keyword WeapMaterialDraugr,,22c9c:Immersive Weapons.esp,IWRecipeWeaponBarbarianBattleaxe,Immersive Weapons.esp,CraftingSmithingForge,IWBarbarianBattleAxe,WEAP,WeapMaterialDraugr,EbonySmithing,
2,Steel,2,Steel,keyword WeapMaterialSteel,,216ee:Immersive Weapons.esp,IWRecipeWeaponPokebladeSword,Immersive Weapons.esp,CraftingSmithingForge,IWCPokebladeSword,WEAP,WeapMaterialSteel,SteelSmithing,
2,AncientNord,2,AncientNord,keyword WeapMaterialDraugr,,216f8:Immersive Weapons.esp,IWRecipeWeaponSpearbladeDagger,Immersive Weapons.esp,CraftingSmithingForge,IWCSpearbladeDagger,WEAP,WeapMaterialDraugr,SteelSmithing,
2,Steel,2,Steel,keyword WeapMaterialImperial,,58d4:Immersive Weapons.esp,IWRecipeWeaponColovianCompositeBow,Immersive Weapons.esp,CraftingSmithingForge,IWColovianCompositeBow,WEAP,WeapMaterialImperial,,
2,Elven,2,Elven,keyword WeapMaterialElven,,441013:Immersive Weapons.esp,IWRecipeWeaponElvenDoubleAxe,Immersive Weapons.esp,CraftingSmithingForge,IWElvenDoubleAxe,WEAP,WeapMaterialElven,ElvenSmithing,
2,Elven,2,Elven,keyword WeapMaterialElven,,9eda:Immersive Weapons.esp,IWRecipeWeaponElvenHawkBow,Immersive Weapons.esp,CraftingSmithingForge,IWElvenHawkBow,WEAP,WeapMaterialElven,ElvenSmithing,
2,Elven,2,Elven,keyword WeapMaterialElven,,9408:Immersive Weapons.esp,IWRecipeWeaponElvenQuarterstaff,Immersive Weapons.esp,CraftingSmithingForge,IWElvenQuarterstaff,WEAP,WeapMaterialElven,ElvenSmithing,
2,Elven,2,Elven,keyword WeapMaterialElven,,216bf:Immersive Weapons.esp,IWRecipeWeaponElvenSteelSword,Immersive Weapons.esp,CraftingSmithingForge,IWElvenSteelSword,WEAP,WeapMaterialElven,ElvenSmithing,
2,Elven,2,Elven,keyword WeapMaterialElven,,216df:Immersive Weapons.esp,IWRecipeWeaponGreybladeGreatsword,Immersive Weapons.esp,CraftingSmithingForge,IWGreybladeGreatsword,WEAP,WeapMaterialElven,ElvenSmithing,
2,AncientNord,2,AncientNord,keyword WeapMaterialDraugr,,21700:Immersive Weapons.esp,IWRecipeWeaponKnightsBroadsword,Immersive Weapons.esp,CraftingSmithingForge,IWKnightsBroadsword,WEAP,WeapMaterialDraugr,ElvenSmithing,
2,AncientNord,2,AncientNord,keyword WeapMaterialDraugr,,21701:Immersive Weapons.esp,IWRecipeWeaponKnightsClaymore,Immersive Weapons.esp,CraftingSmithingForge,IWKnightsClaymore,WEAP,WeapMaterialDraugr,ElvenSmithing,
2,AncientNord,2,AncientNord,keyword WeapMaterialDraugr,,12c8:Immersive Weapons.esp,IWRecipeWeaponRegentsLongsword,Immersive Weapons.esp,CraftingSmithingForge,IWRegentsLongsword,WEAP,WeapMaterialDraugr,EbonySmithing,
2,Elven,2,Elven,keyword WeapMaterialElven,,940d7c:Immersive Weapons.esp,IWRecipeWeaponSeekerChangdao,Immersive Weapons.esp,CraftingSmithingForge,IWSeekerChangdao,WEAP,WeapMaterialElven,ElvenSmithing,
2,Elven,2,Elven,keyword WeapMaterialElven,,9412f4:Immersive Weapons.esp,IWRecipeWeaponSeekerSaber,Immersive Weapons.esp,CraftingSmithingForge,IWSeekerSaber,WEAP,WeapMaterialElven,ElvenSmithing,
1,,2,AncientNord,"faction gear: the faction role is the gate, any Blacksmith tier, no manual (Nate, 7 Oct)",,c74735:Immersive Weapons.esp,IWRecipeWeaponSilverBattleStaff,Immersive Weapons.esp,CraftingSmithingForge,IWSilverBattleStaff,WEAP,WeapMaterialDraugr+WeapMaterialSilver,ElvenSmithing,
1,,2,AncientNord,"faction gear: the faction role is the gate, any Blacksmith tier, no manual (Nate, 7 Oct)",,c74737:Immersive Weapons.esp,IWRecipeWeaponSilverBattleaxe,Immersive Weapons.esp,CraftingSmithingForge,IWSilverBattleaxe,WEAP,WeapMaterialDraugr+WeapMaterialSilver,ElvenSmithing,
1,,2,AncientNord,"faction gear: the faction role is the gate, any Blacksmith tier, no manual (Nate, 7 Oct)",,c7473a:Immersive Weapons.esp,IWRecipeWeaponSilverKatana,Immersive Weapons.esp,CraftingSmithingForge,IWSilverKatana,WEAP,WeapMaterialDraugr+WeapMaterialSilver,ElvenSmithing,
1,,2,AncientNord,"faction gear: the faction role is the gate, any Blacksmith tier, no manual (Nate, 7 Oct)",,c74734:Immersive Weapons.esp,IWRecipeWeaponSilverLongsword,Immersive Weapons.esp,CraftingSmithingForge,IWSilverLongsword,WEAP,WeapMaterialDraugr+WeapMaterialSilver,ElvenSmithing,
1,,2,AncientNord,"faction gear: the faction role is the gate, any Blacksmith tier, no manual (Nate, 7 Oct)",,c74739:Immersive Weapons.esp,IWRecipeWeaponSilverNodachi,Immersive Weapons.esp,CraftingSmithingForge,IWSilverNodachi,WEAP,WeapMaterialDraugr+WeapMaterialSilver,ElvenSmithing,
1,,2,AncientNord,"faction gear: the faction role is the gate, any Blacksmith tier, no manual (Nate, 7 Oct)",,c74738:Immersive Weapons.esp,IWRecipeWeaponSilverScimitar,Immersive Weapons.esp,CraftingSmithingForge,IWSilverScimitar,WEAP,WeapMaterialDraugr+WeapMaterialSilver,ElvenSmithing,
1,,2,AncientNord,"faction gear: the faction role is the gate, any Blacksmith tier, no manual (Nate, 7 Oct)",,c7473c:Immersive Weapons.esp,IWRecipeWeaponSilverTanto,Immersive Weapons.esp,CraftingSmithingForge,IWSilverTanto,WEAP,WeapMaterialDraugr+WeapMaterialSilver,ElvenSmithing,
1,,2,AncientNord,"faction gear: the faction role is the gate, any Blacksmith tier, no manual (Nate, 7 Oct)",,c7473b:Immersive Weapons.esp,IWRecipeWeaponSilverWakizashi,Immersive Weapons.esp,CraftingSmithingForge,IWSilverWakizashi,WEAP,WeapMaterialDraugr+WeapMaterialSilver,ElvenSmithing,
1,,2,AncientNord,"faction gear: the faction role is the gate, any Blacksmith tier, no manual (Nate, 7 Oct)",,c74736:Immersive Weapons.esp,IWRecipeWeaponSilverWarAxe,Immersive Weapons.esp,CraftingSmithingForge,IWSilverWarAxe,WEAP,WeapMaterialDraugr+WeapMaterialSilver,ElvenSmithing,
2,AncientNord,2,AncientNord,keyword WeapMaterialDraugr,,216b8:Immersive Weapons.esp,IWRecipeWeaponWraithScythe,Immersive Weapons.esp,CraftingSmithingForge,IWWraithScythe,WEAP,WeapMaterialDraugr,EbonySmithing+GlassSmithing,
2,BoneAndChitin,2,BoneAndChitin,keyword DLC2ArmorMaterialBonemoldHeavy,,28ddb1:Journey to Baan Malur.esp,ArmunanBonemoldCuirassRecipe,Journey to Baan Malur.esp,CraftingSmithingForge,ArmunanBonemoldCuirass,ARMO,DLC2ArmorMaterialBonemoldHeavy,SteelSmithing,
2,BoneAndChitin,2,BoneAndChitin,keyword DLC2ArmorMaterialBonemoldHeavy,,28ddb5:Journey to Baan Malur.esp,ArmunanBonemoldShieldRecipe,Journey to Baan Malur.esp,CraftingSmithingForge,ArmunanBonemoldShield,ARMO,DLC2ArmorMaterialBonemoldHeavy,SteelSmithing,
2,BoneAndChitin,2,BoneAndChitin,keyword DLC2ArmorMaterialBonemoldHeavy,,28ddb2:Journey to Baan Malur.esp,ChuzeiBonemoldCuirassRecipe,Journey to Baan Malur.esp,CraftingSmithingForge,ChuzeiBonemoldCuirass,ARMO,DLC2ArmorMaterialBonemoldHeavy,SteelSmithing,
2,BoneAndChitin,2,BoneAndChitin,keyword DLC2ArmorMaterialBonemoldHeavy,,28ddb6:Journey to Baan Malur.esp,ChuzeiBonemoldShieldRecipe,Journey to Baan Malur.esp,CraftingSmithingForge,ChuzeiBonemoldShield,ARMO,DLC2ArmorMaterialBonemoldHeavy,SteelSmithing,
2,BoneAndChitin,2,BoneAndChitin,keyword DLC2ArmorMaterialBonemoldHeavy,,28ddb4:Journey to Baan Malur.esp,GahJulanBonemoldCuirassRecipe,Journey to Baan Malur.esp,CraftingSmithingForge,GahJulanBonemoldCuirass,ARMO,DLC2ArmorMaterialBonemoldHeavy,SteelSmithing,
2,BoneAndChitin,2,BoneAndChitin,keyword DLC2ArmorMaterialBonemoldHeavy,,28ddb3:Journey to Baan Malur.esp,KahMogoBonemoldCuirassRecipe,Journey to Baan Malur.esp,CraftingSmithingForge,KahMogoBonemoldCuirass,ARMO,DLC2ArmorMaterialBonemoldHeavy,SteelSmithing,
2,BoneAndChitin,2,BoneAndChitin,keyword DLC2ArmorMaterialBonemoldHeavy,,28ddb7:Journey to Baan Malur.esp,KahMogoBonemoldShieldRecipe,Journey to Baan Malur.esp,CraftingSmithingForge,KahMogoBonemoldShield,ARMO,DLC2ArmorMaterialBonemoldHeavy,SteelSmithing,
2,BoneAndChitin,2,BoneAndChitin,keyword DLC2ArmorMaterialBonemoldHeavy,,28ddad:Journey to Baan Malur.esp,RogueBonemoldBootsRecipe,Journey to Baan Malur.esp,CraftingSmithingForge,RogueBonemoldBoots,ARMO,DLC2ArmorMaterialBonemoldHeavy,,
2,BoneAndChitin,2,BoneAndChitin,keyword DLC2ArmorMaterialBonemoldHeavy,,28ddae:Journey to Baan Malur.esp,RogueBonemoldBracersRecipe,Journey to Baan Malur.esp,CraftingSmithingForge,RogueBonemoldBracers,ARMO,DLC2ArmorMaterialBonemoldHeavy,,
2,BoneAndChitin,2,BoneAndChitin,keyword DLC2ArmorMaterialBonemoldHeavy,,28ddaf:Journey to Baan Malur.esp,RogueBonemoldCuirassRecipe,Journey to Baan Malur.esp,CraftingSmithingForge,RogueBonemoldCuirass,ARMO,DLC2ArmorMaterialBonemoldHeavy,,
2,BoneAndChitin,2,BoneAndChitin,keyword DLC2ArmorMaterialBonemoldHeavy,,28ddb0:Journey to Baan Malur.esp,RogueBonemoldHelmRecipe,Journey to Baan Malur.esp,CraftingSmithingForge,RogueBonemoldHelm,ARMO,DLC2ArmorMaterialBonemoldHeavy,,
2,BoneAndChitin,2,BoneAndChitin,keyword DLC2ArmorMaterialChitinLight,,28ddac:Journey to Baan Malur.esp,ScribHelmRecipe,Journey to Baan Malur.esp,CraftingSmithingForge,ScribHelm,ARMO,DLC2ArmorMaterialChitinLight,,
1,,2,Steel,"faction gear: the faction role is the gate, any Blacksmith tier, no manual (Nate, 7 Oct)",,8f3:MoreCraftableEquipment.esp,MCERecipeWeaponAkaviriKatana,MoreCraftableEquipment.esp,CraftingSmithingForge,AkaviriKatana,WEAP,WeapMaterialSteel,,GetQuestCompleted MQ203 == 1.0
1,,2,Steel,"faction gear: the faction role is the gate, any Blacksmith tier, no manual (Nate, 7 Oct)",,84f:MoreCraftableEquipment.esp,MCERecipeArmorBladesBoots,MoreCraftableEquipment.esp,CraftingSmithingForge,ArmorBladesBoots,ARMO,ArmorMaterialBlades,,GetQuestCompleted MQ203 == 1.0
1,,2,Steel,"faction gear: the faction role is the gate, any Blacksmith tier, no manual (Nate, 7 Oct)",,850:MoreCraftableEquipment.esp,MCERecipeArmorBladesCuirass,MoreCraftableEquipment.esp,CraftingSmithingForge,ArmorBladesCuirass,ARMO,ArmorMaterialBlades,,GetQuestCompleted MQ203 == 1.0
1,,2,Steel,"faction gear: the faction role is the gate, any Blacksmith tier, no manual (Nate, 7 Oct)",,851:MoreCraftableEquipment.esp,MCERecipeArmorBladesGauntlets,MoreCraftableEquipment.esp,CraftingSmithingForge,ArmorBladesGauntlets,ARMO,ArmorMaterialBlades,,GetQuestCompleted MQ203 == 1.0
1,,2,Steel,"faction gear: the faction role is the gate, any Blacksmith tier, no manual (Nate, 7 Oct)",,852:MoreCraftableEquipment.esp,MCERecipeArmorBladesHelmet,MoreCraftableEquipment.esp,CraftingSmithingForge,ArmorBladesHelmet,ARMO,ArmorMaterialBlades,,GetQuestCompleted MQ203 == 1.0
1,,2,Steel,"faction gear: the faction role is the gate, any Blacksmith tier, no manual (Nate, 7 Oct)",,853:MoreCraftableEquipment.esp,MCERecipeArmorBladesShield,MoreCraftableEquipment.esp,CraftingSmithingForge,ArmorBladesShield,ARMO,ArmorMaterialBlades,,GetQuestCompleted MQ203 == 1.0
1,,2,Steel,"faction gear: the faction role is the gate, any Blacksmith tier, no manual (Nate, 7 Oct)",,8ca:MoreCraftableEquipment.esp,MCERecipeArmorImperialHelmetFull,MoreCraftableEquipment.esp,CraftingSmithingForge,ArmorImperialHelmetFull,ARMO,ArmorMaterialImperialHeavy,SteelSmithing,GetStageDone CW == 1.0; #629 CW == 1.0; GetStageDone CW == 1.0
1,,2,Steel,"faction gear: the faction role is the gate, any Blacksmith tier, no manual (Nate, 7 Oct)",,8cb:MoreCraftableEquipment.esp,MCERecipeArmorImperialHelmetOfficer,MoreCraftableEquipment.esp,CraftingSmithingForge,ArmorImperialHelmetOfficer,ARMO,ArmorMaterialImperialHeavy,SteelSmithing,GetStageDone CW == 1.0; #629 CW == 1.0; GetStageDone CW == 1.0
1,,2,Steel,"faction gear: the faction role is the gate, any Blacksmith tier, no manual (Nate, 7 Oct)",,8c9:MoreCraftableEquipment.esp,MCERecipeArmorImperialCuirassStudded,MoreCraftableEquipment.esp,CraftingSmithingForge,ArmorImperialStuddedCuirass,ARMO,ArmorMaterialImperialLight,SteelSmithing,
1,,2,Steel,"faction gear: the faction role is the gate, any Blacksmith tier, no manual (Nate, 7 Oct)",,8d0:MoreCraftableEquipment.esp,MCERecipeArmorPenitusBoots,MoreCraftableEquipment.esp,CraftingSmithingForge,ArmorPenitusBoots,ARMO,ArmorMaterialPenitus,SteelSmithing,GetQuestCompleted DB06 == 1.0; GetQuestCompleted DBDestroy == 1.0
1,,2,Steel,"faction gear: the faction role is the gate, any Blacksmith tier, no manual (Nate, 7 Oct)",,8d1:MoreCraftableEquipment.esp,MCERecipeArmorPenitusCuirass,MoreCraftableEquipment.esp,CraftingSmithingForge,ArmorPenitusCuirass,ARMO,ArmorMaterialPenitus,SteelSmithing,GetQuestCompleted DB06 == 1.0; GetQuestCompleted DBDestroy == 1.0
1,,2,Steel,"faction gear: the faction role is the gate, any Blacksmith tier, no manual (Nate, 7 Oct)",,8d2:MoreCraftableEquipment.esp,MCERecipeArmorPenitusGauntlets,MoreCraftableEquipment.esp,CraftingSmithingForge,ArmorPenitusGauntlets,ARMO,ArmorMaterialPenitus,SteelSmithing,GetQuestCompleted DB06 == 1.0; GetQuestCompleted DBDestroy == 1.0
1,,2,Steel,"faction gear: the faction role is the gate, any Blacksmith tier, no manual (Nate, 7 Oct)",,8d3:MoreCraftableEquipment.esp,MCERecipeArmorPenitusHelmet,MoreCraftableEquipment.esp,CraftingSmithingForge,ArmorPenitusHelmet,ARMO,ArmorMaterialPenitus,SteelSmithing,GetQuestCompleted DB06 == 1.0; GetQuestCompleted DBDestroy == 1.0
1,,2,Steel,"faction gear: the faction role is the gate, any Blacksmith tier, no manual (Nate, 7 Oct)",,85f:MoreCraftableEquipment.esp,MCERecipeArmorDLC1DawnguardBootsHeavy,MoreCraftableEquipment.esp,CraftingSmithingForge,DLC1ArmorDawnguardBootsHeavy,ARMO,DLC1ArmorMaterialDawnguard,AdvancedArmors,GetStageDone DLC1VQ02 == 1.0; GetQuestCompleted DLC1VQ08 == 1.0
1,,2,Steel,"faction gear: the faction role is the gate, any Blacksmith tier, no manual (Nate, 7 Oct)",,860:MoreCraftableEquipment.esp,MCERecipeArmorDLC1DawnguardBootsLight,MoreCraftableEquipment.esp,CraftingSmithingForge,DLC1ArmorDawnguardBootsLight,ARMO,DLC1ArmorMaterialDawnguard,AdvancedArmors,GetStageDone DLC1VQ02 == 1.0; GetQuestCompleted DLC1VQ08 == 1.0
1,,2,Steel,"faction gear: the faction role is the gate, any Blacksmith tier, no manual (Nate, 7 Oct)",,861:MoreCraftableEquipment.esp,MCERecipeArmorDLC1DawnguardCuirassHeavy1,MoreCraftableEquipment.esp,CraftingSmithingForge,DLC1ArmorDawnguardCuirassHeavy1,ARMO,DLC1ArmorMaterialDawnguard,AdvancedArmors,GetStageDone DLC1VQ02 == 1.0; GetQuestCompleted DLC1VQ08 == 1.0
1,,2,Steel,"faction gear: the faction role is the gate, any Blacksmith tier, no manual (Nate, 7 Oct)",,862:MoreCraftableEquipment.esp,MCERecipeArmorDLC1DawnguardCuirassHeavy2,MoreCraftableEquipment.esp,CraftingSmithingForge,DLC1ArmorDawnguardCuirassHeavy2,ARMO,DLC1ArmorMaterialDawnguard,AdvancedArmors,GetStageDone DLC1VQ02 == 1.0; GetQuestCompleted DLC1VQ08 == 1.0
1,,2,Steel,"faction gear: the faction role is the gate, any Blacksmith tier, no manual (Nate, 7 Oct)",,863:MoreCraftableEquipment.esp,MCERecipeArmorDLC1DawnguardCuirassLight1,MoreCraftableEquipment.esp,CraftingSmithingForge,DLC1ArmorDawnguardCuirassLight1,ARMO,DLC1ArmorMaterialDawnguard,AdvancedArmors,GetStageDone DLC1VQ02 == 1.0; GetQuestCompleted DLC1VQ08 == 1.0
1,,2,Steel,"faction gear: the faction role is the gate, any Blacksmith tier, no manual (Nate, 7 Oct)",,864:MoreCraftableEquipment.esp,MCERecipeArmorDLC1DawnguardCuirassLight2,MoreCraftableEquipment.esp,CraftingSmithingForge,DLC1ArmorDawnguardCuirassLight2,ARMO,DLC1ArmorMaterialDawnguard,AdvancedArmors,GetStageDone DLC1VQ02 == 1.0; GetQuestCompleted DLC1VQ08 == 1.0
1,,2,Steel,"faction gear: the faction role is the gate, any Blacksmith tier, no manual (Nate, 7 Oct)",,865:MoreCraftableEquipment.esp,MCERecipeArmorDLC1DawnguardCuirassLight3,MoreCraftableEquipment.esp,CraftingSmithingForge,DLC1ArmorDawnguardCuirassLight3,ARMO,DLC1ArmorMaterialDawnguard,AdvancedArmors,GetStageDone DLC1VQ02 == 1.0; GetQuestCompleted DLC1VQ08 == 1.0
1,,2,Steel,"faction gear: the faction role is the gate, any Blacksmith tier, no manual (Nate, 7 Oct)",,866:MoreCraftableEquipment.esp,MCERecipeArmorDLC1DawnguardGauntletsHeavy,MoreCraftableEquipment.esp,CraftingSmithingForge,DLC1ArmorDawnguardGauntletsHeavy,ARMO,DLC1ArmorMaterialDawnguard,AdvancedArmors,GetStageDone DLC1VQ02 == 1.0; GetQuestCompleted DLC1VQ08 == 1.0
1,,2,Steel,"faction gear: the faction role is the gate, any Blacksmith tier, no manual (Nate, 7 Oct)",,867:MoreCraftableEquipment.esp,MCERecipeArmorDLC1DawnguardGauntletsLight,MoreCraftableEquipment.esp,CraftingSmithingForge,DLC1ArmorDawnguardGauntletsLight,ARMO,DLC1ArmorMaterialDawnguard,AdvancedArmors,GetStageDone DLC1VQ02 == 1.0; GetQuestCompleted DLC1VQ08 == 1.0
1,,2,Steel,"faction gear: the faction role is the gate, any Blacksmith tier, no manual (Nate, 7 Oct)",,868:MoreCraftableEquipment.esp,MCERecipeArmorDLC1DawnguardHelmetHeavy,MoreCraftableEquipment.esp,CraftingSmithingForge,DLC1ArmorDawnguardHelmetHeavy,ARMO,DLC1ArmorMaterialDawnguard,AdvancedArmors,GetStageDone DLC1VQ02 == 1.0; GetQuestCompleted DLC1VQ08 == 1.0
1,,2,Steel,"faction gear: the faction role is the gate, any Blacksmith tier, no manual (Nate, 7 Oct)",,869:MoreCraftableEquipment.esp,MCERecipeArmorDLC1DawnguardShield,MoreCraftableEquipment.esp,CraftingSmithingForge,DLC1ArmorDawnguardShield,ARMO,DLC1ArmorMaterialDawnguard,AdvancedArmors,GetStageDone DLC1VQ02 == 1.0; GetQuestCompleted DLC1VQ08 == 1.0
2,Falmer,2,Falmer,keyword DLC1ArmorMaterialFalmerHardened,,884:MoreCraftableEquipment.esp,MCERecipeArmorFalmerHardenedHelmet,MoreCraftableEquipment.esp,CraftingSmithingForge,DLC1ArmorFAlmerHardenedHelmet,ARMO,DLC1ArmorMaterialFalmerHardened,AdvancedArmors,GetItemCount ChaurusChitin >= 1.0
2,Falmer,2,Falmer,keyword DLC1ArmorMaterialFalmerHardened,,87d:MoreCraftableEquipment.esp,MCERecipeArmorFalmerHardenedBoots,MoreCraftableEquipment.esp,CraftingSmithingForge,DLC1ArmorFalmerHardenedBoots,ARMO,DLC1ArmorMaterialFalmerHardened,AdvancedArmors,GetItemCount ChaurusChitin >= 1.0
2,Falmer,2,Falmer,keyword DLC1ArmorMaterialFalmerHardened,,882:MoreCraftableEquipment.esp,MCERecipeArmorFalmerHardenedCuirass,MoreCraftableEquipment.esp,CraftingSmithingForge,DLC1ArmorFalmerHardenedCuirass,ARMO,DLC1ArmorMaterialFalmerHardened,AdvancedArmors,GetItemCount ChaurusChitin >= 1.0
2,Falmer,2,Falmer,keyword DLC1ArmorMaterialFalmerHardened,,883:MoreCraftableEquipment.esp,MCERecipeArmorFalmerHardenedGauntlets,MoreCraftableEquipment.esp,CraftingSmithingForge,DLC1ArmorFalmerHardenedGauntlets,ARMO,DLC1ArmorMaterialFalmerHardened,AdvancedArmors,GetItemCount ChaurusChitin >= 1.0
1,,2,Steel,"faction gear: the faction role is the gate, any Blacksmith tier, no manual (Nate, 7 Oct)",,8f4:MoreCraftableEquipment.esp,MCERecipeWeaponDLC1DawnguardAxe,MoreCraftableEquipment.esp,CraftingSmithingForge,DLC1DawnguardAxe,WEAP,WeapMaterialSteel,SteelSmithing,GetStageDone DLC1VQ02 == 1.0; GetQuestCompleted DLC1VQ08 == 1.0
1,,2,Steel,"faction gear: the faction role is the gate, any Blacksmith tier, no manual (Nate, 7 Oct)",,8f5:MoreCraftableEquipment.esp,MCERecipeWeaponDLC1DawnguardHammer,MoreCraftableEquipment.esp,CraftingSmithingForge,DLC1DawnguardHammer,WEAP,WeapMaterialSteel,SteelSmithing,GetStageDone DLC1VQ02 == 1.0; GetQuestCompleted DLC1VQ08 == 1.0
2,Elven,2,Elven,keyword ArmorMaterialElven,,8cc:MoreCraftableEquipment.esp,MCERecipeArmorIvoryBoots,MoreCraftableEquipment.esp,CraftingSmithingForge,DLC1IvoryBoots,ARMO,ArmorMaterialElven,ElvenSmithing,GetQuestCompleted DLC1VQ07 == 1.0
2,Elven,2,Elven,keyword ArmorMaterialElven,,8cd:MoreCraftableEquipment.esp,MCERecipeArmorIvoryCrown,MoreCraftableEquipment.esp,CraftingSmithingForge,DLC1IvoryCrown,ARMO,ArmorMaterialElven,ElvenSmithing,GetQuestCompleted DLC1VQ07 == 1.0
2,Elven,2,Elven,keyword ArmorMaterialElven,,8ce:MoreCraftableEquipment.esp,MCERecipeArmorIvoryCuirass,MoreCraftableEquipment.esp,CraftingSmithingForge,DLC1IvoryCuirass,ARMO,ArmorMaterialElven,ElvenSmithing,GetQuestCompleted DLC1VQ07 == 1.0
2,Elven,2,Elven,keyword ArmorMaterialElven,,8cf:MoreCraftableEquipment.esp,MCERecipeArmorIvoryGauntlets,MoreCraftableEquipment.esp,CraftingSmithingForge,DLC1IvoryGauntlets,ARMO,ArmorMaterialElven,ElvenSmithing,GetQuestCompleted DLC1VQ07 == 1.0
2,BoneAndChitin,2,BoneAndChitin,keyword DLC2ArmorMaterialBonemoldHeavy,,2b058:Dragonborn.esm,DLC2RecipeArmorBonemoldBoots,MoreCraftableEquipment.esp,CraftingSmithingForge,DLC2ArmorBonemoldBoots,ARMO,DLC2ArmorMaterialBonemoldHeavy,SteelSmithing,GetStage DLC2Init >= 100.0
2,BoneAndChitin,2,BoneAndChitin,keyword DLC2ArmorMaterialBonemoldHeavy,,3d581:Dragonborn.esm,DLC2RecipeArmorBonemoldCuirassGuard,MoreCraftableEquipment.esp,CraftingSmithingForge,DLC2ArmorBonemoldCuirassGuard,ARMO,DLC2ArmorMaterialBonemoldHeavy,SteelSmithing,GetStage DLC2Init >= 100.0
2,BoneAndChitin,2,BoneAndChitin,keyword DLC2ArmorMaterialBonemoldHeavy,,2b059:Dragonborn.esm,DLC2RecipeArmorBonemoldCuirass,MoreCraftableEquipment.esp,CraftingSmithingForge,DLC2ArmorBonemoldCuirassVariant01,ARMO,DLC2ArmorMaterialBonemoldHeavy,SteelSmithing,GetStage DLC2Init >= 100.0
2,BoneAndChitin,2,BoneAndChitin,keyword DLC2ArmorMaterialBonemoldHeavy,,3d2dd:Dragonborn.esm,DLC2RecipeArmorBonemoldCuirassVariant,MoreCraftableEquipment.esp,CraftingSmithingForge,DLC2ArmorBonemoldCuirassVariant02,ARMO,DLC2ArmorMaterialBonemoldHeavy,SteelSmithing,GetStage DLC2Init >= 100.0
2,BoneAndChitin,2,BoneAndChitin,keyword DLC2ArmorMaterialBonemoldHeavy,,2b05a:Dragonborn.esm,DLC2RecipeArmorBonemoldGauntlets,MoreCraftableEquipment.esp,CraftingSmithingForge,DLC2ArmorBonemoldGauntlets,ARMO,DLC2ArmorMaterialBonemoldHeavy,SteelSmithing,GetStage DLC2Init >= 100.0
2,BoneAndChitin,2,BoneAndChitin,keyword DLC2ArmorMaterialBonemoldHeavy,,2b05b:Dragonborn.esm,DLC2RecipeArmorBonemoldHelmet,MoreCraftableEquipment.esp,CraftingSmithingForge,DLC2ArmorBonemoldHelmet,ARMO,DLC2ArmorMaterialBonemoldHeavy,SteelSmithing,GetStage DLC2Init >= 100.0
2,BoneAndChitin,2,BoneAndChitin,keyword DLC2ArmorMaterialBonemoldHeavy,,2b05c:Dragonborn.esm,DLC2RecipeArmorBonemoldShield,MoreCraftableEquipment.esp,CraftingSmithingForge,DLC2ArmorBonemoldShield,ARMO,DLC2ArmorMaterialBonemoldHeavy,SteelSmithing,GetStage DLC2Init >= 100.0
2,BoneAndChitin,2,BoneAndChitin,keyword DLC2ArmorMaterialChitinHeavy,,2b055:Dragonborn.esm,DLC2RecipeArmorChitinHeavyBoots,MoreCraftableEquipment.esp,CraftingSmithingForge,DLC2ArmorChitinHeavyBoots,ARMO,DLC2ArmorMaterialChitinHeavy,ElvenSmithing,GetStage DLC2Init >= 100.0
2,BoneAndChitin,2,BoneAndChitin,keyword DLC2ArmorMaterialChitinHeavy,,2b056:Dragonborn.esm,DLC2RecipeArmorChitinHeavyCuirass,MoreCraftableEquipment.esp,CraftingSmithingForge,DLC2ArmorChitinHeavyCuirass,ARMO,DLC2ArmorMaterialChitinHeavy,ElvenSmithing,GetStage DLC2Init >= 100.0
2,BoneAndChitin,2,BoneAndChitin,keyword DLC2ArmorMaterialChitinHeavy,,2b057:Dragonborn.esm,DLC2RecipeArmorChitinHeavyGauntlets,MoreCraftableEquipment.esp,CraftingSmithingForge,DLC2ArmorChitinHeavyGauntlets,ARMO,DLC2ArmorMaterialChitinHeavy,ElvenSmithing,GetStage DLC2Init >= 100.0
2,BoneAndChitin,2,BoneAndChitin,keyword DLC2ArmorMaterialChitinHeavy,,2b052:Dragonborn.esm,DLC2RecipeArmorChitinHeavyHelmet,MoreCraftableEquipment.esp,CraftingSmithingForge,DLC2ArmorChitinHeavyHelmet,ARMO,DLC2ArmorMaterialChitinHeavy,ElvenSmithing,GetStage DLC2Init >= 100.0
2,BoneAndChitin,2,BoneAndChitin,keyword DLC2ArmorMaterialChitinLight,,2b04f:Dragonborn.esm,DLC2RecipeArmorChitinLightBoots,MoreCraftableEquipment.esp,CraftingSmithingForge,DLC2ArmorChitinLightBoots,ARMO,DLC2ArmorMaterialChitinLight,ElvenSmithing,GetStage DLC2Init >= 100.0
2,BoneAndChitin,2,BoneAndChitin,keyword DLC2ArmorMaterialChitinLight,,2b050:Dragonborn.esm,DLC2RecipeArmorChitinLightCuirass,MoreCraftableEquipment.esp,CraftingSmithingForge,DLC2ArmorChitinLightCuirass,ARMO,DLC2ArmorMaterialChitinLight,ElvenSmithing,GetStage DLC2Init >= 100.0
2,BoneAndChitin,2,BoneAndChitin,keyword DLC2ArmorMaterialChitinLight,,2b051:Dragonborn.esm,DLC2RecipeArmorChitinLightGauntlets,MoreCraftableEquipment.esp,CraftingSmithingForge,DLC2ArmorChitinLightGauntlets,ARMO,DLC2ArmorMaterialChitinLight,ElvenSmithing,GetStage DLC2Init >= 100.0
2,BoneAndChitin,2,BoneAndChitin,keyword DLC2ArmorMaterialChitinLight,,2b054:Dragonborn.esm,DLC2RecipeArmorChitinLightHelmet,MoreCraftableEquipment.esp,CraftingSmithingForge,DLC2ArmorChitinLightHelmet,ARMO,DLC2ArmorMaterialChitinLight,ElvenSmithing,GetStage DLC2Init >= 100.0
2,BoneAndChitin,2,BoneAndChitin,keyword DLC2ArmorMaterialChitinLight,,2b053:Dragonborn.esm,DLC2RecipeArmorChitinShield,MoreCraftableEquipment.esp,CraftingSmithingForge,DLC2ArmorChitinShield,ARMO,DLC2ArmorMaterialChitinLight,ElvenSmithing,GetStage DLC2Init >= 100.0
2,Elven,2,Elven,perk ElvenSmithing,,870:MoreCraftableEquipment.esp,MCERecipeArmorDLC2MoragTongBoots,MoreCraftableEquipment.esp,CraftingSmithingForge,DLC2MoragTongBoots,ARMO,DLC2ArmorMaterialMoragTong,ElvenSmithing,GetQuestCompleted DLC2RR02 == 1.0
2,Elven,2,Elven,perk ElvenSmithing,,871:MoreCraftableEquipment.esp,MCERecipeArmorDLC2MoragTongCuirass,MoreCraftableEquipment.esp,CraftingSmithingForge,DLC2MoragTongCuirass,ARMO,DLC2ArmorMaterialMoragTong,ElvenSmithing,GetQuestCompleted DLC2RR02 == 1.0
2,Elven,2,Elven,perk ElvenSmithing,,872:MoreCraftableEquipment.esp,MCERecipeArmorDLC2MoragTongGauntlets,MoreCraftableEquipment.esp,CraftingSmithingForge,DLC2MoragTongGauntlets,ARMO,DLC2ArmorMaterialMoragTong,ElvenSmithing,GetQuestCompleted DLC2RR02 == 1.0
2,Elven,2,Elven,perk ElvenSmithing,,873:MoreCraftableEquipment.esp,MCERecipeArmorDLC2MoragTongHood,MoreCraftableEquipment.esp,CraftingSmithingForge,DLC2MoragTongHood,ARMO,DLC2ArmorMaterialMoragTong,ElvenSmithing,GetQuestCompleted DLC2RR02 == 1.0
2,Falmer,2,Falmer,keyword WeapMaterialFalmer,,8f0:MoreCraftableEquipment.esp,MCERecipeArrowFalmer,MoreCraftableEquipment.esp,CraftingSmithingForge,FalmerArrow,AMMO,WeapMaterialFalmer,,GetItemCount ChaurusChitin >= 1.0
2,Falmer,2,Falmer,keyword WeapMaterialFalmer,,8f7:MoreCraftableEquipment.esp,MCERecipeWeaponFalmerBow,MoreCraftableEquipment.esp,CraftingSmithingForge,FalmerBow,WEAP,WeapMaterialFalmer,,GetItemCount ChaurusChitin > 0.0
2,Falmer,2,Falmer,keyword WeapMaterialFalmer,,8f8:MoreCraftableEquipment.esp,MCERecipeWeaponFalmerSword,MoreCraftableEquipment.esp,CraftingSmithingForge,FalmerSword,WEAP,WeapMaterialFalmer,,GetItemCount ChaurusChitin > 0.0
2,Falmer,2,Falmer,keyword WeapMaterialFalmer,,8f9:MoreCraftableEquipment.esp,MCERecipeWeaponFalmerWarAxe,MoreCraftableEquipment.esp,CraftingSmithingForge,FalmerWarAxe,WEAP,WeapMaterialFalmer,,GetItemCount ChaurusChitin > 0.0
2,Steel,2,Steel,keyword WeapMaterialSteel,,8fa:MoreCraftableEquipment.esp,MCERecipeWeaponForswornAxe,MoreCraftableEquipment.esp,CraftingSmithingForge,ForswornAxe,WEAP,WeapMaterialSteel,SteelSmithing,GetQuestCompleted MS02 == 1.0
2,Steel,2,Steel,keyword WeapMaterialSteel,,8fb:MoreCraftableEquipment.esp,MCERecipeWeaponForswornBow,MoreCraftableEquipment.esp,CraftingSmithingForge,ForswornBow,WEAP,WeapMaterialSteel,SteelSmithing,GetQuestCompleted MS02 == 1.0
2,Steel,2,Steel,keyword WeapMaterialSteel,,8fc:MoreCraftableEquipment.esp,MCERecipeWeaponForswornSword,MoreCraftableEquipment.esp,CraftingSmithingForge,ForswornSword,WEAP,WeapMaterialSteel,SteelSmithing,GetQuestCompleted MS02 == 1.0
1,,2,Steel,"faction gear: the faction role is the gate, any Blacksmith tier, no manual (Nate, 7 Oct)",,8fd:MoreCraftableEquipment.esp,MCERecipeWeaponImperialBow,MoreCraftableEquipment.esp,CraftingSmithingForge,ImperialBow,WEAP,WeapMaterialImperial,SteelSmithing,
1,,2,Steel,"faction gear: the faction role is the gate, any Blacksmith tier, no manual (Nate, 7 Oct)",,8fe:MoreCraftableEquipment.esp,MCERecipeWeaponImperialSword,MoreCraftableEquipment.esp,CraftingSmithingForge,Imperialsword,WEAP,WeapMaterialSteel,SteelSmithing,
2,Steel,2,Steel,keyword WeapMaterialSteel,,8ff:MoreCraftableEquipment.esp,MCERecipeWeaponScimitar,MoreCraftableEquipment.esp,CraftingSmithingForge,Scimitar,WEAP,WeapMaterialSteel,SteelSmithing,GetPCIsRace RedguardRace == 1.0; GetPCIsRace RedguardRaceVampire == 1.0; GetQuestCompleted MS08 == 1.0
2,Silver,2,Silver,keyword WeapMaterialSilver,,900:MoreCraftableEquipment.esp,MCERecipeWeaponSilverGreatsword,MoreCraftableEquipment.esp,CraftingSmithingForge,SilverGreatsword,WEAP,WeapMaterialSilver,,GetQuestCompleted C01 == 1.0
2,Silver,2,Silver,keyword WeapMaterialSilver,,901:MoreCraftableEquipment.esp,MCERecipeWeaponSilverSword,MoreCraftableEquipment.esp,CraftingSmithingForge,SilverSword,WEAP,WeapMaterialSilver,,GetQuestCompleted C01 == 1.0
2,Dwarven,2,Dwarven,keyword ArmorMaterialDwarven,,dd979:Skyrim.esm,RecipeArmorDwarvenBoots,Skyrim.esm,CraftingSmithingForge,ArmorDwarvenBoots,ARMO,ArmorMaterialDwarven,DwarvenSmithing,
2,Dwarven,2,Dwarven,keyword ArmorMaterialDwarven,,dd97a:Skyrim.esm,RecipeArmorDwarvenCuirass,Skyrim.esm,CraftingSmithingForge,ArmorDwarvenCuirass,ARMO,ArmorMaterialDwarven,DwarvenSmithing,
2,Dwarven,2,Dwarven,keyword ArmorMaterialDwarven,,dd97b:Skyrim.esm,RecipeArmorDwarvenGauntlets,Skyrim.esm,CraftingSmithingForge,ArmorDwarvenGauntlets,ARMO,ArmorMaterialDwarven,DwarvenSmithing,
2,Dwarven,2,Dwarven,keyword ArmorMaterialDwarven,,dd97c:Skyrim.esm,RecipeArmorDwarvenHelmet,Skyrim.esm,CraftingSmithingForge,ArmorDwarvenHelmet,ARMO,ArmorMaterialDwarven,DwarvenSmithing,
2,Dwarven,2,Dwarven,keyword ArmorMaterialDwarven,,dd97d:Skyrim.esm,RecipeArmorDwarvenShield,Skyrim.esm,CraftingSmithingForge,ArmorDwarvenShield,ARMO,ArmorMaterialDwarven,DwarvenSmithing,
2,Elven,2,Elven,keyword ArmorMaterialElven,,dc9fa:Skyrim.esm,RecipeArmorElvenBoots,Skyrim.esm,CraftingSmithingForge,ArmorElvenBoots,ARMO,ArmorMaterialElven,ElvenSmithing,
2,Elven,2,Elven,keyword ArmorMaterialElven,,dc9fb:Skyrim.esm,RecipeArmorElvenCuirass,Skyrim.esm,CraftingSmithingForge,ArmorElvenCuirass,ARMO,ArmorMaterialElven,ElvenSmithing,
2,Elven,2,Elven,keyword ArmorMaterialElven,,dc9fc:Skyrim.esm,RecipeArmorElvenGauntlets,Skyrim.esm,CraftingSmithingForge,ArmorElvenGauntlets,ARMO,ArmorMaterialElven,ElvenSmithing,
2,Elven,2,Elven,keyword ArmorMaterialElven,,dc9fd:Skyrim.esm,RecipeArmorElvenHelmet,Skyrim.esm,CraftingSmithingForge,ArmorElvenHelmet,ARMO,ArmorMaterialElven,ElvenSmithing,
2,Elven,2,Elven,keyword ArmorMaterialElven,,dc9fe:Skyrim.esm,RecipeArmorElvenShield,Skyrim.esm,CraftingSmithingForge,ArmorElvenShield,ARMO,ArmorMaterialElven,ElvenSmithing,
1,,2,Steel,"faction gear: the faction role is the gate, any Blacksmith tier, no manual (Nate, 7 Oct)",,dc9f5:Skyrim.esm,RecipeArmorImperialBoots,Skyrim.esm,CraftingSmithingForge,ArmorImperialBoots,ARMO,ArmorMaterialImperialHeavy,SteelSmithing,
1,,2,Steel,"faction gear: the faction role is the gate, any Blacksmith tier, no manual (Nate, 7 Oct)",,dc9f6:Skyrim.esm,RecipeArmorImperialCuirass,Skyrim.esm,CraftingSmithingForge,ArmorImperialCuirass,ARMO,ArmorMaterialImperialHeavy,SteelSmithing,
1,,2,Steel,"faction gear: the faction role is the gate, any Blacksmith tier, no manual (Nate, 7 Oct)",,dc9f7:Skyrim.esm,RecipeArmorImperialGauntlets,Skyrim.esm,CraftingSmithingForge,ArmorImperialGauntlets,ARMO,ArmorMaterialImperialHeavy,SteelSmithing,
1,,2,Steel,"faction gear: the faction role is the gate, any Blacksmith tier, no manual (Nate, 7 Oct)",,dc9f8:Skyrim.esm,RecipeArmorImperialHelmet,Skyrim.esm,CraftingSmithingForge,ArmorImperialHelmet,ARMO,ArmorMaterialImperialHeavy,SteelSmithing,
1,,2,Steel,"faction gear: the faction role is the gate, any Blacksmith tier, no manual (Nate, 7 Oct)",,dc9f9:Skyrim.esm,RecipeArmorImperialShield,Skyrim.esm,CraftingSmithingForge,ArmorImperialShield,ARMO,ArmorMaterialImperialHeavy,SteelSmithing,
2,Steel,2,Steel,keyword ArmorMaterialSteel,,dd974:Skyrim.esm,RecipeArmorSteelBootsA,Skyrim.esm,CraftingSmithingForge,ArmorSteelBootsA,ARMO,ArmorMaterialSteel,SteelSmithing,
2,Steel,2,Steel,keyword ArmorMaterialSteel,,f6f2a:Skyrim.esm,RecipeArmorSteelBootsB,Skyrim.esm,CraftingSmithingForge,ArmorSteelBootsB,ARMO,ArmorMaterialSteel,SteelSmithing,
2,Steel,2,Steel,keyword ArmorMaterialSteel,,dd975:Skyrim.esm,RecipeArmorSteelCuirassA,Skyrim.esm,CraftingSmithingForge,ArmorSteelCuirassA,ARMO,ArmorMaterialSteel,SteelSmithing,
2,Steel,2,Steel,keyword ArmorMaterialSteel,,f6f2c:Skyrim.esm,RecipeArmorSteelCuirassB,Skyrim.esm,CraftingSmithingForge,ArmorSteelCuirassB,ARMO,ArmorMaterialSteel,SteelSmithing,
2,Steel,2,Steel,keyword ArmorMaterialSteel,,dd976:Skyrim.esm,RecipeArmorSteelGauntletsA,Skyrim.esm,CraftingSmithingForge,ArmorSteelGauntletsA,ARMO,ArmorMaterialSteel,SteelSmithing,
1,,2,Steel,"faction gear: the faction role is the gate, any Blacksmith tier, no manual (Nate, 7 Oct)",,f6f2e:Skyrim.esm,RecipeArmorSteelGauntletsB,Skyrim.esm,CraftingSmithingForge,ArmorSteelGauntletsB,ARMO,ArmorMaterialSteel,SteelSmithing,
2,Steel,2,Steel,keyword ArmorMaterialSteel,,dd977:Skyrim.esm,RecipeArmorSteelHelmetA,Skyrim.esm,CraftingSmithingForge,ArmorSteelHelmetA,ARMO,ArmorMaterialSteel,SteelSmithing,
2,Steel,2,Steel,keyword ArmorMaterialSteel,,f6f30:Skyrim.esm,RecipeArmorSteelHelmetB,Skyrim.esm,CraftingSmithingForge,ArmorSteelHelmetB,ARMO,ArmorMaterialSteel,SteelSmithing,
2,Steel,2,Steel,keyword ArmorMaterialSteel,,dd978:Skyrim.esm,RecipeArmorSteelShield,Skyrim.esm,CraftingSmithingForge,ArmorSteelShield,ARMO,ArmorMaterialSteel,SteelSmithing,
2,Dwarven,2,Dwarven,keyword WeapMaterialDwarven,,db8a3:Skyrim.esm,RecipeWeaponDwarvenBattleAxe,Skyrim.esm,CraftingSmithingForge,DwarvenBattleaxe,WEAP,WeapMaterialDwarven,DwarvenSmithing,
2,Dwarven,2,Dwarven,keyword WeapMaterialDwarven,,108cf8:Skyrim.esm,RecipeWeaponDwarvenBow,Skyrim.esm,CraftingSmithingForge,DwarvenBow,WEAP,WeapMaterialDwarven,DwarvenSmithing,
2,Dwarven,2,Dwarven,keyword WeapMaterialDwarven,,db8a4:Skyrim.esm,RecipeWeaponDwarvenDagger,Skyrim.esm,CraftingSmithingForge,DwarvenDagger,WEAP,WeapMaterialDwarven,DwarvenSmithing,
2,Dwarven,2,Dwarven,keyword WeapMaterialDwarven,,db8a5:Skyrim.esm,RecipeWeaponDwarvenGreatsword,Skyrim.esm,CraftingSmithingForge,DwarvenGreatsword,WEAP,WeapMaterialDwarven,DwarvenSmithing,
2,Dwarven,2,Dwarven,keyword WeapMaterialDwarven,,db8a6:Skyrim.esm,RecipeWeaponDwarvenMace,Skyrim.esm,CraftingSmithingForge,DwarvenMace,WEAP,WeapMaterialDwarven,DwarvenSmithing,
2,Dwarven,2,Dwarven,keyword WeapMaterialDwarven,,db8a7:Skyrim.esm,RecipeWeaponDwarvenSword,Skyrim.esm,CraftingSmithingForge,DwarvenSword,WEAP,WeapMaterialDwarven,DwarvenSmithing,
2,Dwarven,2,Dwarven,keyword WeapMaterialDwarven,,db8a8:Skyrim.esm,RecipeWeaponDwarvenWarAxe,Skyrim.esm,CraftingSmithingForge,DwarvenWarAxe,WEAP,WeapMaterialDwarven,DwarvenSmithing,
2,Dwarven,2,Dwarven,keyword WeapMaterialDwarven,,db8a9:Skyrim.esm,RecipeWeaponDwarvenWarhammer,Skyrim.esm,CraftingSmithingForge,DwarvenWarhammer,WEAP,WeapMaterialDwarven,DwarvenSmithing,
2,Elven,2,Elven,keyword WeapMaterialElven,,db8aa:Skyrim.esm,RecipeWeaponElvenBattleAxe,Skyrim.esm,CraftingSmithingForge,ElvenBattleaxe,WEAP,WeapMaterialElven,ElvenSmithing,
2,Elven,2,Elven,keyword WeapMaterialElven,,108cfa:Skyrim.esm,RecipeWeaponElvenBow,Skyrim.esm,CraftingSmithingForge,ElvenBow,WEAP,WeapMaterialElven,ElvenSmithing,
2,Elven,2,Elven,keyword WeapMaterialElven,,db8ab:Skyrim.esm,RecipeWeaponElvenDagger,Skyrim.esm,CraftingSmithingForge,ElvenDagger,WEAP,WeapMaterialElven,ElvenSmithing,
2,Elven,2,Elven,keyword WeapMaterialElven,,db8ac:Skyrim.esm,RecipeWeaponElvenGreatsword,Skyrim.esm,CraftingSmithingForge,ElvenGreatsword,WEAP,WeapMaterialElven,ElvenSmithing,
2,Elven,2,Elven,keyword WeapMaterialElven,,db8ad:Skyrim.esm,RecipeWeaponElvenMace,Skyrim.esm,CraftingSmithingForge,ElvenMace,WEAP,WeapMaterialElven,ElvenSmithing,
2,Elven,2,Elven,keyword WeapMaterialElven,,db8ae:Skyrim.esm,RecipeWeaponElvenSword,Skyrim.esm,CraftingSmithingForge,ElvenSword,WEAP,WeapMaterialElven,ElvenSmithing,
2,Elven,2,Elven,keyword WeapMaterialElven,,db8af:Skyrim.esm,RecipeWeaponElvenWarAxe,Skyrim.esm,CraftingSmithingForge,ElvenWarAxe,WEAP,WeapMaterialElven,ElvenSmithing,
2,Elven,2,Elven,keyword WeapMaterialElven,,db8b0:Skyrim.esm,RecipeWeaponElvenWarhammer,Skyrim.esm,CraftingSmithingForge,ElvenWarhammer,WEAP,WeapMaterialElven,ElvenSmithing,
2,,2,,edid *Jewelry*Silver*,,f4325:Skyrim.esm,RecipeJewelryNecklaceSilver,Skyrim.esm,CraftingSmithingForge,JewelryNecklaceSilver,ARMO,,,
2,,2,,edid *Jewelry*Silver*,,f4326:Skyrim.esm,RecipeJewelryNecklaceSilverEmerald,Skyrim.esm,CraftingSmithingForge,JewelryNecklaceSilverEmerald,ARMO,,,
2,,2,,edid *Jewelry*Silver*,,f4327:Skyrim.esm,RecipeJewelryNecklaceSilverGems,Skyrim.esm,CraftingSmithingForge,JewelryNecklaceSilverGems,ARMO,,,
2,,2,,edid *Jewelry*Silver*,,f4328:Skyrim.esm,RecipeJewelryNecklaceSilverSapphire,Skyrim.esm,CraftingSmithingForge,JewelryNecklaceSilverSapphire,ARMO,,,
2,,2,,edid *Jewelry*Silver*,,f432d:Skyrim.esm,RecipeJewelryRingSilver,Skyrim.esm,CraftingSmithingForge,JewelryRingSilver,ARMO,,,
2,,2,,edid *Jewelry*Silver*,,f432e:Skyrim.esm,RecipeJewelryRingSilverAmethyst,Skyrim.esm,CraftingSmithingForge,JewelryRingSilverAmethyst,ARMO,,,
2,,2,,edid *Jewelry*Silver*,,f432f:Skyrim.esm,RecipeJewelryRingSilverGarnet,Skyrim.esm,CraftingSmithingForge,JewelryRingSilverGarnet,ARMO,,,
2,,2,,edid *Jewelry*Silver*,,f4330:Skyrim.esm,RecipeJewelryRingSilverRuby,Skyrim.esm,CraftingSmithingForge,JewelryRingSilverRuby,ARMO,,,
2,Steel,2,Steel,keyword WeapMaterialSteel,,db898:Skyrim.esm,RecipeWeaponSteelBattleAxe,Skyrim.esm,CraftingSmithingForge,SteelBattleaxe,WEAP,WeapMaterialSteel,SteelSmithing,
2,Steel,2,Steel,keyword WeapMaterialSteel,,db89b:Skyrim.esm,RecipeWeaponSteelDagger,Skyrim.esm,CraftingSmithingForge,SteelDagger,WEAP,WeapMaterialSteel,SteelSmithing,
2,Steel,2,Steel,keyword WeapMaterialSteel,,a5cd6:Skyrim.esm,RecipeWeaponSteelGreatsword,Skyrim.esm,CraftingSmithingForge,SteelGreatsword,WEAP,WeapMaterialSteel,SteelSmithing,
2,Steel,2,Steel,keyword WeapMaterialSteel,,db896:Skyrim.esm,RecipeWeaponSteelMace,Skyrim.esm,CraftingSmithingForge,SteelMace,WEAP,WeapMaterialSteel,SteelSmithing,
2,Steel,2,Steel,keyword WeapMaterialSteel,,db5d7:Skyrim.esm,RecipeWeaponSteelSword,Skyrim.esm,CraftingSmithingForge,SteelSword,WEAP,WeapMaterialSteel,SteelSmithing,
2,Steel,2,Steel,keyword WeapMaterialSteel,,db897:Skyrim.esm,RecipeWeaponSteelWarAxe,Skyrim.esm,CraftingSmithingForge,SteelWarAxe,WEAP,WeapMaterialSteel,SteelSmithing,
2,Steel,2,Steel,keyword WeapMaterialSteel,,db89e:Skyrim.esm,RecipeWeaponSteelWarhammer,Skyrim.esm,CraftingSmithingForge,SteelWarhammer,WEAP,WeapMaterialSteel,SteelSmithing,
1,,2,Steel,"faction gear: the faction role is the gate, any Blacksmith tier, no manual (Nate, 7 Oct)",,9d0:Update.esm,RecipeArmorImperialBootsLight,Update.esm,CraftingSmithingForge,ArmorImperialLightBoots,ARMO,ArmorMaterialImperialLight,SteelSmithing,
1,,2,Steel,"faction gear: the faction role is the gate, any Blacksmith tier, no manual (Nate, 7 Oct)",,9cf:Update.esm,RecipeArmorImperialCuirassLight,Update.esm,CraftingSmithingForge,ArmorImperialLightCuirass,ARMO,ArmorMaterialImperialLight,SteelSmithing,
1,,2,Steel,"faction gear: the faction role is the gate, any Blacksmith tier, no manual (Nate, 7 Oct)",,9d1:Update.esm,RecipeArmorImperialGauntletsLight,Update.esm,CraftingSmithingForge,ArmorImperialLightGauntlets,ARMO,ArmorMaterialImperialLight,SteelSmithing,
1,,2,Steel,"faction gear: the faction role is the gate, any Blacksmith tier, no manual (Nate, 7 Oct)",,9d2:Update.esm,RecipeArmorImperialHelmetLight,Update.esm,CraftingSmithingForge,ArmorImperialLightHelmet,ARMO,ArmorMaterialImperialLight,SteelSmithing,
1,,2,Steel,"faction gear: the faction role is the gate, any Blacksmith tier, no manual (Nate, 7 Oct)",,9d3:Update.esm,RecipeArmorImperialShieldLight,Update.esm,CraftingSmithingForge,ArmorImperialLightShield,ARMO,ArmorMaterialImperialLight,SteelSmithing,
2,AncientNord,2,AncientNord,keyword WeapMaterialDraugr,,8a1f3:ccBGSSSE001-Fish.esm,ccBGSSSE001_RecipeWeaponSkyforgeDagger,ccBGSSSE001-Fish.esm,CraftingSmithingSkyforge,ccBGSSSE001_NordHeroDagger,WEAP,WeapMaterialDraugr,,GetGlobalValue SkyforgeSmithing == 1.0
2,AncientNord,2,AncientNord,keyword WeapMaterialDraugr,,8a1f4:ccBGSSSE001-Fish.esm,ccBGSSSE001_RecipeWeaponSkyforgeMace,ccBGSSSE001-Fish.esm,CraftingSmithingSkyforge,ccBGSSSE001_NordHeroMace,WEAP,WeapMaterialDraugr,,GetGlobalValue SkyforgeSmithing == 1.0
2,AncientNord,2,AncientNord,keyword WeapMaterialDraugr,,8a1f5:ccBGSSSE001-Fish.esm,ccBGSSSE001_RecipeWeaponSkyforgeWarhammer,ccBGSSSE001-Fish.esm,CraftingSmithingSkyforge,ccBGSSSE001_NordHeroWarhammer,WEAP,WeapMaterialDraugr,,GetGlobalValue SkyforgeSmithing == 1.0
1,,2,Steel,"faction gear: the faction role is the gate, any Blacksmith tier, no manual (Nate, 7 Oct)",,855:MoreCraftableEquipment.esp,MCERecipeArmorCompanionsBoots,MoreCraftableEquipment.esp,CraftingSmithingSkyforge,ArmorCompanionsBoots,ARMO,MCE_ArmorMaterialWolf,SteelSmithing,GetQuestCompleted C00 == 1.0
1,,2,Steel,"faction gear: the faction role is the gate, any Blacksmith tier, no manual (Nate, 7 Oct)",,856:MoreCraftableEquipment.esp,MCERecipeArmorCompanionsCuirass,MoreCraftableEquipment.esp,CraftingSmithingSkyforge,ArmorCompanionsCuirass,ARMO,MCE_ArmorMaterialWolf,SteelSmithing,GetQuestCompleted C00 == 1.0
1,,2,Steel,"faction gear: the faction role is the gate, any Blacksmith tier, no manual (Nate, 7 Oct)",,857:MoreCraftableEquipment.esp,MCERecipeArmorCompanionsGauntlets,MoreCraftableEquipment.esp,CraftingSmithingSkyforge,ArmorCompanionsGauntlets,ARMO,MCE_ArmorMaterialWolf,SteelSmithing,GetQuestCompleted C00 == 1.0
1,,2,Steel,"faction gear: the faction role is the gate, any Blacksmith tier, no manual (Nate, 7 Oct)",,858:MoreCraftableEquipment.esp,MCERecipeArmorCompanionsHelmet,MoreCraftableEquipment.esp,CraftingSmithingSkyforge,ArmorCompanionsHelmet,ARMO,MCE_ArmorMaterialWolf,SteelSmithing,GetQuestCompleted C00 == 1.0
2,Steel,2,Steel,perk SteelSmithing,,8ed:MoreCraftableEquipment.esp,MCERecipeArmorTsunBoots,MoreCraftableEquipment.esp,CraftingSmithingSkyforge,MCEArmorTsunBootsPlayer,ARMO,MCE_ArmorMaterialTsun,SteelSmithing,GetQuestCompleted MQ305 == 1.0
2,Steel,2,Steel,perk SteelSmithing,,8ee:MoreCraftableEquipment.esp,MCERecipeArmorTsunCuirass,MoreCraftableEquipment.esp,CraftingSmithingSkyforge,MCEArmorTsunCuirassPlayer,ARMO,MCE_ArmorMaterialTsun,SteelSmithing,GetQuestCompleted MQ305 == 1.0
2,Steel,2,Steel,perk SteelSmithing,,8ef:MoreCraftableEquipment.esp,MCERecipeArmorTsunGauntlets,MoreCraftableEquipment.esp,CraftingSmithingSkyforge,MCEArmorTsunGauntletsPlayer,ARMO,MCE_ArmorMaterialTsun,SteelSmithing,GetQuestCompleted MQ305 == 1.0
2,AncientNord,2,AncientNord,keyword WeapMaterialDraugr,,f46c8:Skyrim.esm,RecipeWeaponSkyforgeBattleAxe,Skyrim.esm,CraftingSmithingSkyforge,NordHeroBattleAxe,WEAP,WeapMaterialDraugr,,GetGlobalValue SkyforgeSmithing == 1.0
2,AncientNord,2,AncientNord,keyword WeapMaterialDraugr,,108cfd:Skyrim.esm,RecipeWeaponSkyforgeBow,Skyrim.esm,CraftingSmithingSkyforge,NordHeroBow,WEAP,WeapMaterialDraugr,,GetGlobalValue SkyforgeSmithing == 1.0
2,AncientNord,2,AncientNord,keyword WeapMaterialDraugr,,f46c9:Skyrim.esm,RecipeWeaponSkyforgeGreatsword,Skyrim.esm,CraftingSmithingSkyforge,NordHeroGreatsword,WEAP,WeapMaterialDraugr,,GetGlobalValue SkyforgeSmithing == 1.0
2,AncientNord,2,AncientNord,keyword WeapMaterialDraugr,,f46ca:Skyrim.esm,RecipeWeaponSkyforgeSword,Skyrim.esm,CraftingSmithingSkyforge,NordHeroSword,WEAP,WeapMaterialDraugr,,GetGlobalValue SkyforgeSmithing == 1.0
2,AncientNord,2,AncientNord,keyword WeapMaterialDraugr,,f46cb:Skyrim.esm,RecipeWeaponSkyforgeWarAxe,Skyrim.esm,CraftingSmithingSkyforge,NordHeroWarAxe,WEAP,WeapMaterialDraugr,,GetGlobalValue SkyforgeSmithing == 1.0
2,Steel,2,Steel,keyword ArmorMaterialSteel,,f46cd:Skyrim.esm,RecipeArmorSkyforgeBoots,unofficial skyrim special edition patch.esp,CraftingSmithingSkyforge,ArmorDraugrBoots,ARMO,ArmorMaterialSteel,SteelSmithing,GetGlobalValue SkyforgeSmithing == 1.0
2,Steel,2,Steel,keyword ArmorMaterialSteel,,f46cc:Skyrim.esm,RecipeArmorSkyforgeCuirass,unofficial skyrim special edition patch.esp,CraftingSmithingSkyforge,ArmorDraugrCuirass,ARMO,ArmorMaterialSteel,SteelSmithing,GetGlobalValue SkyforgeSmithing == 1.0
2,Steel,2,Steel,keyword ArmorMaterialSteel,,f46cf:Skyrim.esm,RecipeArmorSkyforgeGauntlets,unofficial skyrim special edition patch.esp,CraftingSmithingSkyforge,ArmorDraugrGauntlets,ARMO,ArmorMaterialSteel,SteelSmithing,GetGlobalValue SkyforgeSmithing == 1.0
2,Steel,2,Steel,keyword ArmorMaterialSteel,,f46d0:Skyrim.esm,RecipeArmorSkyforgeHelmet,unofficial skyrim special edition patch.esp,CraftingSmithingSkyforge,ArmorDraugrHelmet,ARMO,ArmorMaterialSteel,SteelSmithing,GetGlobalValue SkyforgeSmithing == 1.0
2,Dwarven,2,Dwarven,keyword WeapMaterialDwarven,,f80a:Dawnguard.esm,DLC1RecipeTechBoltDwarvenExplodingFire,Dawnguard.esm,DLC1CraftingDawnguard,DLC1BoltDwarvenExplodingFire,AMMO,WeapMaterialDwarven,DwarvenSmithing,GetGlobalValue DLC1TechXbowDwarvenChanceNone == 0.0; GetGlobalValue DLC1TechXbowBoltsExplodingFireChanceNone == 0.0
2,Dwarven,2,Dwarven,keyword WeapMaterialDwarven,,f80b:Dawnguard.esm,DLC1RecipeTechBoltDwarvenExplodingIce,Dawnguard.esm,DLC1CraftingDawnguard,DLC1BoltDwarvenExplodingIce,AMMO,WeapMaterialDwarven,DwarvenSmithing,GetGlobalValue DLC1TechXbowDwarvenChanceNone == 0.0; GetGlobalValue DLC1TechXbowBoltsExplodingIceChanceNone == 0.0
2,Dwarven,2,Dwarven,keyword WeapMaterialDwarven,,f80c:Dawnguard.esm,DLC1RecipeTechBoltDwarvenExplodingShock,Dawnguard.esm,DLC1CraftingDawnguard,DLC1BoltDwarvenExplodingShock,AMMO,WeapMaterialDwarven,DwarvenSmithing,GetGlobalValue DLC1TechXbowDwarvenChanceNone == 0.0; GetGlobalValue DLC1TechXbowBoltsExplodingShockChanceNone == 0.0
2,Steel,2,Steel,keyword WeapMaterialSteel,,f807:Dawnguard.esm,DLC1RecipeTechBoltSteelExplodingFire,Dawnguard.esm,DLC1CraftingDawnguard,DLC1BoltSteelExplodingFire,AMMO,WeapMaterialSteel,SteelSmithing,GetGlobalValue DLC1TechXbowBoltsExplodingFireChanceNone == 0.0
2,Steel,2,Steel,keyword WeapMaterialSteel,,f808:Dawnguard.esm,DLC1RecipeTechBoltSteelExplodingIce,Dawnguard.esm,DLC1CraftingDawnguard,DLC1BoltSteelExplodingIce,AMMO,WeapMaterialSteel,SteelSmithing,GetGlobalValue DLC1TechXbowBoltsExplodingIceChanceNone == 0.0
2,Steel,2,Steel,keyword WeapMaterialSteel,,f809:Dawnguard.esm,DLC1RecipeTechBoltSteelExplodingShock,Dawnguard.esm,DLC1CraftingDawnguard,DLC1BoltSteelExplodingShock,AMMO,WeapMaterialSteel,SteelSmithing,GetGlobalValue DLC1TechXbowBoltsExplodingShockChanceNone == 0.0
2,Steel,2,Steel,keyword WeapMaterialSteel,,f80e:Dawnguard.esm,DLC1RecipeTechSteelCrossbow,Dawnguard.esm,DLC1CraftingDawnguard,DLC1CrossBow,WEAP,WeapMaterialSteel,SteelSmithing,GetGlobalValue DLC1TechXbowSteelChanceNone == 0.0
2,Steel,2,Steel,keyword WeapMaterialSteel,,f80d:Dawnguard.esm,DLC1RecipeTechSteelCrossbowEnhanced,Dawnguard.esm,DLC1CraftingDawnguard,DLC1CrossBowEnhanced,WEAP,WeapMaterialSteel,SteelSmithing,GetGlobalValue DLC1TechXbowEnhancedChanceNone == 0.0
2,Dwarven,2,Dwarven,keyword WeapMaterialDwarven,,f810:Dawnguard.esm,DLC1RecipeTechDwarvenCrossbow,Dawnguard.esm,DLC1CraftingDawnguard,DLC1DwarvenCrossBow,WEAP,WeapMaterialDwarven,DwarvenSmithing,GetGlobalValue DLC1TechXbowDwarvenChanceNone == 0.0
2,Dwarven,2,Dwarven,keyword WeapMaterialDwarven,,f80f:Dawnguard.esm,DLC1RecipeTechDwarvenCrossbowEnhanced,Dawnguard.esm,DLC1CraftingDawnguard,DLC1DwarvenCrossBowEnhanced,WEAP,WeapMaterialDwarven,DwarvenSmithing,GetGlobalValue DLC1TechXbowDwarvenEnhancedChanceNone == 0.0
3,,3,,edid *Jewelry*Jade*,,60241b:BSAssets.esm,BSKRecipeJewelryRingJade,BSAssets.esm,CraftingSmithingForge,BSKJewelryRingJade,ARMO,,,
3,,3,,edid *Jewelry*Jade*,,60241c:BSAssets.esm,BSKRecipeJewelryRingJadeRuby,BSAssets.esm,CraftingSmithingForge,BSKJewelryRingJadeRuby,ARMO,,,
3,,3,,edid *Jewelry*Jade*,,60241d:BSAssets.esm,BSKRecipeJewelryRingJadeSapphire,BSAssets.esm,CraftingSmithingForge,BSKJewelryRingJadeSapphire,ARMO,,,
3,,3,,edid *Jewelry*Jade*,,60241e:BSAssets.esm,BSKRecipeJewelryRingJadeTopaz,BSAssets.esm,CraftingSmithingForge,BSKJewelryRingJadeTopaz,ARMO,,,
3,Orcish,3,Orcish,keyword WeapMaterialOrcish,,843:ccBGSSSE037-Curios.esl,ccBGSSSE037_RecipeBoltOrcish,ccBGSSSE037-Curios.esl,CraftingSmithingForge,ccBGSSSE037_OrcishBolt,AMMO,WeapMaterialOrcish,OrcishSmithing,GetGlobalValue DLC1TechXbowSteelChanceNone == 0.0; GetGlobalValue DLC1TechXbowEnhancedChanceNone == 0.0; GetGlobalValue DLC1TechXbowDwarvenChanceNone == 0.0; GetFactionRank DLC1DawnguardFaction == 1.0
3,Orcish,3,Orcish,keyword WeapMaterialOrcish,,b654:Dawnguard.esm,DLC1RecipeArrowOrcish,Dawnguard.esm,CraftingSmithingForge,OrcishArrow,AMMO,WeapMaterialOrcish,OrcishSmithing,
3,Nordic,3,Nordic,keyword DLC2ArmorMaterialNordicHeavy,,2b066:Dragonborn.esm,DLC2RecipeArmorNordicHeavyBoots,Dragonborn.esm,CraftingSmithingForge,DLC2ArmorNordicHeavyBoots,ARMO,DLC2ArmorMaterialNordicHeavy,AdvancedArmors,
3,Nordic,3,Nordic,keyword DLC2ArmorMaterialNordicHeavy,,2b067:Dragonborn.esm,DLC2RecipeArmorNordicHeavyCuirass,Dragonborn.esm,CraftingSmithingForge,DLC2ArmorNordicHeavyCuirass,ARMO,DLC2ArmorMaterialNordicHeavy,AdvancedArmors,
3,Nordic,3,Nordic,keyword DLC2ArmorMaterialNordicHeavy,,2b068:Dragonborn.esm,DLC2RecipeArmorNordicHeavyGauntlets,Dragonborn.esm,CraftingSmithingForge,DLC2ArmorNordicHeavyGauntlets,ARMO,DLC2ArmorMaterialNordicHeavy,AdvancedArmors,
3,Nordic,3,Nordic,keyword DLC2ArmorMaterialNordicHeavy,,2b069:Dragonborn.esm,DLC2RecipeArmorNordicHeavyHelmet,Dragonborn.esm,CraftingSmithingForge,DLC2ArmorNordicHeavyHelmet,ARMO,DLC2ArmorMaterialNordicHeavy,AdvancedArmors,
3,Nordic,3,Nordic,keyword DLC2ArmorMaterialNordicHeavy,,2b065:Dragonborn.esm,DLC2RecipeArmorNordicShield,Dragonborn.esm,CraftingSmithingForge,DLC2ArmorNordicShield,ARMO,DLC2ArmorMaterialNordicHeavy,AdvancedArmors,
3,Nordic,3,Nordic,keyword DLC2WeaponMaterialNordic,,3cf53:Dragonborn.esm,DLC2RecipeArrowNordic,Dragonborn.esm,CraftingSmithingForge,DLC2NordicArrow,AMMO,DLC2WeaponMaterialNordic,AdvancedArmors,GetGlobalValue DLC2ArrowSmithing == 1.0
3,Nordic,3,Nordic,keyword DLC2WeaponMaterialNordic,,2b07e:Dragonborn.esm,DLC2RecipeWeaponNordicBattleAxe,Dragonborn.esm,CraftingSmithingForge,DLC2NordicBattleaxe,WEAP,DLC2WeaponMaterialNordic,AdvancedArmors,
3,Nordic,3,Nordic,keyword DLC2WeaponMaterialNordic,,2b07f:Dragonborn.esm,DLC2RecipeWeaponNordicBow,Dragonborn.esm,CraftingSmithingForge,DLC2NordicBow,WEAP,DLC2WeaponMaterialNordic,AdvancedArmors,
3,Nordic,3,Nordic,keyword DLC2WeaponMaterialNordic,,2b080:Dragonborn.esm,DLC2RecipeWeaponNordicDagger,Dragonborn.esm,CraftingSmithingForge,DLC2NordicDagger,WEAP,DLC2WeaponMaterialNordic,AdvancedArmors,
3,Nordic,3,Nordic,keyword DLC2WeaponMaterialNordic,,2b081:Dragonborn.esm,DLC2RecipeWeaponNordicGreatsword,Dragonborn.esm,CraftingSmithingForge,DLC2NordicGreatsword,WEAP,DLC2WeaponMaterialNordic,AdvancedArmors,
3,Nordic,3,Nordic,keyword DLC2WeaponMaterialNordic,,2b082:Dragonborn.esm,DLC2RecipeWeaponNordicMace,Dragonborn.esm,CraftingSmithingForge,DLC2NordicMace,WEAP,DLC2WeaponMaterialNordic,AdvancedArmors,
3,Nordic,3,Nordic,keyword DLC2WeaponMaterialNordic,,2b083:Dragonborn.esm,DLC2RecipeWeaponNordicSword,Dragonborn.esm,CraftingSmithingForge,DLC2NordicSword,WEAP,DLC2WeaponMaterialNordic,AdvancedArmors,
3,Nordic,3,Nordic,keyword DLC2WeaponMaterialNordic,,2b084:Dragonborn.esm,DLC2RecipeWeaponNordicWarAxe,Dragonborn.esm,CraftingSmithingForge,DLC2NordicWarAxe,WEAP,DLC2WeaponMaterialNordic,AdvancedArmors,
3,Nordic,3,Nordic,keyword DLC2WeaponMaterialNordic,,2b085:Dragonborn.esm,DLC2RecipeWeaponNordicWarhammer,Dragonborn.esm,CraftingSmithingForge,DLC2NordicWarhammer,WEAP,DLC2WeaponMaterialNordic,AdvancedArmors,
1,,3,Orcish,"faction gear: the faction role is the gate, any Blacksmith tier, no manual (Nate, 7 Oct)",,dd983:Skyrim.esm,RecipeArmorOrcishBoots,DragonBreak Nexus Patches.esp,CraftingSmithingForge,ArmorOrcishBoots,ARMO,ArmorMaterialOrcish,OrcishSmithing,#69 OrcRace == 1.0; #69 OrcRaceVampire == 1.0
1,,3,Orcish,"faction gear: the faction role is the gate, any Blacksmith tier, no manual (Nate, 7 Oct)",,dd984:Skyrim.esm,RecipeArmorOrcishCuirass,DragonBreak Nexus Patches.esp,CraftingSmithingForge,ArmorOrcishCuirass,ARMO,ArmorMaterialOrcish,OrcishSmithing,#69 OrcRace == 1.0; #69 OrcRaceVampire == 1.0
1,,3,Orcish,"faction gear: the faction role is the gate, any Blacksmith tier, no manual (Nate, 7 Oct)",,dd985:Skyrim.esm,RecipeArmorOrcishGauntlets,DragonBreak Nexus Patches.esp,CraftingSmithingForge,ArmorOrcishGauntlets,ARMO,ArmorMaterialOrcish,OrcishSmithing,#69 OrcRace == 1.0; #69 OrcRaceVampire == 1.0
1,,3,Orcish,"faction gear: the faction role is the gate, any Blacksmith tier, no manual (Nate, 7 Oct)",,dd986:Skyrim.esm,RecipeArmorOrcishHelmet,DragonBreak Nexus Patches.esp,CraftingSmithingForge,ArmorOrcishHelmet,ARMO,ArmorMaterialOrcish,OrcishSmithing,#69 OrcRace == 1.0; #69 OrcRaceVampire == 1.0
1,,3,Orcish,"faction gear: the faction role is the gate, any Blacksmith tier, no manual (Nate, 7 Oct)",,dd987:Skyrim.esm,RecipeArmorOrcishShield,DragonBreak Nexus Patches.esp,CraftingSmithingForge,ArmorOrcishShield,ARMO,ArmorMaterialOrcish,OrcishSmithing,#69 OrcRace == 1.0; #69 OrcRaceVampire == 1.0
1,,3,Orcish,"faction gear: the faction role is the gate, any Blacksmith tier, no manual (Nate, 7 Oct)",,601a87:BSAssets.esm,BSKRecipe74wLongswordOrcish,DragonBreak Nexus Patches.esp,CraftingSmithingForge,BSK74wLongswordOrcish,WEAP,WeapMaterialOrcish,OrcishSmithing,#520 0 == 1.0; #69 OrcRace == 1.0; #69 OrcRaceVampire == 1.0
3,PlateAndScale,3,PlateAndScale,keyword IAKMaterialSteel+IAKMaterialIron+IAKMaterialAdvancedPlate+IAKMaterialOrcish,,53b1:Hothtrooper44_ArmorCompilation.esp,IARArmorHeavyFurHoodBlackScarf,DragonBreak Nexus Patches.esp,CraftingSmithingForge,IAArmorHeavyFurHoodBlackScarf,ARMO,IAKMaterialSteel+IAKMaterialIron+IAKMaterialAdvancedPlate+IAKMaterialOrcish,AdvancedArmors,GetGlobalValue CCO_CategoryHide == 1.0; GetGlobalValue IACTArmorFurHood == 1.0; GetGlobalValue IAVTArmorFurHood == 1.0; GetGlobalValue CCO_ArmorHelmetRecipes == 1.0; GetGlobalValue CCO_ArmorHeavyRecipes == 1.0; GetGlobalValue CCO_MODImmersiveArmors == 1.0
3,PlateAndScale,3,PlateAndScale,keyword IAKMaterialSteel+IAKMaterialIron+IAKMaterialAdvancedPlate+IAKMaterialOrcish,,4e4e:Hothtrooper44_ArmorCompilation.esp,IARArmorHeavyFurHoodPlainScarf,DragonBreak Nexus Patches.esp,CraftingSmithingForge,IAArmorHeavyFurHoodPlainScarf,ARMO,IAKMaterialSteel+IAKMaterialIron+IAKMaterialAdvancedPlate+IAKMaterialOrcish,AdvancedArmors,GetGlobalValue CCO_CategoryHide == 1.0; GetGlobalValue IACTArmorFurHood == 1.0; GetGlobalValue IAVTArmorFurHood == 3.0; GetGlobalValue CCO_ArmorHelmetRecipes == 1.0; GetGlobalValue CCO_ArmorHeavyRecipes == 1.0; GetGlobalValue CCO_MODImmersiveArmors == 1.0
3,PlateAndScale,3,PlateAndScale,keyword IAKMaterialSteel+IAKMaterialIron+IAKMaterialAdvancedPlate+IAKMaterialOrcish,,53b2:Hothtrooper44_ArmorCompilation.esp,IARArmorHeavyFurHoodWhiteScarf,DragonBreak Nexus Patches.esp,CraftingSmithingForge,IAArmorHeavyFurHoodWhiteScarf,ARMO,IAKMaterialSteel+IAKMaterialIron+IAKMaterialAdvancedPlate+IAKMaterialOrcish,AdvancedArmors,GetGlobalValue CCO_CategoryHide == 1.0; GetGlobalValue IACTArmorFurHood == 1.0; GetGlobalValue IAVTArmorFurHood == 5.0; GetGlobalValue CCO_ArmorHelmetRecipes == 1.0; GetGlobalValue CCO_ArmorHeavyRecipes == 1.0; GetGlobalValue CCO_MODImmersiveArmors == 1.0
3,Orcish,3,Orcish,perk OrcishSmithing,,238fe:Hothtrooper44_ArmorCompilation.esp,IARBosmerFullCape,DragonBreak Nexus Patches.esp,CraftingSmithingForge,IABosmerFullCape,ARMO,,OrcishSmithing,GetGlobalValue CCO_CategoryElven == 1.0; GetGlobalValue IACTBosmer == 1.0; GetGlobalValue CCO_ArmorClothingRecipes == 1.0; GetGlobalValue CCO_ClothingCloakRecipes == 1.0; GetGlobalValue CCO_MODImmersiveArmors == 1.0
3,PlateAndScale,3,PlateAndScale,perk AdvancedArmors,,23918:Hothtrooper44_ArmorCompilation.esp,IARBosmerMask,DragonBreak Nexus Patches.esp,CraftingSmithingForge,IABosmerMask,ARMO,,AdvancedArmors,GetGlobalValue CCO_CategoryElven == 1.0; GetGlobalValue IACTBosmer == 1.0; GetGlobalValue CCO_ArmorClothingRecipes == 1.0; GetGlobalValue CCO_ClothingHoodRecipes == 1.0; GetGlobalValue CCO_MODImmersiveArmors == 1.0
3,Orcish,3,Orcish,perk OrcishSmithing,,23919:Hothtrooper44_ArmorCompilation.esp,IARBosmerShoulderCape,DragonBreak Nexus Patches.esp,CraftingSmithingForge,IABosmerShoulderCape,ARMO,,OrcishSmithing,GetGlobalValue CCO_CategoryElven == 1.0; GetGlobalValue IACTBosmer == 1.0; GetGlobalValue CCO_ArmorClothingRecipes == 1.0; GetGlobalValue CCO_ClothingCloakRecipes == 1.0; GetGlobalValue CCO_MODImmersiveArmors == 1.0
1,,3,Orcish,"faction gear: the faction role is the gate, any Blacksmith tier, no manual (Nate, 7 Oct)",,21478:Hothtrooper44_ArmorCompilation.esp,IARBucklerOrcish,DragonBreak Nexus Patches.esp,CraftingSmithingForge,IABucklerOrcish,ARMO,IAKMaterialOrcish,OrcishSmithing,GetGlobalValue CCO_CategoryOrcish == 1.0; GetGlobalValue IACTBucklers == 1.0; GetGlobalValue CCO_ArmorShieldRecipes == 1.0; GetGlobalValue CCO_ArmorLightRecipes == 1.0; GetGlobalValue CCO_MODImmersiveArmors == 1.0; #69 OrcRace == 1.0; #69 OrcRaceVampire == 1.0
3,PlateAndScale,3,PlateAndScale,keyword IAKMaterialAdvancedPlate,,2147c:Hothtrooper44_ArmorCompilation.esp,IARBucklerYsgramor,DragonBreak Nexus Patches.esp,CraftingSmithingForge,IABucklerYsgramor,ARMO,IAKMaterialAdvancedPlate,EbonySmithing,GetGlobalValue CCO_CategoryFactionCompanions == 1.0; GetGlobalValue IAGNoQuestCrafting == 1.0; GetQuestCompleted C06 == 1.0; GetGlobalValue IACTBucklers == 1.0; GetGlobalValue IACTFactionShields == 1.0; GetGlobalValue CCO_ArmorShieldRecipes == 1.0; GetGlobalValue CCO_ArmorLightRecipes == 1.0; GetGlobalValue CCO_OptionArtifactReplicas == 1.0; GetGlobalValue CCO_MODImmersiveArmors == 1.0
3,Orcish,3,Orcish,perk OrcishSmithing,,3aab2:Hothtrooper44_ArmorCompilation.esp,IARConanAmulet,DragonBreak Nexus Patches.esp,CraftingSmithingForge,IAConanAmulet,ARMO,,OrcishSmithing,GetGlobalValue IACTBarbarianHero == 1.0; GetGlobalValue CCO_MiscNecklaceRecipes == 1.0; GetGlobalValue CCO_ArmorClothingRecipes == 1.0; GetGlobalValue CCO_MODImmersiveArmors == 1.0; GetGlobalValue CCO_CategoryNordic == 1.0
3,PlateAndScale,3,PlateAndScale,keyword IAKMaterialAdvancedScale,,230eb:Hothtrooper44_ArmorCompilation.esp,IARConanBoots,DragonBreak Nexus Patches.esp,CraftingSmithingForge,IAConanBoots,ARMO,IAKMaterialAdvancedScale,ElvenSmithing,GetGlobalValue CCO_CategoryNordic == 1.0; GetGlobalValue IACTBarbarianHero == 1.0; GetGlobalValue CCO_ArmorBootRecipes == 1.0; GetGlobalValue CCO_ArmorLightRecipes == 1.0; GetGlobalValue CCO_MODImmersiveArmors == 1.0
3,PlateAndScale,3,PlateAndScale,keyword IAKMaterialAdvancedScale,,230ec:Hothtrooper44_ArmorCompilation.esp,IARConanBracers,DragonBreak Nexus Patches.esp,CraftingSmithingForge,IAConanBracers,ARMO,IAKMaterialAdvancedScale,ElvenSmithing,GetGlobalValue CCO_CategoryNordic == 1.0; GetGlobalValue IACTBarbarianHero == 1.0; GetGlobalValue CCO_ArmorGauntletRecipes == 1.0; GetGlobalValue CCO_ArmorLightRecipes == 1.0; GetGlobalValue CCO_MODImmersiveArmors == 1.0
3,PlateAndScale,3,PlateAndScale,keyword IAKMaterialAdvancedScale,,230ed:Hothtrooper44_ArmorCompilation.esp,IARConanCirclet,DragonBreak Nexus Patches.esp,CraftingSmithingForge,IAConanCirclet,ARMO,IAKMaterialAdvancedScale,ElvenSmithing,GetGlobalValue CCO_CategoryNordic == 1.0; GetGlobalValue IACTBarbarianHero == 1.0; GetGlobalValue CCO_MiscCircletRecipes == 1.0; GetGlobalValue CCO_ArmorLightRecipes == 1.0; GetGlobalValue CCO_MODImmersiveArmors == 1.0
3,PlateAndScale,3,PlateAndScale,keyword IAKMaterialAdvancedScale,,230ee:Hothtrooper44_ArmorCompilation.esp,IARConanCuirass,DragonBreak Nexus Patches.esp,CraftingSmithingForge,IAConanCuirass,ARMO,IAKMaterialAdvancedScale,ElvenSmithing,GetGlobalValue CCO_CategoryNordic == 1.0; GetGlobalValue IACTBarbarianHero == 1.0; GetGlobalValue CCO_ArmorCuirassRecipes == 1.0; GetGlobalValue CCO_ArmorLightRecipes == 1.0; GetGlobalValue CCO_MODImmersiveArmors == 1.0
3,PlateAndScale,3,PlateAndScale,keyword IAKMaterialAdvancedScale,,230fb:Hothtrooper44_ArmorCompilation.esp,IARCrimsonArcherBoots,DragonBreak Nexus Patches.esp,CraftingSmithingForge,IACrimsonArcherBoots,ARMO,IAKMaterialAdvancedScale,OrcishSmithing,GetGlobalValue IACTCrimsonArcher == 1.0; GetGlobalValue CCO_ArmorBootRecipes == 1.0; GetGlobalValue CCO_ArmorLightRecipes == 1.0; GetGlobalValue CCO_MODImmersiveArmors == 1.0; GetGlobalValue CCO_CategoryExotic == 1.0
3,PlateAndScale,3,PlateAndScale,keyword IAKMaterialAdvancedScale,,230fc:Hothtrooper44_ArmorCompilation.esp,IARCrimsonArcherCuirass,DragonBreak Nexus Patches.esp,CraftingSmithingForge,IACrimsonArcherCuirass,ARMO,IAKMaterialAdvancedScale,OrcishSmithing,GetGlobalValue IACTCrimsonArcher == 1.0; GetGlobalValue CCO_ArmorCuirassRecipes == 1.0; GetGlobalValue CCO_ArmorLightRecipes == 1.0; GetGlobalValue CCO_MODImmersiveArmors == 1.0; GetGlobalValue CCO_CategoryExotic == 1.0
3,PlateAndScale,3,PlateAndScale,keyword IAKMaterialAdvancedScale,,230fd:Hothtrooper44_ArmorCompilation.esp,IARCrimsonArcherGloves,DragonBreak Nexus Patches.esp,CraftingSmithingForge,IACrimsonArcherGloves,ARMO,IAKMaterialAdvancedScale,OrcishSmithing,GetGlobalValue IACTCrimsonArcher == 1.0; GetGlobalValue CCO_ArmorGauntletRecipes == 1.0; GetGlobalValue CCO_ArmorLightRecipes == 1.0; GetGlobalValue CCO_MODImmersiveArmors == 1.0; GetGlobalValue CCO_CategoryExotic == 1.0
3,Orcish,3,Orcish,perk OrcishSmithing,,37309:Hothtrooper44_ArmorCompilation.esp,IARDwarvenMageUnarmoredBoots,DragonBreak Nexus Patches.esp,CraftingSmithingForge,IADwarvenMageUBoots,ARMO,,OrcishSmithing,GetGlobalValue CCO_CategoryArcane == 1.0; GetGlobalValue CCO_CategoryDwarven == 1.0; GetGlobalValue IACTDwarvenMageRobe == 1.0; GetGlobalValue IAWTDwarvenMageRobe == 2.0; GetGlobalValue CCO_ClothingBootRecipes == 1.0; GetGlobalValue CCO_ArmorClothingRecipes == 1.0; GetGlobalValue CCO_MODImmersiveArmors == 1.0
3,Orcish,3,Orcish,perk OrcishSmithing,,37308:Hothtrooper44_ArmorCompilation.esp,IARDwarvenMageUnarmoredGauntlets,DragonBreak Nexus Patches.esp,CraftingSmithingForge,IADwarvenMageUGauntlets,ARMO,,OrcishSmithing,GetGlobalValue CCO_CategoryArcane == 1.0; GetGlobalValue CCO_CategoryDwarven == 1.0; GetGlobalValue IACTDwarvenMageRobe == 1.0; GetGlobalValue IAWTDwarvenMageRobe == 2.0; GetGlobalValue CCO_ClothingGlovesRecipes == 1.0; GetGlobalValue CCO_ArmorClothingRecipes == 1.0; GetGlobalValue CCO_MODImmersiveArmors == 1.0
3,Orcish,3,Orcish,perk OrcishSmithing,,37307:Hothtrooper44_ArmorCompilation.esp,IARDwarvenMageUnarmoredHood,DragonBreak Nexus Patches.esp,CraftingSmithingForge,IADwarvenMageUHood,ARMO,,OrcishSmithing,GetGlobalValue CCO_CategoryArcane == 1.0; GetGlobalValue CCO_CategoryDwarven == 1.0; GetGlobalValue IACTDwarvenMageRobe == 1.0; GetGlobalValue IAWTDwarvenMageRobe == 2.0; GetGlobalValue CCO_ClothingHoodRecipes == 1.0; GetGlobalValue CCO_ArmorClothingRecipes == 1.0; GetGlobalValue CCO_MODImmersiveArmors == 1.0
3,Orcish,3,Orcish,perk OrcishSmithing,,37306:Hothtrooper44_ArmorCompilation.esp,IARDwarvenMageUnarmoredRobe,DragonBreak Nexus Patches.esp,CraftingSmithingForge,IADwarvenMageURobe,ARMO,,OrcishSmithing,GetGlobalValue CCO_CategoryArcane == 1.0; GetGlobalValue CCO_CategoryDwarven == 1.0; GetGlobalValue IACTDwarvenMageRobe == 1.0; GetGlobalValue IAWTDwarvenMageRobe == 2.0; GetGlobalValue CCO_ClothingRobeRecipes == 1.0; GetGlobalValue CCO_ArmorClothingRecipes == 1.0; GetGlobalValue CCO_MODImmersiveArmors == 1.0
3,PlateAndScale,3,PlateAndScale,keyword IAKMaterialAdvancedPlate,,23953:Hothtrooper44_ArmorCompilation.esp,IAREbonyMageLightBoots,DragonBreak Nexus Patches.esp,CraftingSmithingForge,IAEbonyMageLightBoots,ARMO,IAKMaterialAdvancedPlate,EbonySmithing,GetGlobalValue CCO_CategoryArcane == 1.0; GetGlobalValue CCO_CategoryEbony == 1.0; GetGlobalValue IACTEbonyMageRobe == 1.0; GetGlobalValue IAWTEbonyMageRobe == 1.0; GetGlobalValue CCO_ArmorBootRecipes == 1.0; GetGlobalValue CCO_ArmorLightRecipes == 1.0; GetGlobalValue CCO_MODImmersiveArmors == 1.0
3,PlateAndScale,3,PlateAndScale,keyword IAKMaterialAdvancedPlate,,23955:Hothtrooper44_ArmorCompilation.esp,IAREbonyMageLightGloves,DragonBreak Nexus Patches.esp,CraftingSmithingForge,IAEbonyMageLightGloves,ARMO,IAKMaterialAdvancedPlate,EbonySmithing,GetGlobalValue CCO_CategoryArcane == 1.0; GetGlobalValue CCO_CategoryEbony == 1.0; GetGlobalValue IACTEbonyMageRobe == 1.0; GetGlobalValue IAWTEbonyMageRobe == 1.0; GetGlobalValue CCO_ArmorGauntletRecipes == 1.0; GetGlobalValue CCO_ArmorLightRecipes == 1.0; GetGlobalValue CCO_MODImmersiveArmors == 1.0
3,PlateAndScale,3,PlateAndScale,keyword IAKMaterialAdvancedPlate,,23956:Hothtrooper44_ArmorCompilation.esp,IAREbonyMageLightHood,DragonBreak Nexus Patches.esp,CraftingSmithingForge,IAEbonyMageLightHood,ARMO,IAKMaterialAdvancedPlate,EbonySmithing,GetGlobalValue CCO_CategoryArcane == 1.0; GetGlobalValue CCO_CategoryEbony == 1.0; GetGlobalValue IACTEbonyMageRobe == 1.0; GetGlobalValue IAWTEbonyMageRobe == 1.0; GetGlobalValue CCO_ArmorHelmetRecipes == 1.0; GetGlobalValue CCO_ArmorLightRecipes == 1.0; GetGlobalValue CCO_MODImmersiveArmors == 1.0
3,PlateAndScale,3,PlateAndScale,keyword IAKMaterialAdvancedPlate,,23954:Hothtrooper44_ArmorCompilation.esp,IAREbonyMageLightRobe,DragonBreak Nexus Patches.esp,CraftingSmithingForge,IAEbonyMageLightRobe,ARMO,IAKMaterialAdvancedPlate,EbonySmithing,GetGlobalValue CCO_CategoryArcane == 1.0; GetGlobalValue CCO_CategoryEbony == 1.0; GetGlobalValue IACTEbonyMageRobe == 1.0; GetGlobalValue IAWTEbonyMageRobe == 1.0; GetGlobalValue CCO_ArmorCuirassRecipes == 1.0; GetGlobalValue CCO_ArmorLightRecipes == 1.0; GetGlobalValue CCO_MODImmersiveArmors == 1.0
3,PlateAndScale,3,PlateAndScale,keyword IAKMaterialAdvancedScale,,3e39:Hothtrooper44_ArmorCompilation.esp,IAREinherjarBrigandineDarkBoots,DragonBreak Nexus Patches.esp,CraftingSmithingForge,IAEinherjarBrigandineDarkBoots,ARMO,IAKMaterialAdvancedScale,OrcishSmithing,GetGlobalValue CCO_CategoryNordic == 1.0; GetGlobalValue IACTEinherjarBrigandine == 1.0; GetGlobalValue IAVTEinherjarBrigandine == 0.0; GetGlobalValue CCO_ArmorBootRecipes == 1.0; GetGlobalValue CCO_ArmorLightRecipes == 1.0; GetGlobalValue CCO_MODImmersiveArmors == 1.0
3,PlateAndScale,3,PlateAndScale,keyword IAKMaterialAdvancedScale,,3e50:Hothtrooper44_ArmorCompilation.esp,IAREinherjarBrigandineDarkCuirass,DragonBreak Nexus Patches.esp,CraftingSmithingForge,IAEinherjarBrigandineDarkCuirass,ARMO,IAKMaterialAdvancedScale,OrcishSmithing,GetGlobalValue CCO_CategoryNordic == 1.0; GetGlobalValue IACTEinherjarBrigandine == 1.0; GetGlobalValue IAVTEinherjarBrigandine == 0.0; GetGlobalValue CCO_ArmorCuirassRecipes == 1.0; GetGlobalValue CCO_ArmorLightRecipes == 1.0; GetGlobalValue CCO_MODImmersiveArmors == 1.0
3,PlateAndScale,3,PlateAndScale,keyword IAKMaterialAdvancedScale,,3e3f:Hothtrooper44_ArmorCompilation.esp,IAREinherjarBrigandineDarkGauntlets,DragonBreak Nexus Patches.esp,CraftingSmithingForge,IAEinherjarBrigandineDarkGauntlets,ARMO,IAKMaterialAdvancedScale,OrcishSmithing,GetGlobalValue CCO_CategoryNordic == 1.0; GetGlobalValue IACTEinherjarBrigandine == 1.0; GetGlobalValue IAVTEinherjarBrigandine == 0.0; GetGlobalValue CCO_ArmorGauntletRecipes == 1.0; GetGlobalValue CCO_ArmorLightRecipes == 1.0; GetGlobalValue CCO_MODImmersiveArmors == 1.0
3,PlateAndScale,3,PlateAndScale,keyword IAKMaterialAdvancedScale,,3e49:Hothtrooper44_ArmorCompilation.esp,IAREinherjarBrigandineDarkHood,DragonBreak Nexus Patches.esp,CraftingSmithingForge,IAEinherjarBrigandineDarkHood,ARMO,IAKMaterialAdvancedScale,OrcishSmithing,GetGlobalValue CCO_CategoryNordic == 1.0; GetGlobalValue IACTEinherjarBrigandine == 1.0; GetGlobalValue IAVTEinherjarBrigandine == 0.0; GetGlobalValue CCO_ArmorHelmetRecipes == 1.0; GetGlobalValue CCO_ArmorLightRecipes == 1.0; GetGlobalValue CCO_MODImmersiveArmors == 1.0
3,PlateAndScale,3,PlateAndScale,keyword IAKMaterialAdvancedScale,,3e3a:Hothtrooper44_ArmorCompilation.esp,IAREinherjarBrigandineLightBoots,DragonBreak Nexus Patches.esp,CraftingSmithingForge,IAEinherjarBrigandineLightBoots,ARMO,IAKMaterialAdvancedScale,OrcishSmithing,GetGlobalValue CCO_CategoryNordic == 1.0; GetGlobalValue IACTEinherjarBrigandine == 1.0; GetGlobalValue IAVTEinherjarBrigandine != 0.0; GetGlobalValue CCO_ArmorBootRecipes == 1.0; GetGlobalValue CCO_ArmorLightRecipes == 1.0; GetGlobalValue CCO_MODImmersiveArmors == 1.0
3,PlateAndScale,3,PlateAndScale,keyword IAKMaterialAdvancedScale,,3e40:Hothtrooper44_ArmorCompilation.esp,IAREinherjarBrigandineLightGauntlets,DragonBreak Nexus Patches.esp,CraftingSmithingForge,IAEinherjarBrigandineLightBracers,ARMO,IAKMaterialAdvancedScale,OrcishSmithing,GetGlobalValue CCO_CategoryNordic == 1.0; GetGlobalValue IACTEinherjarBrigandine == 1.0; GetGlobalValue IAVTEinherjarBrigandine != 0.0; GetGlobalValue CCO_ArmorGauntletRecipes == 1.0; GetGlobalValue CCO_ArmorLightRecipes == 1.0; GetGlobalValue CCO_MODImmersiveArmors == 1.0
3,PlateAndScale,3,PlateAndScale,keyword IAKMaterialAdvancedScale,,3e51:Hothtrooper44_ArmorCompilation.esp,IAREinherjarBrigandineLightCuirass,DragonBreak Nexus Patches.esp,CraftingSmithingForge,IAEinherjarBrigandineLightCuirass,ARMO,IAKMaterialAdvancedScale,OrcishSmithing,GetGlobalValue CCO_CategoryNordic == 1.0; GetGlobalValue IACTEinherjarBrigandine == 1.0; GetGlobalValue IAVTEinherjarBrigandine != 0.0; GetGlobalValue CCO_ArmorCuirassRecipes == 1.0; GetGlobalValue CCO_ArmorLightRecipes == 1.0; GetGlobalValue CCO_MODImmersiveArmors == 1.0
3,PlateAndScale,3,PlateAndScale,keyword IAKMaterialAdvancedScale,,3e4a:Hothtrooper44_ArmorCompilation.esp,IAREinherjarBrigandineLightHood,DragonBreak Nexus Patches.esp,CraftingSmithingForge,IAEinherjarBrigandineLightHood,ARMO,IAKMaterialAdvancedScale,OrcishSmithing,GetGlobalValue CCO_CategoryNordic == 1.0; GetGlobalValue IACTEinherjarBrigandine == 1.0; GetGlobalValue IAVTEinherjarBrigandine != 0.0; GetGlobalValue CCO_ArmorHelmetRecipes == 1.0; GetGlobalValue CCO_ArmorLightRecipes == 1.0; GetGlobalValue CCO_MODImmersiveArmors == 1.0
3,PlateAndScale,3,PlateAndScale,keyword IAKMaterialAdvancedPlate,,12e2:Hothtrooper44_ArmorCompilation.esp,IAREinherjarPlateDarkBoots,DragonBreak Nexus Patches.esp,CraftingSmithingForge,IAEinherjarPlateDarkBoots,ARMO,IAKMaterialAdvancedPlate,OrcishSmithing,GetGlobalValue CCO_CategoryNordic == 1.0; GetGlobalValue IACTEinherjarPlate == 1.0; GetGlobalValue IAVTEinherjarPlate == 0.0; GetGlobalValue CCO_ArmorBootRecipes == 1.0; GetGlobalValue CCO_ArmorHeavyRecipes == 1.0; GetGlobalValue CCO_MODImmersiveArmors == 1.0
3,PlateAndScale,3,PlateAndScale,keyword IAKMaterialAdvancedPlate,,8042:Hothtrooper44_ArmorCompilation.esp,IAREinherjarPlateDarkCuirass,DragonBreak Nexus Patches.esp,CraftingSmithingForge,IAEinherjarPlateDarkCuirass,ARMO,IAKMaterialAdvancedPlate,OrcishSmithing,GetGlobalValue CCO_CategoryNordic == 1.0; GetGlobalValue IACTEinherjarPlate == 1.0; GetGlobalValue IAVTEinherjarPlate == 0.0; GetGlobalValue CCO_ArmorCuirassRecipes == 1.0; GetGlobalValue CCO_ArmorHeavyRecipes == 1.0; GetGlobalValue CCO_MODImmersiveArmors == 1.0
3,PlateAndScale,3,PlateAndScale,keyword IAKMaterialAdvancedPlate,,8044:Hothtrooper44_ArmorCompilation.esp,IAREinherjarPlateDarkGauntlets,DragonBreak Nexus Patches.esp,CraftingSmithingForge,IAEinherjarPlateDarkGauntlets,ARMO,IAKMaterialAdvancedPlate,OrcishSmithing,GetGlobalValue CCO_CategoryNordic == 1.0; GetGlobalValue IACTEinherjarPlate == 1.0; GetGlobalValue IAVTEinherjarPlate == 0.0; GetGlobalValue CCO_ArmorGauntletRecipes == 1.0; GetGlobalValue CCO_ArmorHeavyRecipes == 1.0; GetGlobalValue CCO_MODImmersiveArmors == 1.0
3,PlateAndScale,3,PlateAndScale,keyword IAKMaterialAdvancedPlate,,8043:Hothtrooper44_ArmorCompilation.esp,IAREinherjarPlateDarkHood,DragonBreak Nexus Patches.esp,CraftingSmithingForge,IAEinherjarPlateDarkHood,ARMO,IAKMaterialAdvancedPlate,OrcishSmithing,GetGlobalValue CCO_CategoryNordic == 1.0; GetGlobalValue IACTEinherjarPlate == 1.0; GetGlobalValue IAVTEinherjarPlate == 0.0; GetGlobalValue CCO_ArmorHelmetRecipes == 1.0; GetGlobalValue CCO_ArmorHeavyRecipes == 1.0; GetGlobalValue CCO_MODImmersiveArmors == 1.0
3,PlateAndScale,3,PlateAndScale,keyword IAKMaterialAdvancedPlate,,8045:Hothtrooper44_ArmorCompilation.esp,IAREinherjarPlateLightBoots,DragonBreak Nexus Patches.esp,CraftingSmithingForge,IAEinherjarPlateLightBoots,ARMO,IAKMaterialAdvancedPlate,OrcishSmithing,GetGlobalValue CCO_CategoryNordic == 1.0; GetGlobalValue IACTEinherjarPlate == 1.0; GetGlobalValue IAVTEinherjarPlate != 0.0; GetGlobalValue CCO_ArmorBootRecipes == 1.0; GetGlobalValue CCO_ArmorHeavyRecipes == 1.0; GetGlobalValue CCO_MODImmersiveArmors == 1.0
3,PlateAndScale,3,PlateAndScale,keyword IAKMaterialAdvancedPlate,,12e7:Hothtrooper44_ArmorCompilation.esp,IAREinherjarPlateLightCuirass,DragonBreak Nexus Patches.esp,CraftingSmithingForge,IAEinherjarPlateLightCuirass,ARMO,IAKMaterialAdvancedPlate,OrcishSmithing,GetGlobalValue CCO_CategoryNordic == 1.0; GetGlobalValue IACTEinherjarPlate == 1.0; GetGlobalValue IAVTEinherjarPlate != 0.0; GetGlobalValue CCO_ArmorCuirassRecipes == 1.0; GetGlobalValue CCO_ArmorHeavyRecipes == 1.0; GetGlobalValue CCO_MODImmersiveArmors == 1.0
3,PlateAndScale,3,PlateAndScale,keyword IAKMaterialAdvancedPlate,,12e1:Hothtrooper44_ArmorCompilation.esp,IAREinherjarPlateLightGauntlets,DragonBreak Nexus Patches.esp,CraftingSmithingForge,IAEinherjarPlateLightGauntlets,ARMO,IAKMaterialAdvancedPlate,OrcishSmithing,GetGlobalValue CCO_CategoryNordic == 1.0; GetGlobalValue IACTEinherjarPlate == 1.0; GetGlobalValue IAVTEinherjarPlate != 0.0; GetGlobalValue CCO_ArmorGauntletRecipes == 1.0; GetGlobalValue CCO_ArmorHeavyRecipes == 1.0; GetGlobalValue CCO_MODImmersiveArmors == 1.0
3,PlateAndScale,3,PlateAndScale,keyword IAKMaterialAdvancedPlate,,12e5:Hothtrooper44_ArmorCompilation.esp,IAREinherjarPlateLightHood,DragonBreak Nexus Patches.esp,CraftingSmithingForge,IAEinherjarPlateLightHood,ARMO,IAKMaterialAdvancedPlate,OrcishSmithing,GetGlobalValue CCO_CategoryNordic == 1.0; GetGlobalValue IACTEinherjarPlate == 1.0; GetGlobalValue IAVTEinherjarPlate != 0.0; GetGlobalValue CCO_ArmorHelmetRecipes == 1.0; GetGlobalValue CCO_ArmorHeavyRecipes == 1.0; GetGlobalValue CCO_MODImmersiveArmors == 1.0
3,PlateAndScale,3,PlateAndScale,keyword IAKMaterialAdvancedPlate,,d9a:Hothtrooper44_ArmorCompilation.esp,IARFalkreathBoots,DragonBreak Nexus Patches.esp,CraftingSmithingForge,IAFalkreathBoots,ARMO,IAKMaterialAdvancedPlate,EbonySmithing,GetGlobalValue CCO_CategoryFactionHold == 1.0; GetGlobalValue CCO_CategoryNordic == 1.0; GetGlobalValue IACTFalkreath == 1.0; GetGlobalValue CCO_ArmorBootRecipes == 1.0; GetGlobalValue CCO_ArmorHeavyRecipes == 1.0; GetGlobalValue CCO_MODImmersiveArmors == 1.0
3,PlateAndScale,3,PlateAndScale,keyword IAKMaterialAdvancedPlate,,d9c:Hothtrooper44_ArmorCompilation.esp,IARFalkreathCrown,DragonBreak Nexus Patches.esp,CraftingSmithingForge,IAFalkreathCrown,ARMO,IAKMaterialAdvancedPlate,ArcaneBlacksmith+EbonySmithing,GetGlobalValue CCO_CategoryFactionHold == 1.0; GetGlobalValue CCO_CategoryNordic == 1.0; GetGlobalValue IACTFalkreath == 1.0; GetGlobalValue CCO_ArmorHelmetRecipes == 1.0; GetGlobalValue CCO_MiscCircletRecipes == 1.0; GetGlobalValue CCO_ArmorHeavyRecipes == 1.0; GetGlobalValue CCO_MODImmersiveArmors == 1.0
3,PlateAndScale,3,PlateAndScale,keyword IAKMaterialAdvancedPlate,,d9d:Hothtrooper44_ArmorCompilation.esp,IARFalkreathCuirass,DragonBreak Nexus Patches.esp,CraftingSmithingForge,IAFalkreathCuirass,ARMO,IAKMaterialAdvancedPlate,EbonySmithing,GetGlobalValue CCO_CategoryFactionHold == 1.0; GetGlobalValue CCO_CategoryNordic == 1.0; GetGlobalValue IACTFalkreath == 1.0; GetGlobalValue CCO_ArmorCuirassRecipes == 1.0; GetGlobalValue CCO_ArmorHeavyRecipes == 1.0; GetGlobalValue CCO_MODImmersiveArmors == 1.0
3,PlateAndScale,3,PlateAndScale,keyword IAKMaterialAdvancedPlate,,d9e:Hothtrooper44_ArmorCompilation.esp,IARFalkreathGauntlets,DragonBreak Nexus Patches.esp,CraftingSmithingForge,IAFalkreathGauntlets,ARMO,IAKMaterialAdvancedPlate,EbonySmithing,GetGlobalValue CCO_CategoryFactionHold == 1.0; GetGlobalValue CCO_CategoryNordic == 1.0; GetGlobalValue IACTFalkreath == 1.0; GetGlobalValue CCO_ArmorGauntletRecipes == 1.0; GetGlobalValue CCO_ArmorHeavyRecipes == 1.0; GetGlobalValue CCO_MODImmersiveArmors == 1.0
3,PlateAndScale,3,PlateAndScale,keyword IAKMaterialAdvancedPlate,,d9f:Hothtrooper44_ArmorCompilation.esp,IARFalkreathHelmet,DragonBreak Nexus Patches.esp,CraftingSmithingForge,IAFalkreathHelmet,ARMO,IAKMaterialAdvancedPlate,EbonySmithing,GetGlobalValue CCO_CategoryFactionHold == 1.0; GetGlobalValue CCO_CategoryNordic == 1.0; GetGlobalValue IACTFalkreath == 1.0; GetGlobalValue CCO_ArmorHelmetRecipes == 1.0; GetGlobalValue CCO_ArmorHeavyRecipes == 1.0; GetGlobalValue CCO_MODImmersiveArmors == 1.0
3,PlateAndScale,3,PlateAndScale,keyword IAKMaterialAdvancedPlate,,da0:Hothtrooper44_ArmorCompilation.esp,IARFalkreathShield,DragonBreak Nexus Patches.esp,CraftingSmithingForge,IAFalkreathShield,ARMO,IAKMaterialAdvancedPlate,EbonySmithing,GetGlobalValue CCO_CategoryFactionHold == 1.0; GetGlobalValue CCO_CategoryNordic == 1.0; GetGlobalValue IACTFalkreath == 1.0; GetGlobalValue CCO_ArmorShieldRecipes == 1.0; GetGlobalValue CCO_ArmorHeavyRecipes == 1.0; GetGlobalValue CCO_MODImmersiveArmors == 1.0
3,PlateAndScale,3,PlateAndScale,keyword IAKMaterialAdvancedPlate,,da1:Hothtrooper44_ArmorCompilation.esp,IARHedgeKnightBoots,DragonBreak Nexus Patches.esp,CraftingSmithingForge,IAHedgeKnightBoots,ARMO,IAKMaterialAdvancedPlate,OrcishSmithing,GetGlobalValue CCO_CategorySteel == 1.0; GetGlobalValue IACTHedgeKnight == 1.0; GetGlobalValue CCO_ArmorBootRecipes == 1.0; GetGlobalValue CCO_ArmorHeavyRecipes == 1.0; GetGlobalValue CCO_MODImmersiveArmors == 1.0
3,PlateAndScale,3,PlateAndScale,keyword IAKMaterialAdvancedPlate,,da2:Hothtrooper44_ArmorCompilation.esp,IARHedgeKnightCuirass,DragonBreak Nexus Patches.esp,CraftingSmithingForge,IAHedgeKnightCuirass,ARMO,IAKMaterialAdvancedPlate,OrcishSmithing,GetGlobalValue CCO_CategorySteel == 1.0; GetGlobalValue IACTHedgeKnight == 1.0; GetGlobalValue CCO_ArmorCuirassRecipes == 1.0; GetGlobalValue CCO_ArmorHeavyRecipes == 1.0; GetGlobalValue CCO_MODImmersiveArmors == 1.0
3,PlateAndScale,3,PlateAndScale,keyword IAKMaterialAdvancedPlate,,da3:Hothtrooper44_ArmorCompilation.esp,IARHedgeKnightGauntlets,DragonBreak Nexus Patches.esp,CraftingSmithingForge,IAHedgeKnightGauntlets,ARMO,IAKMaterialAdvancedPlate,OrcishSmithing,GetGlobalValue CCO_CategorySteel == 1.0; GetGlobalValue IACTHedgeKnight == 1.0; GetGlobalValue CCO_ArmorGauntletRecipes == 1.0; GetGlobalValue CCO_ArmorHeavyRecipes == 1.0; GetGlobalValue CCO_MODImmersiveArmors == 1.0
3,PlateAndScale,3,PlateAndScale,keyword IAKMaterialAdvancedPlate,,da4:Hothtrooper44_ArmorCompilation.esp,IARHedgeKnightHelmet,DragonBreak Nexus Patches.esp,CraftingSmithingForge,IAHedgeKnightHelmet,ARMO,IAKMaterialAdvancedPlate,OrcishSmithing,GetGlobalValue CCO_CategorySteel == 1.0; GetGlobalValue IACTHedgeKnight == 1.0; GetGlobalValue CCO_ArmorHelmetRecipes == 1.0; GetGlobalValue CCO_ArmorHeavyRecipes == 1.0; GetGlobalValue CCO_MODImmersiveArmors == 1.0
1,,3,PlateAndScale,"faction gear: the faction role is the gate, any Blacksmith tier, no manual (Nate, 7 Oct)",,5a1c:Hothtrooper44_ArmorCompilation.esp,IARHeroicImperialBoots,DragonBreak Nexus Patches.esp,CraftingSmithingForge,IAHeroicImperialBoots,ARMO,IAKMaterialAdvancedPlate,EbonySmithing,GetGlobalValue CCO_CategoryFactionImperial == 1.0; GetGlobalValue IAGNoQuestCrafting == 1.0; GetInFaction CWImperialFaction == 1.0; GetGlobalValue IAGNoQuestCrafting == 1.0; #629 CW > 0.0; GetGlobalValue IACTHeroicImperial == 1.0; GetGlobalValue CCO_ArmorBootRecipes == 1.0; GetGlobalValue CCO_ArmorHeavyRecipes == 1.0; GetGlobalValue CCO_MODImmersiveArmors == 1.0
1,,3,PlateAndScale,"faction gear: the faction role is the gate, any Blacksmith tier, no manual (Nate, 7 Oct)",,5a1e:Hothtrooper44_ArmorCompilation.esp,IARHeroicImperialGauntlets,DragonBreak Nexus Patches.esp,CraftingSmithingForge,IAHeroicImperialBracers,ARMO,IAKMaterialAdvancedPlate,EbonySmithing,GetGlobalValue CCO_CategoryFactionImperial == 1.0; GetGlobalValue IAGNoQuestCrafting == 1.0; GetInFaction CWImperialFaction == 1.0; GetGlobalValue IAGNoQuestCrafting == 1.0; #629 CW > 0.0; GetGlobalValue IACTHeroicImperial == 1.0; GetGlobalValue CCO_ArmorGauntletRecipes == 1.0; GetGlobalValue CCO_ArmorHeavyRecipes == 1.0; GetGlobalValue CCO_MODImmersiveArmors == 1.0
1,,3,PlateAndScale,"faction gear: the faction role is the gate, any Blacksmith tier, no manual (Nate, 7 Oct)",,5a1d:Hothtrooper44_ArmorCompilation.esp,IARHeroicImperialCuirass,DragonBreak Nexus Patches.esp,CraftingSmithingForge,IAHeroicImperialCuirass,ARMO,IAKMaterialAdvancedPlate,EbonySmithing,GetGlobalValue CCO_CategoryFactionImperial == 1.0; GetGlobalValue IAGNoQuestCrafting == 1.0; GetInFaction CWImperialFaction == 1.0; GetGlobalValue IAGNoQuestCrafting == 1.0; #629 CW > 0.0; GetGlobalValue IACTHeroicImperial == 1.0; GetGlobalValue CCO_ArmorCuirassRecipes == 1.0; GetGlobalValue CCO_ArmorHeavyRecipes == 1.0; GetGlobalValue CCO_MODImmersiveArmors == 1.0
1,,3,PlateAndScale,"faction gear: the faction role is the gate, any Blacksmith tier, no manual (Nate, 7 Oct)",,8c651:Hothtrooper44_ArmorCompilation.esp,IARHeroicImperialHelmet2,DragonBreak Nexus Patches.esp,CraftingSmithingForge,IAHeroicImperialHelmet,ARMO,IAKMaterialAdvancedPlate,EbonySmithing,GetGlobalValue CCO_CategoryFactionImperial == 1.0; GetGlobalValue IAGNoQuestCrafting == 1.0; GetInFaction CWImperialFaction == 1.0; GetGlobalValue IAGNoQuestCrafting == 1.0; #629 CW > 0.0; GetGlobalValue IACTHeroicImperial == 1.0; GetGlobalValue CCO_ArmorHelmetRecipes == 1.0; GetGlobalValue CCO_ArmorHeavyRecipes == 1.0; GetGlobalValue CCO_MODImmersiveArmors == 1.0
1,,3,PlateAndScale,"faction gear: the faction role is the gate, any Blacksmith tier, no manual (Nate, 7 Oct)",,ab75:Hothtrooper44_ArmorCompilation.esp,IARHeroicStormcloakBoots,DragonBreak Nexus Patches.esp,CraftingSmithingForge,IAHeroicStormcloakBoots,ARMO,IAKMaterialAdvancedPlate,EbonySmithing,GetGlobalValue CCO_CategoryFactionStormcloak == 1.0; GetGlobalValue IAGNoQuestCrafting == 1.0; GetInFaction CWSonsFaction == 1.0; GetGlobalValue IAGNoQuestCrafting == 1.0; #629 CW > 0.0; GetGlobalValue IACTHeroicStormcloak == 1.0; GetGlobalValue CCO_ArmorBootRecipes == 1.0; GetGlobalValue CCO_ArmorHeavyRecipes == 1.0; GetGlobalValue CCO_MODImmersiveArmors == 1.0
1,,3,PlateAndScale,"faction gear: the faction role is the gate, any Blacksmith tier, no manual (Nate, 7 Oct)",,ab74:Hothtrooper44_ArmorCompilation.esp,IARHeroicStormcloakCuirass,DragonBreak Nexus Patches.esp,CraftingSmithingForge,IAHeroicStormcloakCuirass,ARMO,IAKMaterialAdvancedPlate,EbonySmithing,GetGlobalValue CCO_CategoryFactionStormcloak == 1.0; GetGlobalValue IAGNoQuestCrafting == 1.0; GetInFaction CWSonsFaction == 1.0; GetGlobalValue IAGNoQuestCrafting == 1.0; #629 CW > 0.0; GetGlobalValue IACTHeroicStormcloak == 1.0; GetGlobalValue CCO_ArmorCuirassRecipes == 1.0; GetGlobalValue CCO_ArmorHeavyRecipes == 1.0; GetGlobalValue CCO_MODImmersiveArmors == 1.0
1,,3,PlateAndScale,"faction gear: the faction role is the gate, any Blacksmith tier, no manual (Nate, 7 Oct)",,ab73:Hothtrooper44_ArmorCompilation.esp,IARHeroicStormcloakGauntlets,DragonBreak Nexus Patches.esp,CraftingSmithingForge,IAHeroicStormcloakGauntlets,ARMO,IAKMaterialAdvancedPlate,EbonySmithing,GetGlobalValue CCO_CategoryFactionStormcloak == 1.0; GetGlobalValue IAGNoQuestCrafting == 1.0; GetInFaction CWSonsFaction == 1.0; GetGlobalValue IAGNoQuestCrafting == 1.0; #629 CW > 0.0; GetGlobalValue IACTHeroicStormcloak == 1.0; GetGlobalValue CCO_ArmorGauntletRecipes == 1.0; GetGlobalValue CCO_ArmorHeavyRecipes == 1.0; GetGlobalValue CCO_MODImmersiveArmors == 1.0
1,,3,PlateAndScale,"faction gear: the faction role is the gate, any Blacksmith tier, no manual (Nate, 7 Oct)",,ab72:Hothtrooper44_ArmorCompilation.esp,IARHeroicStormcloakHelmet,DragonBreak Nexus Patches.esp,CraftingSmithingForge,IAHeroicStormcloakHelmet,ARMO,IAKMaterialAdvancedPlate,EbonySmithing,GetGlobalValue CCO_CategoryFactionStormcloak == 1.0; GetGlobalValue IAGNoQuestCrafting == 1.0; GetInFaction CWSonsFaction == 1.0; GetGlobalValue IAGNoQuestCrafting == 1.0; #629 CW > 0.0; GetGlobalValue IACTHeroicStormcloak == 1.0; GetGlobalValue CCO_ArmorHelmetRecipes == 1.0; GetGlobalValue CCO_ArmorHeavyRecipes == 1.0; GetGlobalValue CCO_MODImmersiveArmors == 1.0
3,PlateAndScale,3,PlateAndScale,keyword IAKMaterialAdvancedScale,,3886:Hothtrooper44_ArmorCompilation.esp,IARHunterBoots,DragonBreak Nexus Patches.esp,CraftingSmithingForge,IAHunterBoots,ARMO,IAKMaterialAdvancedScale,OrcishSmithing,GetGlobalValue CCO_CategoryLeather == 1.0; GetGlobalValue IACTHunter == 1.0; GetGlobalValue CCO_ArmorBootRecipes == 1.0; GetGlobalValue CCO_ArmorLightRecipes == 1.0; GetGlobalValue CCO_MODImmersiveArmors == 1.0
3,PlateAndScale,3,PlateAndScale,keyword IAKMaterialAdvancedScale,,3889:Hothtrooper44_ArmorCompilation.esp,IARHunterGauntlets,DragonBreak Nexus Patches.esp,CraftingSmithingForge,IAHunterBracers,ARMO,IAKMaterialAdvancedScale,OrcishSmithing,GetGlobalValue CCO_CategoryLeather == 1.0; GetGlobalValue IACTHunter == 1.0; GetGlobalValue CCO_ArmorGauntletRecipes == 1.0; GetGlobalValue CCO_ArmorLightRecipes == 1.0; GetGlobalValue CCO_MODImmersiveArmors == 1.0
3,PlateAndScale,3,PlateAndScale,keyword IAKMaterialAdvancedScale,,3888:Hothtrooper44_ArmorCompilation.esp,IARHunterCuirass,DragonBreak Nexus Patches.esp,CraftingSmithingForge,IAHunterCuirass,ARMO,IAKMaterialAdvancedScale,OrcishSmithing,GetGlobalValue CCO_CategoryLeather == 1.0; GetGlobalValue IACTHunter == 1.0; GetGlobalValue CCO_ArmorCuirassRecipes == 1.0; GetGlobalValue CCO_ArmorLightRecipes == 1.0; GetGlobalValue CCO_MODImmersiveArmors == 1.0
1,,3,PlateAndScale,"faction gear: the faction role is the gate, any Blacksmith tier, no manual (Nate, 7 Oct)",,2854b:Hothtrooper44_ArmorCompilation.esp,IARMantleSilverHandHeavy,DragonBreak Nexus Patches.esp,CraftingSmithingForge,IAMantleSilverHandHeavy,ARMO,IAKMaterialIron+IAKMaterialSteel+IAKMaterialAdvancedPlate+IAKMaterialOrcish,EbonySmithing,GetGlobalValue CCO_CategoryFaction == 1.0; GetGlobalValue IACTMantleSilverHand == 1.0; GetGlobalValue IAWTMantleSilverHand == 0.0; GetGlobalValue CCO_ArmorHelmetRecipes == 1.0; GetGlobalValue CCO_ArmorHeavyRecipes == 1.0; GetGlobalValue CCO_MODImmersiveArmors == 1.0
1,,3,PlateAndScale,"faction gear: the faction role is the gate, any Blacksmith tier, no manual (Nate, 7 Oct)",,2854c:Hothtrooper44_ArmorCompilation.esp,IARMantleSilverHandLight,DragonBreak Nexus Patches.esp,CraftingSmithingForge,IAMantleSilverHandLight,ARMO,IAKMaterialSteelChain+IAKMaterialLeather+IAKMaterialAdvancedScale,EbonySmithing,GetGlobalValue CCO_CategoryFaction == 1.0; GetGlobalValue IACTMantleSilverHand == 1.0; GetGlobalValue IAWTMantleSilverHand != 0.0; GetGlobalValue CCO_ArmorHelmetRecipes == 1.0; GetGlobalValue CCO_ArmorLightRecipes == 1.0; GetGlobalValue CCO_MODImmersiveArmors == 1.0
3,PlateAndScale,3,PlateAndScale,keyword IAKMaterialAdvancedScale,,5a0c:Hothtrooper44_ArmorCompilation.esp,IARMercenaryBoots,DragonBreak Nexus Patches.esp,CraftingSmithingForge,IAMercenaryBoots,ARMO,IAKMaterialAdvancedScale,AdvancedArmors,GetGlobalValue IACTMercenary == 1.0; GetGlobalValue CCO_ArmorBootRecipes == 1.0; GetGlobalValue CCO_ArmorLightRecipes == 1.0; GetGlobalValue CCO_MODImmersiveArmors == 1.0; GetGlobalValue CCO_CategorySteel == 1.0
3,PlateAndScale,3,PlateAndScale,keyword IAKMaterialAdvancedScale,,5a0d:Hothtrooper44_ArmorCompilation.esp,IARMercenaryCuirass,DragonBreak Nexus Patches.esp,CraftingSmithingForge,IAMercenaryCuirass,ARMO,IAKMaterialAdvancedScale,AdvancedArmors,GetGlobalValue IACTMercenary == 1.0; GetGlobalValue CCO_ArmorCuirassRecipes == 1.0; GetGlobalValue CCO_ArmorLightRecipes == 1.0; GetGlobalValue CCO_MODImmersiveArmors == 1.0; GetGlobalValue CCO_CategorySteel == 1.0
3,PlateAndScale,3,PlateAndScale,keyword IAKMaterialAdvancedScale,,5a0e:Hothtrooper44_ArmorCompilation.esp,IARMercenaryGauntlets,DragonBreak Nexus Patches.esp,CraftingSmithingForge,IAMercenaryGauntlets,ARMO,IAKMaterialAdvancedScale,AdvancedArmors,GetGlobalValue IACTMercenary == 1.0; GetGlobalValue CCO_ArmorGauntletRecipes == 1.0; GetGlobalValue CCO_ArmorLightRecipes == 1.0; GetGlobalValue CCO_MODImmersiveArmors == 1.0; GetGlobalValue CCO_CategorySteel == 1.0
1,,3,Orcish,"faction gear: the faction role is the gate, any Blacksmith tier, no manual (Nate, 7 Oct)",,21f7f:Hothtrooper44_ArmorCompilation.esp,IAROrcishMaskHelm,DragonBreak Nexus Patches.esp,CraftingSmithingForge,IAOrcishMaskHelm,ARMO,IAKMaterialOrcish,OrcishSmithing,GetGlobalValue IACTOrcishMaskHelm == 1.0; GetGlobalValue CCO_ArmorHelmetRecipes == 1.0; GetGlobalValue CCO_ArmorHeavyRecipes == 1.0; GetGlobalValue CCO_MODImmersiveArmors == 1.0; GetGlobalValue CCO_CategoryOrcish == 1.0; #69 OrcRace == 1.0; #69 OrcRaceVampire == 1.0
3,PlateAndScale,3,PlateAndScale,keyword IAKMaterialAdvancedPlate,,5a45:Hothtrooper44_ArmorCompilation.esp,IARPrimitiveNordHeavyBoots,DragonBreak Nexus Patches.esp,CraftingSmithingForge,IAPrimitiveNordHeavyBoots,ARMO,IAKMaterialAdvancedPlate,OrcishSmithing,GetGlobalValue IACTPrimitiveNord == 1.0; GetGlobalValue IAWTPrimitiveNord == 0.0; GetGlobalValue CCO_ArmorBootRecipes == 1.0; GetGlobalValue CCO_ArmorHeavyRecipes == 1.0; GetGlobalValue CCO_MODImmersiveArmors == 1.0; GetGlobalValue CCO_CategoryNordicAncient == 1.0
3,PlateAndScale,3,PlateAndScale,keyword IAKMaterialAdvancedPlate,,5a46:Hothtrooper44_ArmorCompilation.esp,IARPrimitiveNordHeavyCuirass,DragonBreak Nexus Patches.esp,CraftingSmithingForge,IAPrimitiveNordHeavyCuirass,ARMO,IAKMaterialAdvancedPlate,OrcishSmithing,GetGlobalValue IACTPrimitiveNord == 1.0; GetGlobalValue IAWTPrimitiveNord == 0.0; GetGlobalValue CCO_ArmorCuirassRecipes == 1.0; GetGlobalValue CCO_ArmorHeavyRecipes == 1.0; GetGlobalValue CCO_MODImmersiveArmors == 1.0; GetGlobalValue CCO_CategoryNordicAncient == 1.0
3,PlateAndScale,3,PlateAndScale,keyword IAKMaterialAdvancedPlate,,5a47:Hothtrooper44_ArmorCompilation.esp,IARPrimitiveNordHeavyGauntlets,DragonBreak Nexus Patches.esp,CraftingSmithingForge,IAPrimitiveNordHeavyGauntlets,ARMO,IAKMaterialAdvancedPlate,OrcishSmithing,GetGlobalValue IACTPrimitiveNord == 1.0; GetGlobalValue IAWTPrimitiveNord == 0.0; GetGlobalValue CCO_ArmorGauntletRecipes == 1.0; GetGlobalValue CCO_ArmorHeavyRecipes == 1.0; GetGlobalValue CCO_MODImmersiveArmors == 1.0; GetGlobalValue CCO_CategoryNordicAncient == 1.0
3,PlateAndScale,3,PlateAndScale,keyword IAKMaterialAdvancedPlate,,5a48:Hothtrooper44_ArmorCompilation.esp,IARPrimitiveNordHeavyHelmet,DragonBreak Nexus Patches.esp,CraftingSmithingForge,IAPrimitiveNordHeavyHelmet,ARMO,IAKMaterialAdvancedPlate,OrcishSmithing,GetGlobalValue IACTPrimitiveNord == 1.0; GetGlobalValue IAWTPrimitiveNord == 0.0; GetGlobalValue CCO_ArmorHelmetRecipes == 1.0; GetGlobalValue CCO_ArmorHeavyRecipes == 1.0; GetGlobalValue CCO_MODImmersiveArmors == 1.0; GetGlobalValue CCO_CategoryNordicAncient == 1.0
3,PlateAndScale,3,PlateAndScale,perk AdvancedArmors,,2869:Hothtrooper44_ArmorCompilation.esp,IARSeadogEarrings,DragonBreak Nexus Patches.esp,CraftingSmithingForge,IASeadogEarings,ARMO,,AdvancedArmors,GetGlobalValue IACTSeadog == 1.0; GetGlobalValue CCO_MiscRingRecipes == 1.0; GetGlobalValue CCO_MODImmersiveArmors == 1.0; GetGlobalValue CCO_CategoryExotic == 1.0
3,PlateAndScale,3,PlateAndScale,keyword IAKMaterialAdvancedScale,,230b4:Hothtrooper44_ArmorCompilation.esp,IARShamanLBoots,DragonBreak Nexus Patches.esp,CraftingSmithingForge,IAShamanLBoots,ARMO,IAKMaterialAdvancedScale,OrcishSmithing,GetGlobalValue IACTShamanRobe == 1.0; GetGlobalValue IAWTShamanRobe == 1.0; GetGlobalValue CCO_ArmorBootRecipes == 1.0; GetGlobalValue CCO_ArmorLightRecipes == 1.0; GetGlobalValue CCO_MODImmersiveArmors == 1.0; GetGlobalValue CCO_CategoryArcane == 1.0
3,PlateAndScale,3,PlateAndScale,keyword IAKMaterialAdvancedScale,,230b3:Hothtrooper44_ArmorCompilation.esp,IARShamanLGloves,DragonBreak Nexus Patches.esp,CraftingSmithingForge,IAShamanLGloves,ARMO,IAKMaterialAdvancedScale,OrcishSmithing,GetGlobalValue IACTShamanRobe == 1.0; GetGlobalValue IAWTShamanRobe == 1.0; GetGlobalValue CCO_ArmorGauntletRecipes == 1.0; GetGlobalValue CCO_ArmorLightRecipes == 1.0; GetGlobalValue CCO_MODImmersiveArmors == 1.0; GetGlobalValue CCO_CategoryArcane == 1.0
3,PlateAndScale,3,PlateAndScale,keyword IAKMaterialAdvancedScale,,230b2:Hothtrooper44_ArmorCompilation.esp,IARShamanLHelm,DragonBreak Nexus Patches.esp,CraftingSmithingForge,IAShamanLHelm,ARMO,IAKMaterialAdvancedScale,OrcishSmithing,GetGlobalValue IACTShamanRobe == 1.0; GetGlobalValue IAWTShamanRobe == 1.0; GetGlobalValue CCO_ArmorHelmetRecipes == 1.0; GetGlobalValue CCO_ArmorLightRecipes == 1.0; GetGlobalValue CCO_MODImmersiveArmors == 1.0; GetGlobalValue CCO_CategoryArcane == 1.0
3,PlateAndScale,3,PlateAndScale,keyword IAKMaterialAdvancedScale,,230b1:Hothtrooper44_ArmorCompilation.esp,IARShamanLRobe,DragonBreak Nexus Patches.esp,CraftingSmithingForge,IAShamanLRobe,ARMO,IAKMaterialAdvancedScale,OrcishSmithing,GetGlobalValue IACTShamanRobe == 1.0; GetGlobalValue IAWTShamanRobe == 1.0; GetGlobalValue CCO_ArmorCuirassRecipes == 1.0; GetGlobalValue CCO_ArmorLightRecipes == 1.0; GetGlobalValue CCO_MODImmersiveArmors == 1.0; GetGlobalValue CCO_CategoryArcane == 1.0
3,Orcish,3,Orcish,perk OrcishSmithing,,82ebf:Hothtrooper44_ArmorCompilation.esp,IARShamanUBoots,DragonBreak Nexus Patches.esp,CraftingSmithingForge,IAShamanUBoots,ARMO,,OrcishSmithing,GetGlobalValue IACTShamanRobe == 1.0; GetGlobalValue IAWTShamanRobe == 2.0; GetGlobalValue CCO_ClothingBootRecipes == 1.0; GetGlobalValue CCO_ArmorClothingRecipes == 1.0; GetGlobalValue CCO_MODImmersiveArmors == 1.0; GetGlobalValue CCO_CategoryArcane == 1.0
3,Orcish,3,Orcish,perk OrcishSmithing,,82ec0:Hothtrooper44_ArmorCompilation.esp,IARShamanUGloves,DragonBreak Nexus Patches.esp,CraftingSmithingForge,IAShamanUGloves,ARMO,,OrcishSmithing,GetGlobalValue IACTShamanRobe == 1.0; GetGlobalValue IAWTShamanRobe == 2.0; GetGlobalValue CCO_ClothingGlovesRecipes == 1.0; GetGlobalValue CCO_ArmorClothingRecipes == 1.0; GetGlobalValue CCO_MODImmersiveArmors == 1.0; GetGlobalValue CCO_CategoryArcane == 1.0
3,Orcish,3,Orcish,perk OrcishSmithing,,82ec1:Hothtrooper44_ArmorCompilation.esp,IARShamanUHelm,DragonBreak Nexus Patches.esp,CraftingSmithingForge,IAShamanUHelm,ARMO,,OrcishSmithing,GetGlobalValue IACTShamanRobe == 1.0; GetGlobalValue IAWTShamanRobe == 2.0; GetGlobalValue CCO_ClothingHoodRecipes == 1.0; GetGlobalValue CCO_ArmorClothingRecipes == 1.0; GetGlobalValue CCO_MODImmersiveArmors == 1.0; GetGlobalValue CCO_CategoryArcane == 1.0
3,Orcish,3,Orcish,perk OrcishSmithing,,82ec2:Hothtrooper44_ArmorCompilation.esp,IARShamanURobe,DragonBreak Nexus Patches.esp,CraftingSmithingForge,IAShamanURobe,ARMO,,OrcishSmithing,GetGlobalValue IACTShamanRobe == 1.0; GetGlobalValue IAWTShamanRobe == 2.0; GetGlobalValue CCO_ClothingRobeRecipes == 1.0; GetGlobalValue CCO_ArmorClothingRecipes == 1.0; GetGlobalValue CCO_MODImmersiveArmors == 1.0; GetGlobalValue CCO_CategoryArcane == 1.0
3,PlateAndScale,3,PlateAndScale,keyword IAKMaterialAdvancedPlate,,5f8f1:Hothtrooper44_ArmorCompilation.esp,IARShieldKiteSpikeHeavyBasic,DragonBreak Nexus Patches.esp,CraftingSmithingForge,IAShieldKiteSpikeHeavyBasic,ARMO,IAKMaterialAdvancedPlate,OrcishSmithing,GetGlobalValue IACTShieldKiteSpikeHeavy == 1.0; GetGlobalValue CCO_ArmorShieldRecipes == 1.0; GetGlobalValue CCO_ArmorHeavyRecipes == 1.0; GetGlobalValue CCO_MODImmersiveArmors == 1.0; GetGlobalValue CCO_CategoryNordic == 1.0
3,PlateAndScale,3,PlateAndScale,keyword IAKMaterialAdvancedScale,,5f8f3:Hothtrooper44_ArmorCompilation.esp,IARShieldKiteSpikeLightBasic,DragonBreak Nexus Patches.esp,CraftingSmithingForge,IAShieldKiteSpikeLightBasic,ARMO,IAKMaterialAdvancedScale,OrcishSmithing,GetGlobalValue IACTShieldKiteSpikeLight == 1.0; GetGlobalValue CCO_ArmorShieldRecipes == 1.0; GetGlobalValue CCO_ArmorLightRecipes == 1.0; GetGlobalValue CCO_MODImmersiveArmors == 1.0; GetGlobalValue CCO_CategoryNordic == 1.0
3,PlateAndScale,3,PlateAndScale,keyword IAKMaterialAdvancedPlate,,5f8f0:Hothtrooper44_ArmorCompilation.esp,IARShieldOvalSpikeHeavyBasic,DragonBreak Nexus Patches.esp,CraftingSmithingForge,IAShieldOvalSpikeHeavyBasic,ARMO,IAKMaterialAdvancedPlate,OrcishSmithing,GetGlobalValue IACTShieldOvalSpikeHeavy == 1.0; GetGlobalValue CCO_ArmorShieldRecipes == 1.0; GetGlobalValue CCO_ArmorHeavyRecipes == 1.0; GetGlobalValue CCO_MODImmersiveArmors == 1.0; GetGlobalValue CCO_CategoryNordic == 1.0
3,PlateAndScale,3,PlateAndScale,keyword IAKMaterialAdvancedPlate,,2147f:Hothtrooper44_ArmorCompilation.esp,IARShieldYsgramor,DragonBreak Nexus Patches.esp,CraftingSmithingForge,IAShieldYsgramor,ARMO,IAKMaterialAdvancedPlate,EbonySmithing,GetGlobalValue IAGNoQuestCrafting == 1.0; GetQuestCompleted C06 == 1.0; GetGlobalValue IACTFactionShields == 1.0; GetGlobalValue CCO_ArmorShieldRecipes == 1.0; GetGlobalValue CCO_ArmorHeavyRecipes == 1.0; GetGlobalValue CCO_OptionArtifactReplicas == 1.0; GetGlobalValue CCO_MODImmersiveArmors == 1.0; GetGlobalValue CCO_CategoryFactionCompanions == 1.0
3,PlateAndScale,3,PlateAndScale,keyword IAKMaterialAdvancedScale,,2331d:Hothtrooper44_ArmorCompilation.esp,IARSnowBearBoots,DragonBreak Nexus Patches.esp,CraftingSmithingForge,IASnowBearBoots,ARMO,IAKMaterialAdvancedScale,OrcishSmithing,GetGlobalValue IACTSnowBear == 1.0; GetGlobalValue CCO_ArmorBootRecipes == 1.0; GetGlobalValue CCO_ArmorLightRecipes == 1.0; GetGlobalValue CCO_MODImmersiveArmors == 1.0; GetGlobalValue CCO_CategorySteel == 1.0
3,PlateAndScale,3,PlateAndScale,keyword IAKMaterialAdvancedScale,,2331e:Hothtrooper44_ArmorCompilation.esp,IARSnowBearCuirass,DragonBreak Nexus Patches.esp,CraftingSmithingForge,IASnowBearCuirass,ARMO,IAKMaterialAdvancedScale,OrcishSmithing,GetGlobalValue IACTSnowBear == 1.0; GetGlobalValue CCO_ArmorCuirassRecipes == 1.0; GetGlobalValue CCO_ArmorLightRecipes == 1.0; GetGlobalValue CCO_MODImmersiveArmors == 1.0; GetGlobalValue CCO_CategorySteel == 1.0
3,PlateAndScale,3,PlateAndScale,keyword IAKMaterialAdvancedScale,,2331f:Hothtrooper44_ArmorCompilation.esp,IARSnowBearGauntlets,DragonBreak Nexus Patches.esp,CraftingSmithingForge,IASnowBearGauntlets,ARMO,IAKMaterialAdvancedScale,OrcishSmithing,GetGlobalValue IACTSnowBear == 1.0; GetGlobalValue CCO_ArmorGauntletRecipes == 1.0; GetGlobalValue CCO_ArmorLightRecipes == 1.0; GetGlobalValue CCO_MODImmersiveArmors == 1.0; GetGlobalValue CCO_CategorySteel == 1.0
3,PlateAndScale,3,PlateAndScale,keyword IAKMaterialAdvancedScale,,23320:Hothtrooper44_ArmorCompilation.esp,IARSnowBearHelmet,DragonBreak Nexus Patches.esp,CraftingSmithingForge,IASnowBearHelmet,ARMO,IAKMaterialAdvancedScale,OrcishSmithing,GetGlobalValue IACTSnowBear == 1.0; GetGlobalValue CCO_ArmorHelmetRecipes == 1.0; GetGlobalValue CCO_ArmorLightRecipes == 1.0; GetGlobalValue CCO_MODImmersiveArmors == 1.0; GetGlobalValue CCO_CategorySteel == 1.0
3,PlateAndScale,3,PlateAndScale,keyword IAKMaterialAdvancedScale,,23321:Hothtrooper44_ArmorCompilation.esp,IARSnowBearShield,DragonBreak Nexus Patches.esp,CraftingSmithingForge,IASnowBearShield,ARMO,IAKMaterialAdvancedScale,OrcishSmithing,GetGlobalValue IACTSnowBear == 1.0; GetGlobalValue CCO_ArmorShieldRecipes == 1.0; GetGlobalValue CCO_ArmorLightRecipes == 1.0; GetGlobalValue CCO_MODImmersiveArmors == 1.0; GetGlobalValue CCO_CategorySteel == 1.0
3,PlateAndScale,3,PlateAndScale,keyword IAKMaterialAdvancedPlate,,d175:Hothtrooper44_ArmorCompilation.esp,IARSpellbinderCrimsonBoots,DragonBreak Nexus Patches.esp,CraftingSmithingForge,IASpellbinderCrimsonBoots,ARMO,IAKMaterialAdvancedPlate,ArcaneBlacksmith+OrcishSmithing,GetGlobalValue IACTSpellbinder == 1.0; GetGlobalValue IAVTSpellbinder == 0.0; GetGlobalValue CCO_ArmorBootRecipes == 1.0; GetGlobalValue CCO_ArmorHeavyRecipes == 1.0; GetGlobalValue CCO_MODImmersiveArmors == 1.0; GetGlobalValue CCO_CategoryArcane == 1.0
3,PlateAndScale,3,PlateAndScale,keyword IAKMaterialAdvancedPlate,,d176:Hothtrooper44_ArmorCompilation.esp,IARSpellbinderCrimsonCuirass,DragonBreak Nexus Patches.esp,CraftingSmithingForge,IASpellbinderCrimsonCuirass,ARMO,IAKMaterialAdvancedPlate,ArcaneBlacksmith+OrcishSmithing,GetGlobalValue IACTSpellbinder == 1.0; GetGlobalValue IAVTSpellbinder == 0.0; GetGlobalValue CCO_ArmorCuirassRecipes == 1.0; GetGlobalValue CCO_ArmorHeavyRecipes == 1.0; GetGlobalValue CCO_MODImmersiveArmors == 1.0; GetGlobalValue CCO_CategoryArcane == 1.0
3,PlateAndScale,3,PlateAndScale,keyword IAKMaterialAdvancedPlate,,d177:Hothtrooper44_ArmorCompilation.esp,IARSpellbinderCrimsonGauntlets,DragonBreak Nexus Patches.esp,CraftingSmithingForge,IASpellbinderCrimsonGauntlets,ARMO,IAKMaterialAdvancedPlate,ArcaneBlacksmith+OrcishSmithing,GetGlobalValue IACTSpellbinder == 1.0; GetGlobalValue IAVTSpellbinder == 0.0; GetGlobalValue CCO_ArmorGauntletRecipes == 1.0; GetGlobalValue CCO_ArmorHeavyRecipes == 1.0; GetGlobalValue CCO_MODImmersiveArmors == 1.0; GetGlobalValue CCO_CategoryArcane == 1.0
3,PlateAndScale,3,PlateAndScale,keyword IAKMaterialAdvancedPlate,,d178:Hothtrooper44_ArmorCompilation.esp,IARSpellbinderCrimsonHelmet,DragonBreak Nexus Patches.esp,CraftingSmithingForge,IASpellbinderCrimsonHelmet,ARMO,IAKMaterialAdvancedPlate,ArcaneBlacksmith+OrcishSmithing,GetGlobalValue IACTSpellbinder == 1.0; GetGlobalValue IAVTSpellbinder == 0.0; GetGlobalValue CCO_ArmorHelmetRecipes == 1.0; GetGlobalValue CCO_ArmorHeavyRecipes == 1.0; GetGlobalValue CCO_MODImmersiveArmors == 1.0; GetGlobalValue CCO_CategoryArcane == 1.0
3,PlateAndScale,3,PlateAndScale,keyword IAKMaterialAdvancedPlate,,d17d:Hothtrooper44_ArmorCompilation.esp,IARSpellbinderRunicBoots,DragonBreak Nexus Patches.esp,CraftingSmithingForge,IASpellbinderRunicBoots,ARMO,IAKMaterialAdvancedPlate,ArcaneBlacksmith+OrcishSmithing,GetGlobalValue IACTSpellbinder == 1.0; GetGlobalValue IAVTSpellbinder == 1.0; GetGlobalValue CCO_ArmorBootRecipes == 1.0; GetGlobalValue CCO_ArmorHeavyRecipes == 1.0; GetGlobalValue CCO_MODImmersiveArmors == 1.0; GetGlobalValue CCO_CategoryArcane == 1.0
3,PlateAndScale,3,PlateAndScale,keyword IAKMaterialAdvancedPlate,,d17e:Hothtrooper44_ArmorCompilation.esp,IARSpellbinderRunicCuirass,DragonBreak Nexus Patches.esp,CraftingSmithingForge,IASpellbinderRunicCuirass,ARMO,IAKMaterialAdvancedPlate,ArcaneBlacksmith+OrcishSmithing,GetGlobalValue IACTSpellbinder == 1.0; GetGlobalValue IAVTSpellbinder == 1.0; GetGlobalValue CCO_ArmorCuirassRecipes == 1.0; GetGlobalValue CCO_ArmorHeavyRecipes == 1.0; GetGlobalValue CCO_MODImmersiveArmors == 1.0; GetGlobalValue CCO_CategoryArcane == 1.0
3,PlateAndScale,3,PlateAndScale,keyword IAKMaterialAdvancedPlate,,d17f:Hothtrooper44_ArmorCompilation.esp,IARSpellbinderRunicGauntlets,DragonBreak Nexus Patches.esp,CraftingSmithingForge,IASpellbinderRunicGauntlets,ARMO,IAKMaterialAdvancedPlate,ArcaneBlacksmith+OrcishSmithing,GetGlobalValue IACTSpellbinder == 1.0; GetGlobalValue IAVTSpellbinder == 1.0; GetGlobalValue CCO_ArmorGauntletRecipes == 1.0; GetGlobalValue CCO_ArmorHeavyRecipes == 1.0; GetGlobalValue CCO_MODImmersiveArmors == 1.0; GetGlobalValue CCO_CategoryArcane == 1.0
3,PlateAndScale,3,PlateAndScale,keyword IAKMaterialAdvancedPlate,,d180:Hothtrooper44_ArmorCompilation.esp,IARSpellbinderRunicHelmet,DragonBreak Nexus Patches.esp,CraftingSmithingForge,IASpellbinderRunicHelmet,ARMO,IAKMaterialAdvancedPlate,ArcaneBlacksmith+OrcishSmithing,GetGlobalValue IACTSpellbinder == 1.0; GetGlobalValue IAVTSpellbinder == 1.0; GetGlobalValue CCO_ArmorHelmetRecipes == 1.0; GetGlobalValue CCO_ArmorHeavyRecipes == 1.0; GetGlobalValue CCO_MODImmersiveArmors == 1.0; GetGlobalValue CCO_CategoryArcane == 1.0
3,Orcish,3,Orcish,perk OrcishSmithing,,231c2:Hothtrooper44_ArmorCompilation.esp,IARTribunalMaskBronze,DragonBreak Nexus Patches.esp,CraftingSmithingForge,IATribunalMaskBronze,ARMO,,OrcishSmithing,GetGlobalValue IACTTribunalMask == 1.0; GetGlobalValue CCO_MiscCircletRecipes == 1.0; GetGlobalValue CCO_ArmorClothingRecipes == 1.0; GetGlobalValue CCO_MODImmersiveArmors == 1.0; GetGlobalValue CCO_CategoryArcane == 1.0
3,Orcish,3,Orcish,perk OrcishSmithing,,231c3:Hothtrooper44_ArmorCompilation.esp,IARTribunalMaskEbony,DragonBreak Nexus Patches.esp,CraftingSmithingForge,IATribunalMaskEbony,ARMO,,OrcishSmithing,GetGlobalValue IACTTribunalMask == 1.0; GetGlobalValue CCO_MiscCircletRecipes == 1.0; GetGlobalValue CCO_ArmorClothingRecipes == 1.0; GetGlobalValue CCO_MODImmersiveArmors == 1.0; GetGlobalValue CCO_CategoryArcane == 1.0
3,Orcish,3,Orcish,perk OrcishSmithing,,231c4:Hothtrooper44_ArmorCompilation.esp,IARTribunalMaskGold,DragonBreak Nexus Patches.esp,CraftingSmithingForge,IATribunalMaskGold,ARMO,,OrcishSmithing,GetGlobalValue IACTTribunalMask == 1.0; GetGlobalValue CCO_MiscCircletRecipes == 1.0; GetGlobalValue CCO_ArmorClothingRecipes == 1.0; GetGlobalValue CCO_MODImmersiveArmors == 1.0; GetGlobalValue CCO_CategoryArcane == 1.0
3,Orcish,3,Orcish,perk OrcishSmithing,,231c5:Hothtrooper44_ArmorCompilation.esp,IARTribunalMaskSilver,DragonBreak Nexus Patches.esp,CraftingSmithingForge,IATribunalMaskSilver,ARMO,,OrcishSmithing,GetGlobalValue IACTTribunalMask == 1.0; GetGlobalValue CCO_MiscCircletRecipes == 1.0; GetGlobalValue CCO_ArmorClothingRecipes == 1.0; GetGlobalValue CCO_MODImmersiveArmors == 1.0; GetGlobalValue CCO_CategoryArcane == 1.0
3,PlateAndScale,3,PlateAndScale,keyword IAKMaterialAdvancedPlate,,dbb:Hothtrooper44_ArmorCompilation.esp,IARVanguardPlateBoots,DragonBreak Nexus Patches.esp,CraftingSmithingForge,IAVanguardPlateBoots,ARMO,IAKMaterialAdvancedPlate,OrcishSmithing,GetGlobalValue IACTVanguard == 1.0; GetGlobalValue CCO_ArmorBootRecipes == 1.0; GetGlobalValue CCO_ArmorHeavyRecipes == 1.0; GetGlobalValue CCO_MODImmersiveArmors == 1.0; GetGlobalValue CCO_CategorySteel == 1.0
3,PlateAndScale,3,PlateAndScale,keyword IAKMaterialAdvancedPlate,,dbc:Hothtrooper44_ArmorCompilation.esp,IARVanguardPlateCuirass,DragonBreak Nexus Patches.esp,CraftingSmithingForge,IAVanguardPlateCuirass,ARMO,IAKMaterialAdvancedPlate,OrcishSmithing,GetGlobalValue IACTVanguard == 1.0; GetGlobalValue CCO_ArmorCuirassRecipes == 1.0; GetGlobalValue CCO_ArmorHeavyRecipes == 1.0; GetGlobalValue CCO_MODImmersiveArmors == 1.0; GetGlobalValue CCO_CategorySteel == 1.0
3,PlateAndScale,3,PlateAndScale,keyword IAKMaterialAdvancedPlate,,dbd:Hothtrooper44_ArmorCompilation.esp,IARVanguardPlateGauntlets,DragonBreak Nexus Patches.esp,CraftingSmithingForge,IAVanguardPlateGauntlets,ARMO,IAKMaterialAdvancedPlate,OrcishSmithing,GetGlobalValue IACTVanguard == 1.0; GetGlobalValue CCO_ArmorGauntletRecipes == 1.0; GetGlobalValue CCO_ArmorHeavyRecipes == 1.0; GetGlobalValue CCO_MODImmersiveArmors == 1.0; GetGlobalValue CCO_CategorySteel == 1.0
3,PlateAndScale,3,PlateAndScale,keyword IAKMaterialAdvancedPlate,,dbe:Hothtrooper44_ArmorCompilation.esp,IARVanguardPlateHelmet,DragonBreak Nexus Patches.esp,CraftingSmithingForge,IAVanguardPlateHelmet,ARMO,IAKMaterialAdvancedPlate,OrcishSmithing,GetGlobalValue IACTVanguard == 1.0; GetGlobalValue CCO_ArmorHelmetRecipes == 1.0; GetGlobalValue CCO_ArmorHeavyRecipes == 1.0; GetGlobalValue CCO_MODImmersiveArmors == 1.0; GetGlobalValue CCO_CategorySteel == 1.0
3,Orcish,3,Orcish,keyword IAKMaterialOrcish,,dc1:Hothtrooper44_ArmorCompilation.esp,IARWarchiefLightBattlecrown,DragonBreak Nexus Patches.esp,CraftingSmithingForge,IAWarchiefLightBattlecrown,ARMO,IAKMaterialOrcish,ElvenSmithing+OrcishSmithing,GetGlobalValue IACTWarchief == 1.0; GetGlobalValue IAWTWarchief != 0.0; GetGlobalValue CCO_ArmorHelmetRecipes == 1.0; GetGlobalValue CCO_ArmorLightRecipes == 1.0; GetGlobalValue CCO_MODImmersiveArmors == 1.0; GetGlobalValue CCO_CategoryOrcish == 1.0; #69 OrcRace == 1.0; #69 OrcRaceVampire == 1.0
3,Orcish,3,Orcish,keyword IAKMaterialOrcish,,dc3:Hothtrooper44_ArmorCompilation.esp,IARWarchiefLightBulwark,DragonBreak Nexus Patches.esp,CraftingSmithingForge,IAWarchiefLightBulwark,ARMO,IAKMaterialOrcish,ElvenSmithing+OrcishSmithing,GetGlobalValue IACTWarchief == 1.0; GetGlobalValue IAWTWarchief != 0.0; GetGlobalValue CCO_ArmorCuirassRecipes == 1.0; GetGlobalValue CCO_ArmorLightRecipes == 1.0; GetGlobalValue CCO_MODImmersiveArmors == 1.0; GetGlobalValue CCO_CategoryOrcish == 1.0; #69 OrcRace == 1.0; #69 OrcRaceVampire == 1.0
3,Orcish,3,Orcish,keyword IAKMaterialOrcish,,dc7:Hothtrooper44_ArmorCompilation.esp,IARWarchiefLightGrips,DragonBreak Nexus Patches.esp,CraftingSmithingForge,IAWarchiefLightGrips,ARMO,IAKMaterialOrcish,ElvenSmithing+OrcishSmithing,GetGlobalValue IACTWarchief == 1.0; GetGlobalValue IAWTWarchief != 0.0; GetGlobalValue CCO_ArmorGauntletRecipes == 1.0; GetGlobalValue CCO_ArmorLightRecipes == 1.0; GetGlobalValue CCO_MODImmersiveArmors == 1.0; GetGlobalValue CCO_CategoryOrcish == 1.0; #69 OrcRace == 1.0; #69 OrcRaceVampire == 1.0
3,Orcish,3,Orcish,keyword IAKMaterialOrcish,,dc9:Hothtrooper44_ArmorCompilation.esp,IARWarchiefLightHeaddress,DragonBreak Nexus Patches.esp,CraftingSmithingForge,IAWarchiefLightHeaddress,ARMO,IAKMaterialOrcish,ElvenSmithing+OrcishSmithing,GetGlobalValue IACTWarchief == 1.0; GetGlobalValue IAWTWarchief != 0.0; GetGlobalValue CCO_ArmorHelmetRecipes == 1.0; GetGlobalValue CCO_ArmorLightRecipes == 1.0; GetGlobalValue CCO_MODImmersiveArmors == 1.0; GetGlobalValue CCO_CategoryOrcish == 1.0; #69 OrcRace == 1.0; #69 OrcRaceVampire == 1.0
3,Orcish,3,Orcish,keyword IAKMaterialOrcish,,dcb:Hothtrooper44_ArmorCompilation.esp,IARWarchiefLightStompers,DragonBreak Nexus Patches.esp,CraftingSmithingForge,IAWarchiefLightStompers,ARMO,IAKMaterialOrcish,ElvenSmithing+OrcishSmithing,GetGlobalValue IACTWarchief == 1.0; GetGlobalValue IAWTWarchief != 0.0; GetGlobalValue CCO_ArmorBootRecipes == 1.0; GetGlobalValue CCO_ArmorLightRecipes == 1.0; GetGlobalValue CCO_MODImmersiveArmors == 1.0; GetGlobalValue CCO_CategoryOrcish == 1.0; #69 OrcRace == 1.0; #69 OrcRaceVampire == 1.0
3,PlateAndScale,3,PlateAndScale,keyword IAKMaterialAdvancedPlate,,c696:Hothtrooper44_ArmorCompilation.esp,IARWitchplateBoots,DragonBreak Nexus Patches.esp,CraftingSmithingForge,IAWitchplateBoots,ARMO,IAKMaterialAdvancedPlate,OrcishSmithing,GetGlobalValue IACTWitchplate == 1.0; GetGlobalValue CCO_ArmorBootRecipes == 1.0; GetGlobalValue CCO_ArmorHeavyRecipes == 1.0; GetGlobalValue CCO_MODImmersiveArmors == 1.0; GetGlobalValue CCO_CategoryArcane == 1.0
3,PlateAndScale,3,PlateAndScale,keyword IAKMaterialAdvancedPlate,,c695:Hothtrooper44_ArmorCompilation.esp,IARWitchplateCuirass,DragonBreak Nexus Patches.esp,CraftingSmithingForge,IAWitchplateCuirass,ARMO,IAKMaterialAdvancedPlate,OrcishSmithing,GetGlobalValue IACTWitchplate == 1.0; GetGlobalValue CCO_ArmorCuirassRecipes == 1.0; GetGlobalValue CCO_ArmorHeavyRecipes == 1.0; GetGlobalValue CCO_MODImmersiveArmors == 1.0; GetGlobalValue CCO_CategoryArcane == 1.0
3,PlateAndScale,3,PlateAndScale,keyword IAKMaterialAdvancedPlate,,c697:Hothtrooper44_ArmorCompilation.esp,IARWitchplateGauntlets,DragonBreak Nexus Patches.esp,CraftingSmithingForge,IAWitchplateGauntlets,ARMO,IAKMaterialAdvancedPlate,OrcishSmithing,GetGlobalValue IACTWitchplate == 1.0; GetGlobalValue CCO_ArmorGauntletRecipes == 1.0; GetGlobalValue CCO_ArmorHeavyRecipes == 1.0; GetGlobalValue CCO_MODImmersiveArmors == 1.0; GetGlobalValue CCO_CategoryArcane == 1.0
3,PlateAndScale,3,PlateAndScale,keyword IAKMaterialAdvancedPlate,,c698:Hothtrooper44_ArmorCompilation.esp,IARWitchplateHood,DragonBreak Nexus Patches.esp,CraftingSmithingForge,IAWitchplateHood,ARMO,IAKMaterialAdvancedPlate,OrcishSmithing,GetGlobalValue IACTWitchplate == 1.0; GetGlobalValue CCO_ArmorHelmetRecipes == 1.0; GetGlobalValue CCO_ArmorHeavyRecipes == 1.0; GetGlobalValue CCO_MODImmersiveArmors == 1.0; GetGlobalValue CCO_CategoryArcane == 1.0
1,,3,AncientNord,"faction gear: the faction role is the gate, any Blacksmith tier, no manual (Nate, 7 Oct)",,216c2:Immersive Weapons.esp,IWRecipeWeaponAntiqueHonedSilverSword,DragonBreak Nexus Patches.esp,CraftingSmithingForge,IWAntiqueHonedSilverSword,WEAP,WeapMaterialDraugrHoned+WeapMaterialSilver,ElvenSmithing,
3,Orcish,3,Orcish,keyword WeapMaterialOrcish,,216d4:Immersive Weapons.esp,IWRecipeWeaponAsumaTrenchKnife,DragonBreak Nexus Patches.esp,CraftingSmithingForge,IWAsumaTrenchKnife,WEAP,WeapMaterialOrcish,OrcishSmithing,#69 OrcRace == 1.0; #69 OrcRaceVampire == 1.0
3,Orcish,3,Orcish,keyword WeapMaterialOrcish,,96d64:Immersive Weapons.esp,IWRecipeWeaponExecutionersHookScythe,DragonBreak Nexus Patches.esp,CraftingSmithingForge,IWExecutionersHookScythe,WEAP,WeapMaterialOrcish,OrcishSmithing,#69 OrcRace == 1.0; #69 OrcRaceVampire == 1.0
3,AncientNord,3,AncientNord,keyword WeapMaterialDraugrHoned,,216dd:Immersive Weapons.esp,IWRecipeWeaponFleurDeLysSword,DragonBreak Nexus Patches.esp,CraftingSmithingForge,IWFleurDeLysSword,WEAP,WeapMaterialDraugrHoned,ElvenSmithing,
3,AncientNord,3,AncientNord,keyword WeapMaterialDraugrHoned,,3a104:Immersive Weapons.esp,IWRecipeWeaponHonedNordicWarPick,DragonBreak Nexus Patches.esp,CraftingSmithingForge,IWHonedNordicWarPick,WEAP,WeapMaterialDraugrHoned,EbonySmithing,
1,,3,AncientNord,"faction gear: the faction role is the gate, any Blacksmith tier, no manual (Nate, 7 Oct)",,c7470a:Immersive Weapons.esp,IWRecipeWeaponHonedSilverBattleStaff,DragonBreak Nexus Patches.esp,CraftingSmithingForge,IWHonedSilverBattleStaff,WEAP,WeapMaterialDraugrHoned+WeapMaterialSilver,EbonySmithing,
1,,3,AncientNord,"faction gear: the faction role is the gate, any Blacksmith tier, no manual (Nate, 7 Oct)",,c74715:Immersive Weapons.esp,IWRecipeWeaponHonedSilverBattleaxe,DragonBreak Nexus Patches.esp,CraftingSmithingForge,IWHonedSilverBattleaxe,WEAP,WeapMaterialDraugrHoned+WeapMaterialSilver,EbonySmithing,
1,,3,AncientNord,"faction gear: the faction role is the gate, any Blacksmith tier, no manual (Nate, 7 Oct)",,c74704:Immersive Weapons.esp,IWRecipeWeaponHonedSilverLongsword,DragonBreak Nexus Patches.esp,CraftingSmithingForge,IWHonedSilverLongsword,WEAP,WeapMaterialDraugrHoned+WeapMaterialSilver,ElvenSmithing,
1,,3,AncientNord,"faction gear: the faction role is the gate, any Blacksmith tier, no manual (Nate, 7 Oct)",,c7471b:Immersive Weapons.esp,IWRecipeWeaponHonedSilverScimitar,DragonBreak Nexus Patches.esp,CraftingSmithingForge,IWHonedSilverScimitar,WEAP,WeapMaterialDraugrHoned+WeapMaterialSilver,ElvenSmithing,
1,,3,AncientNord,"faction gear: the faction role is the gate, any Blacksmith tier, no manual (Nate, 7 Oct)",,c74714:Immersive Weapons.esp,IWRecipeWeaponHonedSilverWarAxe,DragonBreak Nexus Patches.esp,CraftingSmithingForge,IWHonedSilverWarAxe,WEAP,WeapMaterialDraugrHoned+WeapMaterialSilver,ElvenSmithing,
3,AncientNord,3,AncientNord,keyword WeapMaterialDraugrHoned,,216e8:Immersive Weapons.esp,IWRecipeWeaponHousecarlsGreatsword,DragonBreak Nexus Patches.esp,CraftingSmithingForge,IWHousecarlsGreatsword,WEAP,WeapMaterialDraugrHoned,ElvenSmithing,
3,AncientNord,3,AncientNord,keyword WeapMaterialDraugrHoned,,441025:Immersive Weapons.esp,IWRecipeWeaponNordHeroDoubleAxe,DragonBreak Nexus Patches.esp,CraftingSmithingForge,IWNordHeroDoubleAxe,WEAP,WeapMaterialDraugrHoned,ElvenSmithing,
1,,3,Orcish,"faction gear: the faction role is the gate, any Blacksmith tier, no manual (Nate, 7 Oct)",,2857:Immersive Weapons.esp,IWRecipeWeaponOrcishCripplerSpear,DragonBreak Nexus Patches.esp,CraftingSmithingForge,IWOrcishCripplerSpear,WEAP,WeapMaterialOrcish,OrcishSmithing,#69 OrcRace == 1.0; #69 OrcRaceVampire == 1.0
1,,3,Orcish,"faction gear: the faction role is the gate, any Blacksmith tier, no manual (Nate, 7 Oct)",,c74705:Immersive Weapons.esp,IWRecipeWeaponOrcishLongsword,DragonBreak Nexus Patches.esp,CraftingSmithingForge,IWOrcishLongsword,WEAP,WeapMaterialOrcish,OrcishSmithing,#69 OrcRace == 1.0; #69 OrcRaceVampire == 1.0
1,,3,Orcish,"faction gear: the faction role is the gate, any Blacksmith tier, no manual (Nate, 7 Oct)",,9406:Immersive Weapons.esp,IWRecipeWeaponOrcishQuarterstaff,DragonBreak Nexus Patches.esp,CraftingSmithingForge,IWOrcishQuarterstaff,WEAP,WeapMaterialOrcish,OrcishSmithing,#69 OrcRace == 1.0; #69 OrcRaceVampire == 1.0
1,,3,Orcish,"faction gear: the faction role is the gate, any Blacksmith tier, no manual (Nate, 7 Oct)",,20d64:Immersive Weapons.esp,IWRecipeWeaponOrcishSaber,DragonBreak Nexus Patches.esp,CraftingSmithingForge,IWOrcishSaber,WEAP,WeapMaterialOrcish,OrcishSmithing,#69 OrcRace == 1.0; #69 OrcRaceVampire == 1.0
3,Orcish,3,Orcish,keyword WeapMaterialOrcish,,ca05:Immersive Weapons.esp,IWRecipeWeaponOrsimerChieftanBow,DragonBreak Nexus Patches.esp,CraftingSmithingForge,IWOrsimerChieftanBow,WEAP,WeapMaterialOrcish,AdvancedArmors+ElvenSmithing,#69 OrcRace == 1.0; #69 OrcRaceVampire == 1.0
3,AncientNord,3,AncientNord,keyword WeapMaterialDraugrHoned,,272fc:Immersive Weapons.esp,IWRecipeWeaponSithissBladeNinjato,DragonBreak Nexus Patches.esp,CraftingSmithingForge,IWSithissBladeNinjato,WEAP,WeapMaterialDraugrHoned,EbonySmithing,GetInFaction DarkBrotherhoodFaction != 0.0
3,Orcish,3,Orcish,keyword WeapMaterialOrcish,,94289e:Immersive Weapons.esp,IWRecipeWeaponStrosMKaiScimitar,DragonBreak Nexus Patches.esp,CraftingSmithingForge,IWStrosMKaiScimitar,WEAP,WeapMaterialOrcish,AdvancedArmors,#69 OrcRace == 1.0; #69 OrcRaceVampire == 1.0
3,Orcish,3,Orcish,keyword WeapMaterialOrcish,,3953:Immersive Weapons.esp,IWRecipeWeaponWarchiefsHalberd,DragonBreak Nexus Patches.esp,CraftingSmithingForge,IWWarchiefsHalberd,WEAP,WeapMaterialOrcish,ElvenSmithing,#69 OrcRace == 1.0; #69 OrcRaceVampire == 1.0
3,AncientNord,3,AncientNord,keyword WeapMaterialDraugrHoned,,4e8b:Immersive Weapons.esp,IWRecipeWeaponWhiteMammothRecurveBow,DragonBreak Nexus Patches.esp,CraftingSmithingForge,IWWhiteMammothRecurveBow,WEAP,WeapMaterialDraugrHoned,EbonySmithing,
3,AncientNord,3,AncientNord,keyword WeapMaterialDraugrHoned,,701009:Immersive Weapons.esp,IWRecipeWeaponWolfClaymore,DragonBreak Nexus Patches.esp,CraftingSmithingForge,IWWolfClaymore,WEAP,WeapMaterialDraugrHoned,EbonySmithing,
3,AncientNord,3,AncientNord,keyword WeapMaterialDraugrHoned,,84100b:Immersive Weapons.esp,IWRecipeWeaponWolfDadao,DragonBreak Nexus Patches.esp,CraftingSmithingForge,IWWolfDadao,WEAP,WeapMaterialDraugrHoned,EbonySmithing,
3,AncientNord,3,AncientNord,keyword WeapMaterialDraugrHoned,,961015:Immersive Weapons.esp,IWRecipeWeaponWolfDaito,DragonBreak Nexus Patches.esp,CraftingSmithingForge,IWWolfDaito,WEAP,WeapMaterialDraugrHoned,EbonySmithing,
3,AncientNord,3,AncientNord,keyword WeapMaterialDraugrHoned,,961016:Immersive Weapons.esp,IWRecipeWeaponWolfKatana,DragonBreak Nexus Patches.esp,CraftingSmithingForge,IWWolfKatana,WEAP,WeapMaterialDraugrHoned,EbonySmithing,
3,AncientNord,3,AncientNord,keyword WeapMaterialDraugrHoned,,7700c:Immersive Weapons.esp,IWRecipeWeaponWolfScimitar,DragonBreak Nexus Patches.esp,CraftingSmithingForge,IWWolfScimitar,WEAP,WeapMaterialDraugrHoned,EbonySmithing,
3,AncientNord,3,AncientNord,keyword WeapMaterialDraugrHoned,,77100a:Immersive Weapons.esp,IWRecipeWeaponWolfSword,DragonBreak Nexus Patches.esp,CraftingSmithingForge,IWWolfSword,WEAP,WeapMaterialDraugrHoned,EbonySmithing,
1,,3,Orcish,"faction gear: the faction role is the gate, any Blacksmith tier, no manual (Nate, 7 Oct)",,db899:Skyrim.esm,RecipeWeaponOrcishBattleAxe,DragonBreak Nexus Patches.esp,CraftingSmithingForge,OrcishBattleaxe,WEAP,WeapMaterialOrcish,OrcishSmithing,#69 OrcRace == 1.0; #69 OrcRaceVampire == 1.0
1,,3,Orcish,"faction gear: the faction role is the gate, any Blacksmith tier, no manual (Nate, 7 Oct)",,108cfc:Skyrim.esm,RecipeWeaponOrcishBow,DragonBreak Nexus Patches.esp,CraftingSmithingForge,OrcishBow,WEAP,WeapMaterialOrcish,OrcishSmithing,#69 OrcRace == 1.0; #69 OrcRaceVampire == 1.0
1,,3,Orcish,"faction gear: the faction role is the gate, any Blacksmith tier, no manual (Nate, 7 Oct)",,db89c:Skyrim.esm,RecipeWeaponOrcishDagger,DragonBreak Nexus Patches.esp,CraftingSmithingForge,OrcishDagger,WEAP,WeapMaterialOrcish,OrcishSmithing,#69 OrcRace == 1.0; #69 OrcRaceVampire == 1.0
1,,3,Orcish,"faction gear: the faction role is the gate, any Blacksmith tier, no manual (Nate, 7 Oct)",,db89a:Skyrim.esm,RecipeWeaponOrcishGreatsword,DragonBreak Nexus Patches.esp,CraftingSmithingForge,OrcishGreatsword,WEAP,WeapMaterialOrcish,OrcishSmithing,#69 OrcRace == 1.0; #69 OrcRaceVampire == 1.0
1,,3,Orcish,"faction gear: the faction role is the gate, any Blacksmith tier, no manual (Nate, 7 Oct)",,db89d:Skyrim.esm,RecipeWeaponOrcishMace,DragonBreak Nexus Patches.esp,CraftingSmithingForge,OrcishMace,WEAP,WeapMaterialOrcish,OrcishSmithing,#69 OrcRace == 1.0; #69 OrcRaceVampire == 1.0
1,,3,Orcish,"faction gear: the faction role is the gate, any Blacksmith tier, no manual (Nate, 7 Oct)",,db89f:Skyrim.esm,RecipeWeaponOrcishSword,DragonBreak Nexus Patches.esp,CraftingSmithingForge,OrcishSword,WEAP,WeapMaterialOrcish,OrcishSmithing,#69 OrcRace == 1.0; #69 OrcRaceVampire == 1.0
1,,3,Orcish,"faction gear: the faction role is the gate, any Blacksmith tier, no manual (Nate, 7 Oct)",,db8a0:Skyrim.esm,RecipeWeaponOrcishWarAxe,DragonBreak Nexus Patches.esp,CraftingSmithingForge,OrcishWarAxe,WEAP,WeapMaterialOrcish,OrcishSmithing,#69 OrcRace == 1.0; #69 OrcRaceVampire == 1.0
1,,3,Orcish,"faction gear: the faction role is the gate, any Blacksmith tier, no manual (Nate, 7 Oct)",,db8a1:Skyrim.esm,RecipeWeaponOrcishWarhammer,DragonBreak Nexus Patches.esp,CraftingSmithingForge,OrcishWarhammer,WEAP,WeapMaterialOrcish,OrcishSmithing,#69 OrcRace == 1.0; #69 OrcRaceVampire == 1.0
3,Elven,3,Elven,keyword ArmorMaterialElven+ArmorMaterialElvenGilded,,816:DragonBreak Nexus Patches.esp,DBOFG_TH_Thalmor1CuirassGilded,DragonBreak Nexus Patches.esp,CraftingSmithingForge,TH_Thalmor1CuirassGilded,ARMO,ArmorMaterialElven+ArmorMaterialElvenGilded+TH_MaterialAltmer+TH_MaterialThalmor,,
3,PlateAndScale,3,PlateAndScale,keyword ArmorMaterialSteelPlate,,825:DragonBreak Nexus Patches.esp,DBOFG_TH_Vigilant1Cuirass,DragonBreak Nexus Patches.esp,CraftingSmithingForge,TH_Vigilant1Cuirass,ARMO,ArmorMaterialSteelPlate,,
3,PlateAndScale,3,PlateAndScale,keyword ArmorMaterialSteelPlate,,826:DragonBreak Nexus Patches.esp,DBOFG_TH_Vigilant1Helmet,DragonBreak Nexus Patches.esp,CraftingSmithingForge,TH_Vigilant1Helmet,ARMO,ArmorMaterialSteelPlate,,
3,PlateAndScale,3,PlateAndScale,keyword ArmorMaterialScaled,,1df5:DragonBreak.esp,USKPRecipeArmorScaledCuirassB,DragonBreak.esp,CraftingSmithingForge,ArmorScaledCuirassB,ARMO,ArmorMaterialScaled,AdvancedArmors,
3,PlateAndScale,3,PlateAndScale,keyword IAKMaterialSteel+IAKMaterialIron+IAKMaterialAdvancedPlate+IAKMaterialOrcish,,22f8:Hothtrooper44_ArmorCompilation.esp,IARArmorHeavyFurHoodBlack,Hothtrooper44_ArmorCompilation.esp,CraftingSmithingForge,IAArmorHeavyFurHoodBlack,ARMO,IAKMaterialSteel+IAKMaterialIron+IAKMaterialAdvancedPlate+IAKMaterialOrcish,SteelSmithing,GetGlobalValue CCO_CategoryHide == 1.0; GetGlobalValue IACTArmorFurHood == 1.0; GetGlobalValue IAVTArmorFurHood == 0.0; GetGlobalValue CCO_ArmorHelmetRecipes == 1.0; GetGlobalValue CCO_ArmorHeavyRecipes == 1.0; GetGlobalValue CCO_MODImmersiveArmors == 1.0
3,PlateAndScale,3,PlateAndScale,keyword IAKMaterialSteel+IAKMaterialIron+IAKMaterialAdvancedPlate+IAKMaterialOrcish,,bc99c:Hothtrooper44_ArmorCompilation.esp,IARArmorHeavyFurHoodPlain,Hothtrooper44_ArmorCompilation.esp,CraftingSmithingForge,IAArmorHeavyFurHoodPlain,ARMO,IAKMaterialSteel+IAKMaterialIron+IAKMaterialAdvancedPlate+IAKMaterialOrcish,SteelSmithing,GetGlobalValue CCO_CategoryHide == 1.0; GetGlobalValue IACTArmorFurHood == 1.0; GetGlobalValue IAVTArmorFurHood == 2.0; GetGlobalValue CCO_ArmorHelmetRecipes == 1.0; GetGlobalValue CCO_ArmorHeavyRecipes == 1.0; GetGlobalValue CCO_MODImmersiveArmors == 1.0
3,PlateAndScale,3,PlateAndScale,keyword IAKMaterialSteel+IAKMaterialIron+IAKMaterialAdvancedPlate+IAKMaterialOrcish,,182a:Hothtrooper44_ArmorCompilation.esp,IARArmorHeavyFurHoodWhite,Hothtrooper44_ArmorCompilation.esp,CraftingSmithingForge,IAArmorHeavyFurHoodWhite,ARMO,IAKMaterialSteel+IAKMaterialIron+IAKMaterialAdvancedPlate+IAKMaterialOrcish,SteelSmithing,GetGlobalValue CCO_CategoryHide == 1.0; GetGlobalValue IACTArmorFurHood == 1.0; GetGlobalValue IAVTArmorFurHood == 4.0; GetGlobalValue CCO_ArmorHelmetRecipes == 1.0; GetGlobalValue CCO_ArmorHeavyRecipes == 1.0; GetGlobalValue CCO_MODImmersiveArmors == 1.0
3,PlateAndScale,3,PlateAndScale,keyword IAKMaterialSteelChain+IAKMaterialLeather+IAKMaterialAdvancedScale,,22ff:Hothtrooper44_ArmorCompilation.esp,IARArmorLightFurHoodBlack,Hothtrooper44_ArmorCompilation.esp,CraftingSmithingForge,IAArmorLightFurHoodBlack,ARMO,IAKMaterialSteelChain+IAKMaterialLeather+IAKMaterialAdvancedScale,SteelSmithing,GetGlobalValue CCO_CategoryHide == 1.0; GetGlobalValue IACTArmorFurHood == 1.0; GetGlobalValue IAVTArmorFurHood == 6.0; GetGlobalValue CCO_ArmorHelmetRecipes == 1.0; GetGlobalValue CCO_ArmorLightRecipes == 1.0; GetGlobalValue CCO_MODImmersiveArmors == 1.0
3,PlateAndScale,3,PlateAndScale,keyword IAKMaterialSteelChain+IAKMaterialLeather+IAKMaterialAdvancedScale,,53b6:Hothtrooper44_ArmorCompilation.esp,IARArmorLightFurHoodBlackScarf,Hothtrooper44_ArmorCompilation.esp,CraftingSmithingForge,IAArmorLightFurHoodBlackScarf,ARMO,IAKMaterialSteelChain+IAKMaterialLeather+IAKMaterialAdvancedScale,SteelSmithing,GetGlobalValue CCO_CategoryHide == 1.0; GetGlobalValue IACTArmorFurHood == 1.0; GetGlobalValue IAVTArmorFurHood == 7.0; GetGlobalValue CCO_ArmorHelmetRecipes == 1.0; GetGlobalValue CCO_ArmorLightRecipes == 1.0; GetGlobalValue CCO_MODImmersiveArmors == 1.0
3,PlateAndScale,3,PlateAndScale,keyword IAKMaterialSteelChain+IAKMaterialLeather+IAKMaterialAdvancedScale,,bc99b:Hothtrooper44_ArmorCompilation.esp,IARArmorLightFurHoodPlain,Hothtrooper44_ArmorCompilation.esp,CraftingSmithingForge,IAArmorLightFurHoodPlain,ARMO,IAKMaterialSteelChain+IAKMaterialLeather+IAKMaterialAdvancedScale,SteelSmithing,GetGlobalValue CCO_CategoryHide == 1.0; GetGlobalValue IACTArmorFurHood == 1.0; GetGlobalValue IAVTArmorFurHood == 8.0; GetGlobalValue CCO_ArmorHelmetRecipes == 1.0; GetGlobalValue CCO_ArmorLightRecipes == 1.0; GetGlobalValue CCO_MODImmersiveArmors == 1.0
3,PlateAndScale,3,PlateAndScale,keyword IAKMaterialSteelChain+IAKMaterialLeather+IAKMaterialAdvancedScale,,53b4:Hothtrooper44_ArmorCompilation.esp,IARArmorLightFurHoodPlainScarf,Hothtrooper44_ArmorCompilation.esp,CraftingSmithingForge,IAArmorLightFurHoodPlainScarf,ARMO,IAKMaterialSteelChain+IAKMaterialLeather+IAKMaterialAdvancedScale,SteelSmithing,GetGlobalValue CCO_CategoryHide == 1.0; GetGlobalValue IACTArmorFurHood == 1.0; GetGlobalValue IAVTArmorFurHood == 9.0; GetGlobalValue CCO_ArmorHelmetRecipes == 1.0; GetGlobalValue CCO_ArmorLightRecipes == 1.0; GetGlobalValue CCO_MODImmersiveArmors == 1.0
3,PlateAndScale,3,PlateAndScale,keyword IAKMaterialSteelChain+IAKMaterialLeather+IAKMaterialAdvancedScale,,1d91:Hothtrooper44_ArmorCompilation.esp,IARArmorLightFurHoodWhite,Hothtrooper44_ArmorCompilation.esp,CraftingSmithingForge,IAArmorLightFurHoodWhite,ARMO,IAKMaterialSteelChain+IAKMaterialLeather+IAKMaterialAdvancedScale,SteelSmithing,GetGlobalValue CCO_CategoryHide == 1.0; GetGlobalValue IACTArmorFurHood == 1.0; GetGlobalValue IAVTArmorFurHood == 10.0; GetGlobalValue CCO_ArmorHelmetRecipes == 1.0; GetGlobalValue CCO_ArmorLightRecipes == 1.0; GetGlobalValue CCO_MODImmersiveArmors == 1.0
3,PlateAndScale,3,PlateAndScale,keyword IAKMaterialSteelChain+IAKMaterialLeather+IAKMaterialAdvancedScale,,53b8:Hothtrooper44_ArmorCompilation.esp,IARArmorLightFurHoodWhiteScarf,Hothtrooper44_ArmorCompilation.esp,CraftingSmithingForge,IAArmorLightFurHoodWhiteScarf,ARMO,IAKMaterialSteelChain+IAKMaterialLeather+IAKMaterialAdvancedScale,SteelSmithing,GetGlobalValue CCO_CategoryHide == 1.0; GetGlobalValue IACTArmorFurHood == 1.0; GetGlobalValue IAVTArmorFurHood == 11.0; GetGlobalValue CCO_ArmorHelmetRecipes == 1.0; GetGlobalValue CCO_ArmorLightRecipes == 1.0; GetGlobalValue CCO_MODImmersiveArmors == 1.0
3,PlateAndScale,3,PlateAndScale,keyword IAKMaterialAdvancedScale+IAKMaterialSteelChain+IAKMaterialLeather+IAKMaterialIron+IAKMaterialSteel+IAKMaterialAdvancedPlate+IAKMaterialOrcish,,22fe:Hothtrooper44_ArmorCompilation.esp,IARFurHoodBlack,Hothtrooper44_ArmorCompilation.esp,CraftingSmithingForge,IAFurHoodBlack,ARMO,IAKMaterialAdvancedScale+IAKMaterialSteelChain+IAKMaterialLeather+IAKMaterialIron+IAKMaterialSteel+IAKMaterialAdvancedPlate+IAKMaterialOrcish,,GetGlobalValue CCO_CategoryHide == 1.0; GetGlobalValue IACTFurHood == 1.0; GetGlobalValue IAVTFurHoodColor == 0.0; GetGlobalValue IAVTFurHoodScarf == 0.0; GetGlobalValue CCO_ClothingHoodRecipes == 1.0; GetGlobalValue CCO_ArmorClothingRecipes == 1.0; GetGlobalValue CCO_MODImmersiveArmors == 1.0
3,PlateAndScale,3,PlateAndScale,keyword IAKMaterialAdvancedScale+IAKMaterialSteelChain+IAKMaterialLeather+IAKMaterialIron+IAKMaterialSteel+IAKMaterialAdvancedPlate+IAKMaterialOrcish,,53b5:Hothtrooper44_ArmorCompilation.esp,IARFurHoodBlackScarf,Hothtrooper44_ArmorCompilation.esp,CraftingSmithingForge,IAFurHoodBlackScarf,ARMO,IAKMaterialAdvancedScale+IAKMaterialSteelChain+IAKMaterialLeather+IAKMaterialIron+IAKMaterialSteel+IAKMaterialAdvancedPlate+IAKMaterialOrcish,,GetGlobalValue CCO_CategoryHide == 1.0; GetGlobalValue IACTFurHood == 1.0; GetGlobalValue IAVTFurHoodColor == 0.0; GetGlobalValue IAVTFurHoodScarf != 0.0; GetGlobalValue CCO_ClothingHoodRecipes == 1.0; GetGlobalValue CCO_ArmorClothingRecipes == 1.0; GetGlobalValue CCO_MODImmersiveArmors == 1.0
3,PlateAndScale,3,PlateAndScale,keyword IAKMaterialAdvancedScale+IAKMaterialSteelChain+IAKMaterialLeather+IAKMaterialIron+IAKMaterialSteel+IAKMaterialAdvancedPlate+IAKMaterialOrcish,,bc99a:Hothtrooper44_ArmorCompilation.esp,IARFurHoodPlain,Hothtrooper44_ArmorCompilation.esp,CraftingSmithingForge,IAFurHoodPlain,ARMO,IAKMaterialAdvancedScale+IAKMaterialSteelChain+IAKMaterialLeather+IAKMaterialIron+IAKMaterialSteel+IAKMaterialAdvancedPlate+IAKMaterialOrcish,,GetGlobalValue CCO_CategoryHide == 1.0; GetGlobalValue IACTFurHood == 1.0; GetGlobalValue IAVTFurHoodColor == 1.0; GetGlobalValue IAVTFurHoodScarf == 0.0; GetGlobalValue CCO_ClothingHoodRecipes == 1.0; GetGlobalValue CCO_ArmorClothingRecipes == 1.0; GetGlobalValue CCO_MODImmersiveArmors == 1.0
3,PlateAndScale,3,PlateAndScale,keyword IAKMaterialAdvancedScale+IAKMaterialSteelChain+IAKMaterialLeather+IAKMaterialIron+IAKMaterialSteel+IAKMaterialAdvancedPlate+IAKMaterialOrcish,,53b3:Hothtrooper44_ArmorCompilation.esp,IARFurHoodPlainScarf,Hothtrooper44_ArmorCompilation.esp,CraftingSmithingForge,IAFurHoodPlainScarf,ARMO,IAKMaterialAdvancedScale+IAKMaterialSteelChain+IAKMaterialLeather+IAKMaterialIron+IAKMaterialSteel+IAKMaterialAdvancedPlate+IAKMaterialOrcish,,GetGlobalValue CCO_CategoryHide == 1.0; GetGlobalValue IACTFurHood == 1.0; GetGlobalValue IAVTFurHoodColor == 1.0; GetGlobalValue IAVTFurHoodScarf != 0.0; GetGlobalValue CCO_ClothingHoodRecipes == 1.0; GetGlobalValue CCO_ArmorClothingRecipes == 1.0; GetGlobalValue CCO_MODImmersiveArmors == 1.0
3,PlateAndScale,3,PlateAndScale,keyword IAKMaterialAdvancedScale+IAKMaterialSteelChain+IAKMaterialLeather+IAKMaterialIron+IAKMaterialSteel+IAKMaterialAdvancedPlate+IAKMaterialOrcish,,1d90:Hothtrooper44_ArmorCompilation.esp,IARFurHoodWhite,Hothtrooper44_ArmorCompilation.esp,CraftingSmithingForge,IAFurHoodWhite,ARMO,IAKMaterialAdvancedScale+IAKMaterialSteelChain+IAKMaterialLeather+IAKMaterialIron+IAKMaterialSteel+IAKMaterialAdvancedPlate+IAKMaterialOrcish,,GetGlobalValue CCO_CategoryHide == 1.0; GetGlobalValue IACTFurHood == 1.0; GetGlobalValue IAVTFurHoodColor == 2.0; GetGlobalValue IAVTFurHoodScarf == 0.0; GetGlobalValue CCO_ClothingHoodRecipes == 1.0; GetGlobalValue CCO_ArmorClothingRecipes == 1.0; GetGlobalValue CCO_MODImmersiveArmors == 1.0
3,PlateAndScale,3,PlateAndScale,keyword IAKMaterialAdvancedScale+IAKMaterialSteelChain+IAKMaterialLeather+IAKMaterialIron+IAKMaterialSteel+IAKMaterialAdvancedPlate+IAKMaterialOrcish,,53b7:Hothtrooper44_ArmorCompilation.esp,IARFurHoodWhiteScarf,Hothtrooper44_ArmorCompilation.esp,CraftingSmithingForge,IAFurHoodWhiteScarf,ARMO,IAKMaterialAdvancedScale+IAKMaterialSteelChain+IAKMaterialLeather+IAKMaterialIron+IAKMaterialSteel+IAKMaterialAdvancedPlate+IAKMaterialOrcish,,GetGlobalValue CCO_CategoryHide == 1.0; GetGlobalValue IACTFurHood == 1.0; GetGlobalValue IAVTFurHoodColor == 2.0; GetGlobalValue IAVTFurHoodScarf != 0.0; GetGlobalValue CCO_ClothingHoodRecipes == 1.0; GetGlobalValue CCO_ArmorClothingRecipes == 1.0; GetGlobalValue CCO_MODImmersiveArmors == 1.0
3,PlateAndScale,3,PlateAndScale,keyword IAKMaterialAdvancedScale,,2863:Hothtrooper44_ArmorCompilation.esp,IARSeadogBoots,Hothtrooper44_ArmorCompilation.esp,CraftingSmithingForge,IASeadogBoots,ARMO,IAKMaterialAdvancedScale,AdvancedArmors,GetGlobalValue IACTSeadog == 1.0; GetGlobalValue CCO_ArmorBootRecipes == 1.0; GetGlobalValue CCO_ArmorLightRecipes == 1.0; GetGlobalValue CCO_MODImmersiveArmors == 1.0; GetGlobalValue CCO_CategoryExotic == 1.0
3,PlateAndScale,3,PlateAndScale,keyword IAKMaterialAdvancedScale,,2864:Hothtrooper44_ArmorCompilation.esp,IARSeadogCuirass,Hothtrooper44_ArmorCompilation.esp,CraftingSmithingForge,IASeadogCuirass,ARMO,IAKMaterialAdvancedScale,AdvancedArmors,GetGlobalValue IACTSeadog == 1.0; GetGlobalValue CCO_ArmorCuirassRecipes == 1.0; GetGlobalValue CCO_ArmorLightRecipes == 1.0; GetGlobalValue CCO_MODImmersiveArmors == 1.0; GetGlobalValue CCO_CategoryExotic == 1.0
3,PlateAndScale,3,PlateAndScale,keyword IAKMaterialAdvancedScale,,2865:Hothtrooper44_ArmorCompilation.esp,IARSeadogGloves,Hothtrooper44_ArmorCompilation.esp,CraftingSmithingForge,IASeadogGauntlets,ARMO,IAKMaterialAdvancedScale,AdvancedArmors,GetGlobalValue IACTSeadog == 1.0; GetGlobalValue CCO_ArmorGauntletRecipes == 1.0; GetGlobalValue CCO_ArmorLightRecipes == 1.0; GetGlobalValue CCO_MODImmersiveArmors == 1.0; GetGlobalValue CCO_CategoryExotic == 1.0
3,PlateAndScale,3,PlateAndScale,keyword IAKMaterialAdvancedScale,,2866:Hothtrooper44_ArmorCompilation.esp,IARSeadogTricorne,Hothtrooper44_ArmorCompilation.esp,CraftingSmithingForge,IASeadogTricorne,ARMO,IAKMaterialAdvancedScale,AdvancedArmors,GetGlobalValue IACTSeadog == 1.0; GetGlobalValue CCO_ArmorHelmetRecipes == 1.0; GetGlobalValue CCO_ArmorLightRecipes == 1.0; GetGlobalValue CCO_MODImmersiveArmors == 1.0; GetGlobalValue CCO_CategoryExotic == 1.0
3,PlateAndScale,3,PlateAndScale,keyword IAKMaterialAdvancedScale,,2867:Hothtrooper44_ArmorCompilation.esp,IARSeadogTricorneFeathered,Hothtrooper44_ArmorCompilation.esp,CraftingSmithingForge,IASeadogTricorneFeathered,ARMO,IAKMaterialAdvancedScale,AdvancedArmors,GetGlobalValue IACTSeadog == 1.0; GetGlobalValue CCO_ArmorHelmetRecipes == 1.0; GetGlobalValue CCO_ArmorLightRecipes == 1.0; GetGlobalValue CCO_MODImmersiveArmors == 1.0; GetGlobalValue CCO_CategoryExotic == 1.0
3,PlateAndScale,3,PlateAndScale,keyword IAKMaterialAdvancedScale,,5f8f7:Hothtrooper44_ArmorCompilation.esp,IARShieldOvalSpikeLightBasic,Hothtrooper44_ArmorCompilation.esp,CraftingSmithingForge,IAShieldOvalSpikeLightBasic,ARMO,IAKMaterialAdvancedScale,AdvancedArmors,GetGlobalValue IACTShieldOvalSpikeLight == 1.0; GetGlobalValue CCO_ArmorShieldRecipes == 1.0; GetGlobalValue CCO_ArmorLightRecipes == 1.0; GetGlobalValue CCO_MODImmersiveArmors == 1.0; GetGlobalValue CCO_CategoryNordic == 1.0
3,PlateAndScale,3,PlateAndScale,keyword IAKMaterialAdvancedPlate,,5f8ef:Hothtrooper44_ArmorCompilation.esp,IARShieldRoundSpikeHeavyBasic,Hothtrooper44_ArmorCompilation.esp,CraftingSmithingForge,IAShieldRoundSpikeHeavyBasic,ARMO,IAKMaterialAdvancedPlate,AdvancedArmors+OrcishSmithing,GetGlobalValue IACTShieldRoundSpikeHeavy == 1.0; GetGlobalValue CCO_ArmorShieldRecipes == 1.0; GetGlobalValue CCO_ArmorHeavyRecipes == 1.0; GetGlobalValue CCO_MODImmersiveArmors == 1.0; GetGlobalValue CCO_CategoryNordic == 1.0
3,PlateAndScale,3,PlateAndScale,keyword IAKMaterialAdvancedScale,,5f8f6:Hothtrooper44_ArmorCompilation.esp,IARShieldRoundSpikeLightBasic,Hothtrooper44_ArmorCompilation.esp,CraftingSmithingForge,IAShieldRoundSpikeLightBasic,ARMO,IAKMaterialAdvancedScale,AdvancedArmors,GetGlobalValue IACTShieldRoundSpikeLight == 1.0; GetGlobalValue CCO_ArmorShieldRecipes == 1.0; GetGlobalValue CCO_ArmorLightRecipes == 1.0; GetGlobalValue CCO_MODImmersiveArmors == 1.0; GetGlobalValue CCO_CategoryNordic == 1.0
3,PlateAndScale,3,PlateAndScale,keyword IAKMaterialAdvancedPlate,,dbf:Hothtrooper44_ArmorCompilation.esp,IARVanguardPlateHelmetCLOSED,Hothtrooper44_ArmorCompilation.esp,CraftingSmithingForge,IAVanguardPlateHelmetCLOSED,ARMO,IAKMaterialAdvancedPlate,AdvancedArmors,GetGlobalValue IACTVanguard == 1.0; GetGlobalValue CCO_ArmorHelmetRecipes == 1.0; GetGlobalValue CCO_ArmorHeavyRecipes == 1.0; GetGlobalValue CCO_MODImmersiveArmors == 1.0; GetGlobalValue CCO_CategorySteel == 1.0
3,AncientNord,3,AncientNord,keyword WeapMaterialDraugrHoned,,4341:Immersive Weapons.esp,IWRecipeWeaponBlackMammothRecurveBow,Immersive Weapons.esp,CraftingSmithingForge,IWBlackMammothRecurveBow,WEAP,WeapMaterialDraugrHoned,EbonySmithing,
3,AncientNord,3,AncientNord,keyword WeapMaterialDraugrHoned,,22ca3:Immersive Weapons.esp,IWRecipeWeaponCrowGreatsword,Immersive Weapons.esp,CraftingSmithingForge,IWCrowGreatsword,WEAP,WeapMaterialDraugrHoned,EbonySmithing,
3,AncientNord,3,AncientNord,keyword WeapMaterialDraugrHoned,,22ca5:Immersive Weapons.esp,IWRecipeWeaponCrowSword,Immersive Weapons.esp,CraftingSmithingForge,IWCrowSword,WEAP,WeapMaterialDraugrHoned,EbonySmithing,
3,PlateAndScale,3,PlateAndScale,perk AdvancedArmors,,89c:MoreCraftableEquipment.esp,MCERecipeArmorFalmerHelmet,MoreCraftableEquipment.esp,CraftingSmithingForge,ArmorFAlmerHelmet,ARMO,,AdvancedArmors,GetItemCount ChaurusChitin >= 1.0
3,PlateAndScale,3,PlateAndScale,perk AdvancedArmors,,874:MoreCraftableEquipment.esp,MCERecipeArmorFalmerBoots,MoreCraftableEquipment.esp,CraftingSmithingForge,ArmorFalmerBoots,ARMO,,AdvancedArmors,GetItemCount ChaurusChitin >= 1.0
3,PlateAndScale,3,PlateAndScale,perk AdvancedArmors,,87b:MoreCraftableEquipment.esp,MCERecipeArmorFalmerCuirass,MoreCraftableEquipment.esp,CraftingSmithingForge,ArmorFalmerCuirass,ARMO,,AdvancedArmors,GetItemCount ChaurusChitin >= 1.0
3,PlateAndScale,3,PlateAndScale,perk AdvancedArmors,,87c:MoreCraftableEquipment.esp,MCERecipeArmorFalmerGauntlets,MoreCraftableEquipment.esp,CraftingSmithingForge,ArmorFalmerGauntlets,ARMO,,AdvancedArmors,GetItemCount ChaurusChitin >= 1.0
3,PlateAndScale,3,PlateAndScale,perk AdvancedArmors,,8a9:MoreCraftableEquipment.esp,MCERecipeArmorFalmerShield,MoreCraftableEquipment.esp,CraftingSmithingForge,ArmorFalmerShield,ARMO,,AdvancedArmors,GetItemCount ChaurusChitin >= 1.0
3,,3,,edid ClothesCirclet*,,92c:MoreCraftableEquipment.esp,MCERecipeClothesCirclet01,MoreCraftableEquipment.esp,CraftingSmithingForge,ClothesCirclet01,ARMO,,,
3,,3,,edid ClothesCirclet*,,92d:MoreCraftableEquipment.esp,MCERecipeClothesCirclet02,MoreCraftableEquipment.esp,CraftingSmithingForge,ClothesCirclet02,ARMO,,,
3,,3,,edid ClothesCirclet*,,92e:MoreCraftableEquipment.esp,MCERecipeClothesCirclet03,MoreCraftableEquipment.esp,CraftingSmithingForge,ClothesCirclet03,ARMO,,,
3,,3,,edid ClothesCirclet*,,92f:MoreCraftableEquipment.esp,MCERecipeClothesCirclet04,MoreCraftableEquipment.esp,CraftingSmithingForge,ClothesCirclet04,ARMO,,,
3,,3,,edid ClothesCirclet*,,930:MoreCraftableEquipment.esp,MCERecipeClothesCirclet05,MoreCraftableEquipment.esp,CraftingSmithingForge,ClothesCirclet05,ARMO,,,
3,,3,,edid ClothesCirclet*,,931:MoreCraftableEquipment.esp,MCERecipeClothesCirclet06,MoreCraftableEquipment.esp,CraftingSmithingForge,ClothesCirclet06,ARMO,,,
3,,3,,edid ClothesCirclet*,,932:MoreCraftableEquipment.esp,MCERecipeClothesCirclet07,MoreCraftableEquipment.esp,CraftingSmithingForge,ClothesCirclet07,ARMO,,,
3,,3,,edid ClothesCirclet*,,933:MoreCraftableEquipment.esp,MCERecipeClothesCirclet08,MoreCraftableEquipment.esp,CraftingSmithingForge,ClothesCirclet08,ARMO,,,
3,,3,,edid ClothesCirclet*,,934:MoreCraftableEquipment.esp,MCERecipeClothesCirclet09,MoreCraftableEquipment.esp,CraftingSmithingForge,ClothesCirclet09,ARMO,,,
3,,3,,edid ClothesCirclet*,,935:MoreCraftableEquipment.esp,MCERecipeClothesCirclet10,MoreCraftableEquipment.esp,CraftingSmithingForge,ClothesCirclet10,ARMO,,,
3,PlateAndScale,3,PlateAndScale,perk AdvancedArmors,,897:MoreCraftableEquipment.esp,MCERecipeArmorFalmerHeavyHelmet,MoreCraftableEquipment.esp,CraftingSmithingForge,DLC1ArmorFAlmerHeavyHelmet,ARMO,,AdvancedArmors,GetItemCount ChaurusChitin >= 1.0
3,PlateAndScale,3,PlateAndScale,perk AdvancedArmors,,88c:MoreCraftableEquipment.esp,MCERecipeArmorFalmerHeavyBoots,MoreCraftableEquipment.esp,CraftingSmithingForge,DLC1ArmorFalmerHeavyBoots,ARMO,,AdvancedArmors,GetItemCount ChaurusChitin >= 1.0
3,PlateAndScale,3,PlateAndScale,perk AdvancedArmors,,88d:MoreCraftableEquipment.esp,MCERecipeArmorFalmerHeavyCuirass,MoreCraftableEquipment.esp,CraftingSmithingForge,DLC1ArmorFalmerHeavyCuirass,ARMO,,AdvancedArmors,GetItemCount ChaurusChitin >= 1.0
3,PlateAndScale,3,PlateAndScale,perk AdvancedArmors,,88e:MoreCraftableEquipment.esp,MCERecipeArmorFalmerHeavyGauntlets,MoreCraftableEquipment.esp,CraftingSmithingForge,DLC1ArmorFalmerHeavyGauntlets,ARMO,,AdvancedArmors,GetItemCount ChaurusChitin >= 1.0
1,,3,PlateAndScale,"faction gear: the faction role is the gate, any Blacksmith tier, no manual (Nate, 7 Oct)",,8e4:MoreCraftableEquipment.esp,MCERecipeArmorThievesGuildLeaderBoots,MoreCraftableEquipment.esp,CraftingSmithingForge,MCEArmorThievesGuildLeaderBoots,ARMO,ArmorMaterialThievesGuildLeader+WAF_MaterialFaction+WAF_ArmorMaterialAdvanced,AdvancedArmors,GetStageDone TGLeadership == 1.0
1,,3,PlateAndScale,"faction gear: the faction role is the gate, any Blacksmith tier, no manual (Nate, 7 Oct)",,8e5:MoreCraftableEquipment.esp,MCERecipeArmorThievesGuildLeaderCuirass,MoreCraftableEquipment.esp,CraftingSmithingForge,MCEArmorThievesGuildLeaderCuirass,ARMO,ArmorMaterialThievesGuildLeader+WAF_MaterialFaction+WAF_ArmorMaterialAdvanced,AdvancedArmors,GetStageDone TGLeadership == 1.0
1,,3,PlateAndScale,"faction gear: the faction role is the gate, any Blacksmith tier, no manual (Nate, 7 Oct)",,8e6:MoreCraftableEquipment.esp,MCERecipeArmorThievesGuildLeaderGauntlets,MoreCraftableEquipment.esp,CraftingSmithingForge,MCEArmorThievesGuildLeaderGauntlets,ARMO,ArmorMaterialThievesGuildLeader+WAF_MaterialFaction+WAF_ArmorMaterialAdvanced,AdvancedArmors,GetStageDone TGLeadership == 1.0
1,,3,PlateAndScale,"faction gear: the faction role is the gate, any Blacksmith tier, no manual (Nate, 7 Oct)",,8e7:MoreCraftableEquipment.esp,MCERecipeArmorThievesGuildLeaderHelmet,MoreCraftableEquipment.esp,CraftingSmithingForge,MCEArmorThievesGuildLeaderHelmet,ARMO,ArmorMaterialThievesGuildLeader+WAF_MaterialFaction+WAF_ArmorMaterialAdvanced,AdvancedArmors,GetStageDone TGLeadership == 1.0
3,Elven,3,Elven,keyword ArmorMaterialElvenGilded+ArmorMaterialElven,,dca0a:Skyrim.esm,RecipeArmorGildedElvenCuirass,Skyrim.esm,CraftingSmithingForge,ArmorElvenGildedCuirass,ARMO,ArmorMaterialElvenGilded+ArmorMaterialElven,ElvenSmithing,
3,PlateAndScale,3,PlateAndScale,keyword ArmorMaterialScaled,,dca05:Skyrim.esm,RecipeArmorScaledBoots,Skyrim.esm,CraftingSmithingForge,ArmorScaledBoots,ARMO,ArmorMaterialScaled,AdvancedArmors,
3,PlateAndScale,3,PlateAndScale,keyword ArmorMaterialScaled,,dca06:Skyrim.esm,RecipeArmorScaledCuirass,Skyrim.esm,CraftingSmithingForge,ArmorScaledCuirass,ARMO,ArmorMaterialScaled,AdvancedArmors,
3,PlateAndScale,3,PlateAndScale,keyword ArmorMaterialScaled,,dca07:Skyrim.esm,RecipeArmorScaledGauntlets,Skyrim.esm,CraftingSmithingForge,ArmorScaledGauntlets,ARMO,ArmorMaterialScaled,AdvancedArmors,
3,PlateAndScale,3,PlateAndScale,keyword ArmorMaterialScaled,,dca08:Skyrim.esm,RecipeArmorScaledHelmet,Skyrim.esm,CraftingSmithingForge,ArmorScaledHelmet,ARMO,ArmorMaterialScaled,AdvancedArmors,
3,PlateAndScale,3,PlateAndScale,keyword ArmorMaterialSteelPlate,,dd97e:Skyrim.esm,RecipeArmorSteelPlateBoots,Skyrim.esm,CraftingSmithingForge,ArmorSteelPlateBoots,ARMO,ArmorMaterialSteelPlate,AdvancedArmors,
3,PlateAndScale,3,PlateAndScale,keyword ArmorMaterialSteelPlate,,dd97f:Skyrim.esm,RecipeArmorSteelPlateCuirass,Skyrim.esm,CraftingSmithingForge,ArmorSteelPlateCuirass,ARMO,ArmorMaterialSteelPlate,AdvancedArmors,
3,PlateAndScale,3,PlateAndScale,keyword ArmorMaterialSteelPlate,,dd980:Skyrim.esm,RecipeArmorSteelPlateGauntlets,Skyrim.esm,CraftingSmithingForge,ArmorSteelPlateGauntlets,ARMO,ArmorMaterialSteelPlate,AdvancedArmors,
3,PlateAndScale,3,PlateAndScale,keyword ArmorMaterialSteelPlate,,dd981:Skyrim.esm,RecipeArmorSteelPlateHelmet,Skyrim.esm,CraftingSmithingForge,ArmorSteelPlateHelmet,ARMO,ArmorMaterialSteelPlate,AdvancedArmors,
3,,3,,edid *Jewelry*Gold*,,f4321:Skyrim.esm,RecipeJewelryNecklaceGold,Skyrim.esm,CraftingSmithingForge,JewelryNecklaceGold,ARMO,,,
3,,3,,edid *Jewelry*Gold*,,f4322:Skyrim.esm,RecipeJewelryNecklaceGoldDiamond,Skyrim.esm,CraftingSmithingForge,JewelryNecklaceGoldDiamond,ARMO,,,
3,,3,,edid *Jewelry*Gold*,,f4323:Skyrim.esm,RecipeJewelryNecklaceGoldGems,Skyrim.esm,CraftingSmithingForge,JewelryNecklaceGoldGems,ARMO,,,
3,,3,,edid *Jewelry*Gold*,,f4324:Skyrim.esm,RecipeJewelryNecklaceGoldRuby,Skyrim.esm,CraftingSmithingForge,JewelryNecklaceGoldRuby,ARMO,,,
3,,3,,edid *Jewelry*Gold*,,f4329:Skyrim.esm,RecipeJewelryRingGold,Skyrim.esm,CraftingSmithingForge,JewelryRingGold,ARMO,,,
3,,3,,edid *Jewelry*Gold*,,f432a:Skyrim.esm,RecipeJewelryRingGoldDiamond,Skyrim.esm,CraftingSmithingForge,JewelryRingGoldDiamond,ARMO,,,
3,,3,,edid *Jewelry*Gold*,,f432b:Skyrim.esm,RecipeJewelryRingGoldEmerald,Skyrim.esm,CraftingSmithingForge,JewelryRingGoldEmerald,ARMO,,,
3,,3,,edid *Jewelry*Gold*,,f432c:Skyrim.esm,RecipeJewelryRingGoldSapphire,Skyrim.esm,CraftingSmithingForge,JewelryRingGoldSapphire,ARMO,,,
3,PlateAndScale,3,PlateAndScale,keyword ArmorMaterialScaled,,80b:unofficial skyrim special edition patch.esp,USKPRecipeArmorScaledCuirassB,unofficial skyrim special edition patch.esp,CraftingSmithingForge,ArmorScaledCuirassB,ARMO,ArmorMaterialScaled,AdvancedArmors,
3,PlateAndScale,3,PlateAndScale,keyword IAKMaterialAdvancedScale,,b654:Hothtrooper44_ArmorCompilation.esp,IARApotheusBoots,DragonBreak Nexus Patches.esp,CraftingSmithingSkyforge,IAApotheusBoots,ARMO,IAKMaterialAdvancedScale,ArcaneBlacksmith+OrcishSmithing,GetGlobalValue CCO_CategoryLeather == 1.0; GetGlobalValue IAGNoQuestCrafting == 1.0; GetGlobalValue IAGCraftingApotheus == 1.0; GetGlobalValue IACTApotheus == 1.0; GetGlobalValue CCO_ArmorBootRecipes == 1.0; GetGlobalValue CCO_ArmorLightRecipes == 1.0; GetGlobalValue CCO_MODImmersiveArmors == 1.0
3,PlateAndScale,3,PlateAndScale,keyword IAKMaterialAdvancedScale,,b653:Hothtrooper44_ArmorCompilation.esp,IARApotheusCuirass,DragonBreak Nexus Patches.esp,CraftingSmithingSkyforge,IAApotheusCuirass,ARMO,IAKMaterialAdvancedScale,ArcaneBlacksmith+OrcishSmithing,GetGlobalValue CCO_CategoryLeather == 1.0; GetGlobalValue IAGNoQuestCrafting == 1.0; GetGlobalValue IAGCraftingApotheus == 1.0; GetGlobalValue IACTApotheus == 1.0; GetGlobalValue CCO_ArmorCuirassRecipes == 1.0; GetGlobalValue CCO_ArmorLightRecipes == 1.0; GetGlobalValue CCO_MODImmersiveArmors == 1.0
3,PlateAndScale,3,PlateAndScale,keyword IAKMaterialAdvancedScale,,b652:Hothtrooper44_ArmorCompilation.esp,IARApotheusGloves,DragonBreak Nexus Patches.esp,CraftingSmithingSkyforge,IAApotheusGloves,ARMO,IAKMaterialAdvancedScale,ArcaneBlacksmith+OrcishSmithing,GetGlobalValue CCO_CategoryLeather == 1.0; GetGlobalValue IAGNoQuestCrafting == 1.0; GetGlobalValue IAGCraftingApotheus == 1.0; GetGlobalValue IACTApotheus == 1.0; GetGlobalValue CCO_ArmorGauntletRecipes == 1.0; GetGlobalValue CCO_ArmorLightRecipes == 1.0; GetGlobalValue CCO_MODImmersiveArmors == 1.0
3,PlateAndScale,3,PlateAndScale,keyword IAKMaterialAdvancedScale,,b651:Hothtrooper44_ArmorCompilation.esp,IARApotheusHelm,DragonBreak Nexus Patches.esp,CraftingSmithingSkyforge,IAApotheusHelm,ARMO,IAKMaterialAdvancedScale,ArcaneBlacksmith+OrcishSmithing,GetGlobalValue CCO_CategoryLeather == 1.0; GetGlobalValue IAGNoQuestCrafting == 1.0; GetGlobalValue IAGCraftingApotheus == 1.0; GetGlobalValue IACTApotheus == 1.0; GetGlobalValue CCO_ArmorHelmetRecipes == 1.0; GetGlobalValue CCO_ArmorLightRecipes == 1.0; GetGlobalValue CCO_MODImmersiveArmors == 1.0
3,PlateAndScale,3,PlateAndScale,keyword IAKMaterialAdvancedScale,,48b9:Hothtrooper44_ArmorCompilation.esp,IARApotheusHood,DragonBreak Nexus Patches.esp,CraftingSmithingSkyforge,IAApotheusHood,ARMO,IAKMaterialAdvancedScale,ArcaneBlacksmith+OrcishSmithing,GetGlobalValue CCO_CategoryLeather == 1.0; GetGlobalValue IAGNoQuestCrafting == 1.0; GetGlobalValue IAGCraftingApotheus == 1.0; GetGlobalValue IACTApotheus == 1.0; GetGlobalValue CCO_ArmorHelmetRecipes == 1.0; GetGlobalValue CCO_ArmorLightRecipes == 1.0; GetGlobalValue CCO_MODImmersiveArmors == 1.0
3,PlateAndScale,3,PlateAndScale,keyword IAKMaterialAdvancedPlate,,214a2:Hothtrooper44_ArmorCompilation.esp,IARNordicDwemerShield,DragonBreak Nexus Patches.esp,CraftingSmithingSkyforge,IANordicDwemerShield,ARMO,IAKMaterialAdvancedPlate,AdvancedArmors+EbonySmithing,GetGlobalValue IACTNordicShields == 1.0; GetGlobalValue CCO_ArmorShieldRecipes == 1.0; GetGlobalValue CCO_ArmorHeavyRecipes == 1.0; GetGlobalValue CCO_MODImmersiveArmors == 1.0; GetGlobalValue CCO_CategoryNordic == 1.0
3,PlateAndScale,3,PlateAndScale,keyword IAKMaterialAdvancedScale,,214a5:Hothtrooper44_ArmorCompilation.esp,IARNordicMoonstoneShield,DragonBreak Nexus Patches.esp,CraftingSmithingSkyforge,IANordicMoonstoneShield,ARMO,IAKMaterialAdvancedScale,AdvancedArmors+EbonySmithing,GetGlobalValue IACTNordicShields == 1.0; GetGlobalValue CCO_ArmorShieldRecipes == 1.0; GetGlobalValue CCO_ArmorLightRecipes == 1.0; GetGlobalValue CCO_MODImmersiveArmors == 1.0; GetGlobalValue CCO_CategoryNordic == 1.0
3,PlateAndScale,3,PlateAndScale,keyword IAKMaterialAdvancedScale,,214a6:Hothtrooper44_ArmorCompilation.esp,IARNordicOrichalcumLightShield,DragonBreak Nexus Patches.esp,CraftingSmithingSkyforge,IANordicOrichalcumLightShield,ARMO,IAKMaterialAdvancedScale,AdvancedArmors+EbonySmithing,GetGlobalValue IACTNordicShields == 1.0; GetGlobalValue CCO_ArmorShieldRecipes == 1.0; GetGlobalValue CCO_ArmorLightRecipes == 1.0; GetGlobalValue CCO_MODImmersiveArmors == 1.0; GetGlobalValue CCO_CategoryNordic == 1.0
3,PlateAndScale,3,PlateAndScale,keyword IAKMaterialAdvancedPlate,,214a7:Hothtrooper44_ArmorCompilation.esp,IARNordicOrichalcumShield,DragonBreak Nexus Patches.esp,CraftingSmithingSkyforge,IANordicOrichalcumShield,ARMO,IAKMaterialAdvancedPlate,AdvancedArmors+EbonySmithing,GetGlobalValue IACTNordicShields == 1.0; GetGlobalValue CCO_ArmorShieldRecipes == 1.0; GetGlobalValue CCO_ArmorHeavyRecipes == 1.0; GetGlobalValue CCO_MODImmersiveArmors == 1.0; GetGlobalValue CCO_CategoryNordic == 1.0
3,PlateAndScale,3,PlateAndScale,keyword IAKMaterialAdvancedPlate,,590d4:Hothtrooper44_ArmorCompilation.esp,IARShieldJorrvaskrHeavy1,DragonBreak Nexus Patches.esp,CraftingSmithingSkyforge,IAShieldJorrvaskrHeavy1,ARMO,IAKMaterialAdvancedPlate,EbonySmithing,GetGlobalValue IACTShieldJorrvaskr == 1.0; GetGlobalValue IAVCNShieldJorrvaskrHeavy < 100.0; GetGlobalValue CCO_ArmorShieldRecipes == 1.0; GetGlobalValue CCO_ArmorHeavyRecipes == 1.0; GetGlobalValue CCO_MODImmersiveArmors == 1.0; GetGlobalValue CCO_CategoryFactionCompanions == 1.0
3,PlateAndScale,3,PlateAndScale,keyword IAKMaterialAdvancedScale,,5d7a7:Hothtrooper44_ArmorCompilation.esp,IARShieldJorrvaskrLight1,DragonBreak Nexus Patches.esp,CraftingSmithingSkyforge,IAShieldJorrvaskrLight1,ARMO,IAKMaterialAdvancedScale,EbonySmithing,GetGlobalValue IACTShieldJorrvaskr == 1.0; GetGlobalValue IAVCNShieldJorrvaskrLight < 100.0; GetGlobalValue CCO_ArmorShieldRecipes == 1.0; GetGlobalValue CCO_ArmorLightRecipes == 1.0; GetGlobalValue CCO_MODImmersiveArmors == 1.0; GetGlobalValue CCO_CategoryFactionCompanions == 1.0
1,,3,PlateAndScale,"faction gear: the faction role is the gate, any Blacksmith tier, no manual (Nate, 7 Oct)",,214a9:Hothtrooper44_ArmorCompilation.esp,IARShieldSkyforgeHeavy,DragonBreak Nexus Patches.esp,CraftingSmithingSkyforge,IAShieldSkyforgeHeavy,ARMO,IAKMaterialAdvancedPlate,EbonySmithing,GetGlobalValue IACTFactionShields == 1.0; GetGlobalValue CCO_ArmorShieldRecipes == 1.0; GetGlobalValue CCO_ArmorHeavyRecipes == 1.0; GetGlobalValue CCO_MODImmersiveArmors == 1.0; GetGlobalValue CCO_CategoryFactionCompanions == 1.0
1,,3,PlateAndScale,"faction gear: the faction role is the gate, any Blacksmith tier, no manual (Nate, 7 Oct)",,214a8:Hothtrooper44_ArmorCompilation.esp,IARShieldSkyforgeLight,DragonBreak Nexus Patches.esp,CraftingSmithingSkyforge,IAShieldSkyforgeLight,ARMO,IAKMaterialAdvancedScale,EbonySmithing,GetGlobalValue IACTFactionShields == 1.0; GetGlobalValue CCO_ArmorShieldRecipes == 1.0; GetGlobalValue CCO_ArmorLightRecipes == 1.0; GetGlobalValue CCO_MODImmersiveArmors == 1.0; GetGlobalValue CCO_CategoryFactionCompanions == 1.0
1,,3,PlateAndScale,"faction gear: the faction role is the gate, any Blacksmith tier, no manual (Nate, 7 Oct)",,214aa:Hothtrooper44_ArmorCompilation.esp,IARShieldWolf,DragonBreak Nexus Patches.esp,CraftingSmithingSkyforge,IAShieldWolf,ARMO,IAKMaterialAdvancedPlate,EbonySmithing,GetGlobalValue IACTFactionShields == 1.0; GetGlobalValue CCO_ArmorShieldRecipes == 1.0; GetGlobalValue CCO_ArmorHeavyRecipes == 1.0; GetGlobalValue CCO_MODImmersiveArmors == 1.0; GetGlobalValue CCO_CategoryFactionCompanions == 1.0
3,AncientNord,3,AncientNord,keyword WeapMaterialDraugrHoned,,273b1:DragonBreak.esp,UDGPDLC1RecipeArrowNordHero,DragonBreak.esp,CraftingSmithingSkyforge,NordHeroArrow,AMMO,WeapMaterialDraugrHoned,,GetGlobalValue SkyforgeSmithing == 1.0
3,PlateAndScale,3,PlateAndScale,keyword IAKMaterialAdvancedScale,,214a3:Hothtrooper44_ArmorCompilation.esp,IARNordicEbonyLightShield,Hothtrooper44_ArmorCompilation.esp,CraftingSmithingSkyforge,IANordicEbonyLightShield,ARMO,IAKMaterialAdvancedScale,AdvancedArmors+EbonySmithing,GetGlobalValue IACTNordicShields == 1.0; GetGlobalValue CCO_ArmorShieldRecipes == 1.0; GetGlobalValue CCO_ArmorLightRecipes == 1.0; GetGlobalValue CCO_MODImmersiveArmors == 1.0; GetGlobalValue CCO_CategoryNordic == 1.0
3,PlateAndScale,3,PlateAndScale,keyword IAKMaterialAdvancedPlate,,214a4:Hothtrooper44_ArmorCompilation.esp,IARNordicEbonyShield,Hothtrooper44_ArmorCompilation.esp,CraftingSmithingSkyforge,IANordicEbonyShield,ARMO,IAKMaterialAdvancedPlate,AdvancedArmors+EbonySmithing,GetGlobalValue IACTNordicShields == 1.0; GetGlobalValue CCO_ArmorShieldRecipes == 1.0; GetGlobalValue CCO_ArmorHeavyRecipes == 1.0; GetGlobalValue CCO_MODImmersiveArmors == 1.0; GetGlobalValue CCO_CategoryNordic == 1.0
3,AncientNord,3,AncientNord,keyword WeapMaterialDraugrHoned,,273b1:unofficial skyrim special edition patch.esp,UDGPDLC1RecipeArrowNordHero,unofficial skyrim special edition patch.esp,CraftingSmithingSkyforge,NordHeroArrow,AMMO,WeapMaterialDraugrHoned,,GetGlobalValue SkyforgeSmithing == 1.0
4,Ebony,4,Ebony,keyword WeapMaterialEbony,,601a93:BSAssets.esm,BSKRecipe74wEbonyScimi,BSAssets.esm,CraftingSmithingForge,BSK74wScimitarEbony,WEAP,WeapMaterialEbony,EbonySmithing,#520 0 == 1.0
4,Ebony,4,Ebony,keyword WeapMaterialEbony,,601a78:BSAssets.esm,BSKRecipe74wStaffEbony,BSAssets.esm,CraftingSmithingForge,BSK74wStaffEbony,WEAP,WeapMaterialEbony,EbonySmithing,#520 0 == 1.0
4,Glass,4,Glass,keyword WeapMaterialGlass,,601a77:BSAssets.esm,BSKRecipe74wStaffGlass,BSAssets.esm,CraftingSmithingForge,BSK74wStaffGlass,WEAP,WeapMaterialGlass,GlassSmithing,#520 0 == 1.0
1,,4,Ebony,"faction gear: the faction role is the gate, any Blacksmith tier, no manual (Nate, 7 Oct)",,601a92:BSAssets.esm,BSKRecipe74wEbonySword2,BSAssets.esm,CraftingSmithingForge,BSK74wSwordEbony,WEAP,WeapMaterialEbony,EbonySmithing,#520 0 == 1.0
4,Glass,4,Glass,keyword WeapMaterialGlass,,601a91:BSAssets.esm,BSKRecipe74wGlassSword,BSAssets.esm,CraftingSmithingForge,BSK74wSwordGlass,WEAP,WeapMaterialGlass,GlassSmithing,#520 0 == 1.0
4,,4,,edid *Jewelry*Ebony*,,602416:BSAssets.esm,BSKRecipeJewelryRingEbony,BSAssets.esm,CraftingSmithingForge,BSKJewelryRingEbony,ARMO,,,
4,,4,,edid *Jewelry*Ebony*,,602417:BSAssets.esm,BSKRecipeJewelryRingEbonyDiamond,BSAssets.esm,CraftingSmithingForge,BSKJewelryRingEbonyDiamond,ARMO,,,
4,,4,,edid *Jewelry*Ebony*,,602418:BSAssets.esm,BSKRecipeJewelryRingEbonyEmerald,BSAssets.esm,CraftingSmithingForge,BSKJewelryRingEbonyEmerald,ARMO,,,
4,ShiveringIsles,4,ShiveringIsles,keyword ccBGSSSE025_WeapMaterialAmber,,c00:ccBGSSSE025-AdvDSGS.esm,ccBGSSSE025_RecipeAmmoAmberArrow,ccBGSSSE025-AdvDSGS.esm,CraftingSmithingForge,ccBGSSSE025_AmberArrow,AMMO,ccBGSSSE025_WeapMaterialAmber,GlassSmithing,GetGlobalValue ccBGSSSE025_AmberCraftingUnlocked == 1.0
4,ShiveringIsles,4,ShiveringIsles,keyword ccBGSSSE025_WeapMaterialAmber,,c0e:ccBGSSSE025-AdvDSGS.esm,ccBGSSSE025_RecipeWeaponAmberBattleAxe,ccBGSSSE025-AdvDSGS.esm,CraftingSmithingForge,ccBGSSSE025_AmberBattleaxe,WEAP,ccBGSSSE025_WeapMaterialAmber,GlassSmithing,GetGlobalValue ccBGSSSE025_AmberCraftingUnlocked == 1.0
4,ShiveringIsles,4,ShiveringIsles,keyword ccBGSSSE025_WeapMaterialAmber,,c0f:ccBGSSSE025-AdvDSGS.esm,ccBGSSSE025_RecipeWeaponAmberBow,ccBGSSSE025-AdvDSGS.esm,CraftingSmithingForge,ccBGSSSE025_AmberBow,WEAP,ccBGSSSE025_WeapMaterialAmber,GlassSmithing,GetGlobalValue ccBGSSSE025_AmberCraftingUnlocked == 1.0
4,ShiveringIsles,4,ShiveringIsles,keyword ccBGSSSE025_WeapMaterialAmber,,c10:ccBGSSSE025-AdvDSGS.esm,ccBGSSSE025_RecipeWeaponAmberDagger,ccBGSSSE025-AdvDSGS.esm,CraftingSmithingForge,ccBGSSSE025_AmberDagger,WEAP,ccBGSSSE025_WeapMaterialAmber,GlassSmithing,GetGlobalValue ccBGSSSE025_AmberCraftingUnlocked == 1.0
4,ShiveringIsles,4,ShiveringIsles,keyword ccBGSSSE025_WeapMaterialAmber,,c11:ccBGSSSE025-AdvDSGS.esm,ccBGSSSE025_RecipeWeaponAmberGreatsword,ccBGSSSE025-AdvDSGS.esm,CraftingSmithingForge,ccBGSSSE025_AmberGreatsword,WEAP,ccBGSSSE025_WeapMaterialAmber,GlassSmithing,GetGlobalValue ccBGSSSE025_AmberCraftingUnlocked == 1.0
4,ShiveringIsles,4,ShiveringIsles,keyword ccBGSSSE025_WeapMaterialAmber,,c12:ccBGSSSE025-AdvDSGS.esm,ccBGSSSE025_RecipeWeaponAmberMace,ccBGSSSE025-AdvDSGS.esm,CraftingSmithingForge,ccBGSSSE025_AmberMace,WEAP,ccBGSSSE025_WeapMaterialAmber,GlassSmithing,GetGlobalValue ccBGSSSE025_AmberCraftingUnlocked == 1.0
4,ShiveringIsles,4,ShiveringIsles,keyword ccBGSSSE025_WeapMaterialAmber,,c13:ccBGSSSE025-AdvDSGS.esm,ccBGSSSE025_RecipeWeaponAmberSword,ccBGSSSE025-AdvDSGS.esm,CraftingSmithingForge,ccBGSSSE025_AmberSword,WEAP,ccBGSSSE025_WeapMaterialAmber,GlassSmithing,GetGlobalValue ccBGSSSE025_AmberCraftingUnlocked == 1.0
4,ShiveringIsles,4,ShiveringIsles,keyword ccBGSSSE025_WeapMaterialAmber,,c15:ccBGSSSE025-AdvDSGS.esm,ccBGSSSE025_RecipeWeaponAmberWarhammer,ccBGSSSE025-AdvDSGS.esm,CraftingSmithingForge,ccBGSSSE025_AmberWarhammer,WEAP,ccBGSSSE025_WeapMaterialAmber,GlassSmithing,GetGlobalValue ccBGSSSE025_AmberCraftingUnlocked == 1.0
4,ShiveringIsles,4,ShiveringIsles,keyword ccBGSSSE025_ArmorMaterialAmber,,c04:ccBGSSSE025-AdvDSGS.esm,ccBGSSSE025_RecipeArmorAmberBoots,ccBGSSSE025-AdvDSGS.esm,CraftingSmithingForge,ccBGSSSE025_ArmorAmberBoots,ARMO,ccBGSSSE025_ArmorMaterialAmber,GlassSmithing,GetGlobalValue ccBGSSSE025_AmberCraftingUnlocked == 1.0
4,ShiveringIsles,4,ShiveringIsles,keyword ccBGSSSE025_ArmorMaterialAmber,,c05:ccBGSSSE025-AdvDSGS.esm,ccBGSSSE025_RecipeArmorAmberCuirass,ccBGSSSE025-AdvDSGS.esm,CraftingSmithingForge,ccBGSSSE025_ArmorAmberCuirass,ARMO,ccBGSSSE025_ArmorMaterialAmber,GlassSmithing,GetGlobalValue ccBGSSSE025_AmberCraftingUnlocked == 1.0
4,ShiveringIsles,4,ShiveringIsles,keyword ccBGSSSE025_ArmorMaterialAmber,,c06:ccBGSSSE025-AdvDSGS.esm,ccBGSSSE025_RecipeArmorAmberGauntlets,ccBGSSSE025-AdvDSGS.esm,CraftingSmithingForge,ccBGSSSE025_ArmorAmberGauntlets,ARMO,ccBGSSSE025_ArmorMaterialAmber,GlassSmithing,GetGlobalValue ccBGSSSE025_AmberCraftingUnlocked == 1.0
4,ShiveringIsles,4,ShiveringIsles,keyword ccBGSSSE025_ArmorMaterialAmber,,c07:ccBGSSSE025-AdvDSGS.esm,ccBGSSSE025_RecipeArmorAmberHelmet,ccBGSSSE025-AdvDSGS.esm,CraftingSmithingForge,ccBGSSSE025_ArmorAmberHelmet,ARMO,ccBGSSSE025_ArmorMaterialAmber,GlassSmithing,GetGlobalValue ccBGSSSE025_AmberCraftingUnlocked == 1.0
4,ShiveringIsles,4,ShiveringIsles,keyword ccBGSSSE025_ArmorMaterialAmber,,c08:ccBGSSSE025-AdvDSGS.esm,ccBGSSSE025_RecipeArmorAmberShield,ccBGSSSE025-AdvDSGS.esm,CraftingSmithingForge,ccBGSSSE025_ArmorAmberShield,ARMO,ccBGSSSE025_ArmorMaterialAmber,GlassSmithing,GetGlobalValue ccBGSSSE025_AmberCraftingUnlocked == 1.0
4,Ebony,4,Ebony,keyword WeapMaterialEbony,,b651:Dawnguard.esm,DLC1RecipeArrowEbony,Dawnguard.esm,CraftingSmithingForge,EbonyArrow,AMMO,WeapMaterialEbony,EbonySmithing,
4,Glass,4,Glass,keyword WeapMaterialGlass,,b653:Dawnguard.esm,DLC1RecipeArrowGlass,Dawnguard.esm,CraftingSmithingForge,GlassArrow,AMMO,WeapMaterialGlass,GlassSmithing,
4,Stalhrim,4,Stalhrim,keyword DLC2ArmorMaterialStalhrimHeavy,,2b070:Dragonborn.esm,DLC2RecipeArmorStalhrimHeavyBoots,Dragonborn.esm,CraftingSmithingForge,DLC2ArmorStalhrimHeavyBoots,ARMO,DLC2ArmorMaterialStalhrimHeavy,EbonySmithing,GetStageDone DLC2SV02 == 1.0
4,Stalhrim,4,Stalhrim,keyword DLC2ArmorMaterialStalhrimHeavy,,2b071:Dragonborn.esm,DLC2RecipeArmorStalhrimHeavyCuirass,Dragonborn.esm,CraftingSmithingForge,DLC2ArmorStalhrimHeavyCuirass,ARMO,DLC2ArmorMaterialStalhrimHeavy,EbonySmithing,GetStageDone DLC2SV02 == 1.0
4,Stalhrim,4,Stalhrim,keyword DLC2ArmorMaterialStalhrimHeavy,,2b072:Dragonborn.esm,DLC2RecipeArmorStalhrimHeavyGauntlets,Dragonborn.esm,CraftingSmithingForge,DLC2ArmorStalhrimHeavyGauntlets,ARMO,DLC2ArmorMaterialStalhrimHeavy,EbonySmithing,GetStageDone DLC2SV02 == 1.0
4,Stalhrim,4,Stalhrim,keyword DLC2ArmorMaterialStalhrimHeavy,,2b075:Dragonborn.esm,DLC2RecipeArmorStalhrimHeavyHelmet,Dragonborn.esm,CraftingSmithingForge,DLC2ArmorStalhrimHeavyHelmet,ARMO,DLC2ArmorMaterialStalhrimHeavy,EbonySmithing,GetStageDone DLC2SV02 == 1.0
4,Stalhrim,4,Stalhrim,keyword DLC2ArmorMaterialStalhrimLight,,2b06a:Dragonborn.esm,DLC2RecipeArmorStalhrimLightBoots,Dragonborn.esm,CraftingSmithingForge,DLC2ArmorStalhrimLightBoots,ARMO,DLC2ArmorMaterialStalhrimLight,EbonySmithing,GetStageDone DLC2SV02 == 1.0
4,Stalhrim,4,Stalhrim,keyword DLC2ArmorMaterialStalhrimLight,,2b06c:Dragonborn.esm,DLC2RecipeArmorStalhrimLightCuirass,Dragonborn.esm,CraftingSmithingForge,DLC2ArmorStalhrimLightCuirass,ARMO,DLC2ArmorMaterialStalhrimLight,EbonySmithing,GetStageDone DLC2SV02 == 1.0
4,Stalhrim,4,Stalhrim,keyword DLC2ArmorMaterialStalhrimLight,,2b06d:Dragonborn.esm,DLC2RecipeArmorStalhrimLightGauntlets,Dragonborn.esm,CraftingSmithingForge,DLC2ArmorStalhrimLightGauntlets,ARMO,DLC2ArmorMaterialStalhrimLight,EbonySmithing,GetStageDone DLC2SV02 == 1.0
4,Stalhrim,4,Stalhrim,keyword DLC2ArmorMaterialStalhrimLight,,2b06e:Dragonborn.esm,DLC2RecipeArmorStalhrimLightHelmet,Dragonborn.esm,CraftingSmithingForge,DLC2ArmorStalhrimLightHelmet,ARMO,DLC2ArmorMaterialStalhrimLight,EbonySmithing,GetStageDone DLC2SV02 == 1.0
4,Stalhrim,4,Stalhrim,keyword DLC2ArmorMaterialStalhrimLight,,2b06f:Dragonborn.esm,DLC2RecipeArmorStalhrimShield,Dragonborn.esm,CraftingSmithingForge,DLC2ArmorStalhrimShield,ARMO,DLC2ArmorMaterialStalhrimLight,EbonySmithing,GetStageDone DLC2SV02 == 1.0
4,Stalhrim,4,Stalhrim,keyword DLC2WeaponMaterialStalhrim,,3cf54:Dragonborn.esm,DLC2RecipeArrowStalhrim,Dragonborn.esm,CraftingSmithingForge,DLC2StalhrimArrow,AMMO,DLC2WeaponMaterialStalhrim,EbonySmithing,GetStageDone DLC2SV02 == 1.0; GetGlobalValue DLC2ArrowSmithing == 1.0
4,Stalhrim,4,Stalhrim,keyword DLC2WeaponMaterialStalhrim,,2b076:Dragonborn.esm,DLC2RecipeWeaponStalhrimBattleAxe,Dragonborn.esm,CraftingSmithingForge,DLC2StalhrimBattleaxe,WEAP,DLC2WeaponMaterialStalhrim,EbonySmithing,GetStageDone DLC2SV02 == 1.0
4,Stalhrim,4,Stalhrim,keyword DLC2WeaponMaterialStalhrim,,2b077:Dragonborn.esm,DLC2RecipeWeaponStalhrimBow,Dragonborn.esm,CraftingSmithingForge,DLC2StalhrimBow,WEAP,DLC2WeaponMaterialStalhrim,EbonySmithing,GetStageDone DLC2SV02 == 1.0
4,Stalhrim,4,Stalhrim,keyword DLC2WeaponMaterialStalhrim,,2b078:Dragonborn.esm,DLC2RecipeWeaponStalhrimDagger,Dragonborn.esm,CraftingSmithingForge,DLC2StalhrimDagger,WEAP,DLC2WeaponMaterialStalhrim,EbonySmithing,GetStageDone DLC2SV02 == 1.0
4,Stalhrim,4,Stalhrim,keyword DLC2WeaponMaterialStalhrim,,2b079:Dragonborn.esm,DLC2RecipeWeaponStalhrimGreatsword,Dragonborn.esm,CraftingSmithingForge,DLC2StalhrimGreatsword,WEAP,DLC2WeaponMaterialStalhrim,EbonySmithing,GetStageDone DLC2SV02 == 1.0
4,Stalhrim,4,Stalhrim,keyword DLC2WeaponMaterialStalhrim,,2b07a:Dragonborn.esm,DLC2RecipeWeaponStalhrimMace,Dragonborn.esm,CraftingSmithingForge,DLC2StalhrimMace,WEAP,DLC2WeaponMaterialStalhrim,EbonySmithing,GetStageDone DLC2SV02 == 1.0
4,Stalhrim,4,Stalhrim,keyword DLC2WeaponMaterialStalhrim,,2b07b:Dragonborn.esm,DLC2RecipeWeaponStalhrimSword,Dragonborn.esm,CraftingSmithingForge,DLC2StalhrimSword,WEAP,DLC2WeaponMaterialStalhrim,EbonySmithing,GetStageDone DLC2SV02 == 1.0
4,Stalhrim,4,Stalhrim,keyword DLC2WeaponMaterialStalhrim,,2b07c:Dragonborn.esm,DLC2RecipeWeaponStalhrimWarAxe,Dragonborn.esm,CraftingSmithingForge,DLC2StalhrimWarAxe,WEAP,DLC2WeaponMaterialStalhrim,EbonySmithing,GetStageDone DLC2SV02 == 1.0
4,Stalhrim,4,Stalhrim,keyword DLC2WeaponMaterialStalhrim,,2b07d:Dragonborn.esm,DLC2RecipeWeaponStalhrimWarhammer,Dragonborn.esm,CraftingSmithingForge,DLC2StalhrimWarhammer,WEAP,DLC2WeaponMaterialStalhrim,EbonySmithing,GetStageDone DLC2SV02 == 1.0
4,Glass,4,Glass,keyword IAKMaterialGlass,,23901:Hothtrooper44_ArmorCompilation.esp,IARBosmerEngravedBoots,DragonBreak Nexus Patches.esp,CraftingSmithingForge,IABosmerEngravedBoots,ARMO,IAKMaterialGlass,OrcishSmithing,GetGlobalValue CCO_CategoryElven == 1.0; GetGlobalValue IACTBosmerEngraved == 1.0; GetGlobalValue CCO_ArmorBootRecipes == 1.0; GetGlobalValue CCO_ArmorLightRecipes == 1.0; GetGlobalValue CCO_MODImmersiveArmors == 1.0
4,Glass,4,Glass,keyword IAKMaterialGlass,,23904:Hothtrooper44_ArmorCompilation.esp,IARBosmerEngravedGauntlets,DragonBreak Nexus Patches.esp,CraftingSmithingForge,IABosmerEngravedBracers,ARMO,IAKMaterialGlass,OrcishSmithing,GetGlobalValue CCO_CategoryElven == 1.0; GetGlobalValue IACTBosmerEngraved == 1.0; GetGlobalValue CCO_ArmorGauntletRecipes == 1.0; GetGlobalValue CCO_ArmorLightRecipes == 1.0; GetGlobalValue CCO_MODImmersiveArmors == 1.0
4,Glass,4,Glass,keyword IAKMaterialGlass,,23902:Hothtrooper44_ArmorCompilation.esp,IARBosmerEngravedCoif,DragonBreak Nexus Patches.esp,CraftingSmithingForge,IABosmerEngravedCoif,ARMO,IAKMaterialGlass,ElvenSmithing,GetGlobalValue CCO_CategoryElven == 1.0; GetGlobalValue IACTBosmerEngraved == 1.0; GetGlobalValue CCO_ArmorHelmetRecipes == 1.0; GetGlobalValue CCO_ArmorLightRecipes == 1.0; GetGlobalValue CCO_MODImmersiveArmors == 1.0
4,Glass,4,Glass,keyword IAKMaterialGlass,,25a36:Hothtrooper44_ArmorCompilation.esp,IARBosmerEngravedCoifAssemble,DragonBreak Nexus Patches.esp,CraftingSmithingForge,IABosmerEngravedCoif,ARMO,IAKMaterialGlass,ElvenSmithing,GetGlobalValue CCO_CategoryElven == 1.0; GetItemCount IABosmerEngravedHelmet >= 1.0; GetItemCount IABosmerEngravedHood >= 1.0; GetGlobalValue IACTBosmerEngraved == 1.0; GetGlobalValue CCO_ArmorHelmetRecipes == 1.0; GetGlobalValue CCO_ArmorLightRecipes == 1.0; GetGlobalValue CCO_MODImmersiveArmors == 1.0
4,Glass,4,Glass,keyword IAKMaterialGlass,,23903:Hothtrooper44_ArmorCompilation.esp,IARBosmerEngravedCuirass,DragonBreak Nexus Patches.esp,CraftingSmithingForge,IABosmerEngravedCuirass,ARMO,IAKMaterialGlass,ElvenSmithing,GetGlobalValue CCO_CategoryElven == 1.0; GetGlobalValue IACTBosmerEngraved == 1.0; GetGlobalValue CCO_ArmorCuirassRecipes == 1.0; GetGlobalValue CCO_ArmorLightRecipes == 1.0; GetGlobalValue CCO_MODImmersiveArmors == 1.0
4,Glass,4,Glass,keyword IAKMaterialGlass,,23905:Hothtrooper44_ArmorCompilation.esp,IARBosmerEngravedHelmet,DragonBreak Nexus Patches.esp,CraftingSmithingForge,IABosmerEngravedHelmet,ARMO,IAKMaterialGlass,OrcishSmithing,GetGlobalValue CCO_CategoryElven == 1.0; GetGlobalValue IACTBosmerEngraved == 1.0; GetGlobalValue CCO_ArmorHelmetRecipes == 1.0; GetGlobalValue CCO_ArmorLightRecipes == 1.0; GetGlobalValue CCO_MODImmersiveArmors == 1.0
4,Glass,4,Glass,keyword IAKMaterialGlass,,23906:Hothtrooper44_ArmorCompilation.esp,IARBosmerEngravedHood,DragonBreak Nexus Patches.esp,CraftingSmithingForge,IABosmerEngravedHood,ARMO,IAKMaterialGlass,OrcishSmithing,GetGlobalValue CCO_CategoryElven == 1.0; GetGlobalValue IACTBosmerEngraved == 1.0; GetGlobalValue CCO_ArmorHelmetRecipes == 1.0; GetGlobalValue CCO_ArmorLightRecipes == 1.0; GetGlobalValue CCO_MODImmersiveArmors == 1.0
4,Glass,4,Glass,keyword IAKMaterialGlass,,21474:Hothtrooper44_ArmorCompilation.esp,IARBucklerGlass,DragonBreak Nexus Patches.esp,CraftingSmithingForge,IABucklerGlass,ARMO,IAKMaterialGlass,EbonySmithing,GetGlobalValue CCO_CategoryGlass == 1.0; GetGlobalValue IACTBucklers == 1.0; GetGlobalValue CCO_ArmorShieldRecipes == 1.0; GetGlobalValue CCO_ArmorLightRecipes == 1.0; GetGlobalValue CCO_MODImmersiveArmors == 1.0
4,Glass,4,Glass,keyword IAKMaterialGlass,,21479:Hothtrooper44_ArmorCompilation.esp,IARBucklerSithis,DragonBreak Nexus Patches.esp,CraftingSmithingForge,IABucklerSitihis,ARMO,IAKMaterialGlass,EbonySmithing,GetGlobalValue CCO_CategoryFactionDarkBrotherhood == 1.0; GetGlobalValue IAGNoQuestCrafting == 1.0; GetFactionRank DarkBrotherhoodFaction == 1.0; GetGlobalValue IACTBucklers == 1.0; GetGlobalValue IACTFactionShields == 1.0; GetGlobalValue CCO_ArmorShieldRecipes == 1.0; GetGlobalValue CCO_ArmorLightRecipes == 1.0; GetGlobalValue CCO_MODImmersiveArmors == 1.0
4,Ebony,4,Ebony,perk EbonySmithing,,37311:Hothtrooper44_ArmorCompilation.esp,IARDragonhideUnarmoredBoots,DragonBreak Nexus Patches.esp,CraftingSmithingForge,IADragonhideUBoots,ARMO,,EbonySmithing,GetGlobalValue CCO_CategoryDragon == 1.0; GetGlobalValue IACTDragonhideRobe == 1.0; GetGlobalValue IAWTDragonhideRobe == 2.0; GetGlobalValue CCO_ClothingBootRecipes == 1.0; GetGlobalValue CCO_ArmorClothingRecipes == 1.0; GetGlobalValue CCO_MODImmersiveArmors == 1.0
4,Ebony,4,Ebony,perk EbonySmithing,,37310:Hothtrooper44_ArmorCompilation.esp,IARDragonhideUnarmoredGloves,DragonBreak Nexus Patches.esp,CraftingSmithingForge,IADragonhideUGloves,ARMO,,EbonySmithing,GetGlobalValue CCO_CategoryDragon == 1.0; GetGlobalValue IACTDragonhideRobe == 1.0; GetGlobalValue IAWTDragonhideRobe == 2.0; GetGlobalValue CCO_ClothingGlovesRecipes == 1.0; GetGlobalValue CCO_ArmorClothingRecipes == 1.0; GetGlobalValue CCO_MODImmersiveArmors == 1.0
4,Ebony,4,Ebony,perk EbonySmithing,,3730f:Hothtrooper44_ArmorCompilation.esp,IARDragonhideUnarmoredHood,DragonBreak Nexus Patches.esp,CraftingSmithingForge,IADragonhideUHood,ARMO,,EbonySmithing,GetGlobalValue CCO_CategoryDragon == 1.0; GetGlobalValue IACTDragonhideRobe == 1.0; GetGlobalValue IAWTDragonhideRobe == 2.0; GetGlobalValue CCO_ClothingHoodRecipes == 1.0; GetGlobalValue CCO_ArmorClothingRecipes == 1.0; GetGlobalValue CCO_MODImmersiveArmors == 1.0
4,Ebony,4,Ebony,perk EbonySmithing,,3730b:Hothtrooper44_ArmorCompilation.esp,IARDragonhideUnarmoredRobe,DragonBreak Nexus Patches.esp,CraftingSmithingForge,IADragonhideURobe,ARMO,,EbonySmithing,GetGlobalValue CCO_CategoryDragon == 1.0; GetGlobalValue IACTDragonhideRobe == 1.0; GetGlobalValue IAWTDragonhideRobe == 2.0; GetGlobalValue CCO_ClothingRobeRecipes == 1.0; GetGlobalValue CCO_ArmorClothingRecipes == 1.0; GetGlobalValue CCO_MODImmersiveArmors == 1.0
4,Glass,4,Glass,keyword IAKMaterialGlass,,85a53:Hothtrooper44_ArmorCompilation.esp,IARGildergreenLAegis,DragonBreak Nexus Patches.esp,CraftingSmithingForge,IAGildergreenLAegis,ARMO,IAKMaterialGlass,ElvenSmithing,GetGlobalValue CCO_CategoryGlass == 1.0; GetGlobalValue IAGNoQuestCrafting == 1.0; GetQuestCompleted T03 == 1.0; GetGlobalValue IACTGildergreenAegis == 1.0; GetGlobalValue IAWTGildergreenAegis != 0.0; GetGlobalValue CCO_ArmorShieldRecipes == 1.0; GetGlobalValue CCO_ArmorLightRecipes == 1.0; GetGlobalValue CCO_MODImmersiveArmors == 1.0
4,Glass,4,Glass,keyword IAKMaterialGlass,,84f61:Hothtrooper44_ArmorCompilation.esp,IARGlacialCrystalLBoots,DragonBreak Nexus Patches.esp,CraftingSmithingForge,IAGlacialCrystalLBoots,ARMO,IAKMaterialGlass,EbonySmithing,GetGlobalValue CCO_CategoryArcane == 1.0; GetGlobalValue IACTGlacialCrystal == 1.0; GetGlobalValue IAWTGlacialCrystal != 0.0; GetGlobalValue CCO_ArmorBootRecipes == 1.0; GetGlobalValue CCO_ArmorLightRecipes == 1.0; GetGlobalValue CCO_MODImmersiveArmors == 1.0
4,Glass,4,Glass,keyword IAKMaterialGlass,,84f62:Hothtrooper44_ArmorCompilation.esp,IARGlacialCrystalLCuirass,DragonBreak Nexus Patches.esp,CraftingSmithingForge,IAGlacialCrystalLCuirass,ARMO,IAKMaterialGlass,EbonySmithing,GetGlobalValue CCO_CategoryArcane == 1.0; GetGlobalValue IACTGlacialCrystal == 1.0; GetGlobalValue IAWTGlacialCrystal != 0.0; GetGlobalValue CCO_ArmorCuirassRecipes == 1.0; GetGlobalValue CCO_ArmorLightRecipes == 1.0; GetGlobalValue CCO_MODImmersiveArmors == 1.0
4,Glass,4,Glass,keyword IAKMaterialGlass,,84f63:Hothtrooper44_ArmorCompilation.esp,IARGlacialCrystalLGauntlets,DragonBreak Nexus Patches.esp,CraftingSmithingForge,IAGlacialCrystalLGauntlets,ARMO,IAKMaterialGlass,EbonySmithing,GetGlobalValue CCO_CategoryArcane == 1.0; GetGlobalValue IACTGlacialCrystal == 1.0; GetGlobalValue IAWTGlacialCrystal != 0.0; GetGlobalValue CCO_ArmorGauntletRecipes == 1.0; GetGlobalValue CCO_ArmorLightRecipes == 1.0; GetGlobalValue CCO_MODImmersiveArmors == 1.0
4,Glass,4,Glass,keyword IAKMaterialGlass,,84f64:Hothtrooper44_ArmorCompilation.esp,IARGlacialCrystalLHelmet,DragonBreak Nexus Patches.esp,CraftingSmithingForge,IAGlacialCrystalLHelmet,ARMO,IAKMaterialGlass,EbonySmithing,GetGlobalValue CCO_CategoryArcane == 1.0; GetGlobalValue IACTGlacialCrystal == 1.0; GetGlobalValue IAWTGlacialCrystal != 0.0; GetGlobalValue CCO_ArmorHelmetRecipes == 1.0; GetGlobalValue CCO_ArmorLightRecipes == 1.0; GetGlobalValue CCO_MODImmersiveArmors == 1.0
4,Glass,4,Glass,keyword IAKMaterialGlass,,84f65:Hothtrooper44_ArmorCompilation.esp,IARGlacialCrystalLShield,DragonBreak Nexus Patches.esp,CraftingSmithingForge,IAGlacialCrystalLShield,ARMO,IAKMaterialGlass,EbonySmithing,GetGlobalValue CCO_CategoryArcane == 1.0; GetGlobalValue IACTGlacialCrystal == 1.0; GetGlobalValue IAWTGlacialCrystal != 0.0; GetGlobalValue CCO_ArmorShieldRecipes == 1.0; GetGlobalValue CCO_ArmorLightRecipes == 1.0; GetGlobalValue CCO_MODImmersiveArmors == 1.0
1,,4,Ebony,"faction gear: the faction role is the gate, any Blacksmith tier, no manual (Nate, 7 Oct)",,6aa09:Hothtrooper44_ArmorCompilation.esp,IARImperialKnightCape,DragonBreak Nexus Patches.esp,CraftingSmithingForge,IAImperialKnightCape,ARMO,,EbonySmithing,GetGlobalValue CCO_CategoryFactionImperial == 1.0; GetGlobalValue IAGNoQuestCrafting == 1.0; GetInFaction CWImperialFaction == 1.0; GetGlobalValue IAGNoQuestCrafting == 1.0; #629 CW > 3.0; GetGlobalValue IACTImperialKnight == 1.0; GetGlobalValue CCO_ClothingCloakRecipes == 1.0; GetGlobalValue CCO_ArmorClothingRecipes == 1.0; GetGlobalValue CCO_MODImmersiveArmors == 1.0
4,Ebony,4,Ebony,keyword IAKMaterialEbony,,3dee:Hothtrooper44_ArmorCompilation.esp,IARPaladinGreatHelm,DragonBreak Nexus Patches.esp,CraftingSmithingForge,IAPaladinGreatHelm,ARMO,IAKMaterialEbony,ElvenSmithing,GetGlobalValue IACTPaladinPlate == 1.0; GetGlobalValue CCO_ArmorHelmetRecipes == 1.0; GetGlobalValue CCO_ArmorHeavyRecipes == 1.0; GetGlobalValue CCO_MODImmersiveArmors == 1.0; GetGlobalValue CCO_CategoryEbony == 1.0
4,Ebony,4,Ebony,perk EbonySmithing,,21f97:Hothtrooper44_ArmorCompilation.esp,IARRitualBoethiahShroud,DragonBreak Nexus Patches.esp,CraftingSmithingForge,IARitualBoethiahShroud,ARMO,,EbonySmithing,GetGlobalValue IAGNoQuestCrafting == 1.0; GetQuestCompleted DA02 == 1.0; GetGlobalValue IACTRitualBoethiah == 1.0; GetGlobalValue CCO_ClothingCloakRecipes == 1.0; GetGlobalValue CCO_ArmorClothingRecipes == 1.0; GetGlobalValue CCO_MODImmersiveArmors == 1.0; GetGlobalValue CCO_CategoryDaedric == 1.0
4,Glass,4,Glass,keyword IAKMaterialGlass,,2147d:Hothtrooper44_ArmorCompilation.esp,IARShieldSithis,DragonBreak Nexus Patches.esp,CraftingSmithingForge,IAShieldSitihis,ARMO,IAKMaterialGlass,EbonySmithing,GetGlobalValue IAGNoQuestCrafting == 1.0; GetFactionRank DarkBrotherhoodFaction == 1.0; GetGlobalValue IACTFactionShields == 1.0; GetGlobalValue CCO_ArmorShieldRecipes == 1.0; GetGlobalValue CCO_ArmorLightRecipes == 1.0; GetGlobalValue CCO_MODImmersiveArmors == 1.0; GetGlobalValue CCO_CategoryFactionDarkBrotherhood == 1.0
4,Ebony,4,Ebony,keyword IAKMaterialEbony,,23190:Hothtrooper44_ArmorCompilation.esp,IARTribunalHeavyBootsBlack,DragonBreak Nexus Patches.esp,CraftingSmithingForge,IATribunalHeavyBootsBlack,ARMO,IAKMaterialEbony,EbonySmithing,GetGlobalValue IACTTribunalRobe == 1.0; GetGlobalValue IAVTTribunalColor < 1.0; GetGlobalValue IAWTTribunalRobe == 0.0; GetGlobalValue CCO_ArmorBootRecipes == 1.0; GetGlobalValue CCO_ArmorHeavyRecipes == 1.0; GetGlobalValue CCO_MODImmersiveArmors == 1.0; GetGlobalValue CCO_CategoryArcane == 1.0
4,Ebony,4,Ebony,keyword IAKMaterialEbony,,23191:Hothtrooper44_ArmorCompilation.esp,IARTribunalHeavyBootsBlue,DragonBreak Nexus Patches.esp,CraftingSmithingForge,IATribunalHeavyBootsBlue,ARMO,IAKMaterialEbony,EbonySmithing,GetGlobalValue IACTTribunalRobe == 1.0; GetGlobalValue IAVTTribunalColor == 1.0; GetGlobalValue IAWTTribunalRobe == 0.0; GetGlobalValue CCO_ArmorBootRecipes == 1.0; GetGlobalValue CCO_ArmorHeavyRecipes == 1.0; GetGlobalValue CCO_MODImmersiveArmors == 1.0; GetGlobalValue CCO_CategoryArcane == 1.0
4,Ebony,4,Ebony,keyword IAKMaterialEbony,,23192:Hothtrooper44_ArmorCompilation.esp,IARTribunalHeavyBootsGreen,DragonBreak Nexus Patches.esp,CraftingSmithingForge,IATribunalHeavyBootsGreen,ARMO,IAKMaterialEbony,EbonySmithing,GetGlobalValue IACTTribunalRobe == 1.0; GetGlobalValue IAVTTribunalColor == 2.0; GetGlobalValue IAWTTribunalRobe == 0.0; GetGlobalValue CCO_ArmorBootRecipes == 1.0; GetGlobalValue CCO_ArmorHeavyRecipes == 1.0; GetGlobalValue CCO_MODImmersiveArmors == 1.0; GetGlobalValue CCO_CategoryArcane == 1.0
4,Ebony,4,Ebony,keyword IAKMaterialEbony,,23193:Hothtrooper44_ArmorCompilation.esp,IARTribunalHeavyBootsRed,DragonBreak Nexus Patches.esp,CraftingSmithingForge,IATribunalHeavyBootsRed,ARMO,IAKMaterialEbony,EbonySmithing,GetGlobalValue IACTTribunalRobe == 1.0; GetGlobalValue IAVTTribunalColor == 3.0; GetGlobalValue IAWTTribunalRobe == 0.0; GetGlobalValue CCO_ArmorBootRecipes == 1.0; GetGlobalValue CCO_ArmorHeavyRecipes == 1.0; GetGlobalValue CCO_MODImmersiveArmors == 1.0; GetGlobalValue CCO_CategoryArcane == 1.0
4,Ebony,4,Ebony,keyword IAKMaterialEbony,,23194:Hothtrooper44_ArmorCompilation.esp,IARTribunalHeavyBootsWhite,DragonBreak Nexus Patches.esp,CraftingSmithingForge,IATribunalHeavyBootsWhite,ARMO,IAKMaterialEbony,EbonySmithing,GetGlobalValue IACTTribunalRobe == 1.0; GetGlobalValue IAVTTribunalColor > 3.0; GetGlobalValue IAWTTribunalRobe == 0.0; GetGlobalValue CCO_ArmorBootRecipes == 1.0; GetGlobalValue CCO_ArmorHeavyRecipes == 1.0; GetGlobalValue CCO_MODImmersiveArmors == 1.0; GetGlobalValue CCO_CategoryArcane == 1.0
4,Ebony,4,Ebony,keyword IAKMaterialEbony,,23195:Hothtrooper44_ArmorCompilation.esp,IARTribunalHeavyGlovesBlack,DragonBreak Nexus Patches.esp,CraftingSmithingForge,IATribunalHeavyGlovesBlack,ARMO,IAKMaterialEbony,EbonySmithing,GetGlobalValue IACTTribunalRobe == 1.0; GetGlobalValue IAVTTribunalColor < 1.0; GetGlobalValue IAWTTribunalRobe == 0.0; GetGlobalValue CCO_ArmorGauntletRecipes == 1.0; GetGlobalValue CCO_ArmorHeavyRecipes == 1.0; GetGlobalValue CCO_MODImmersiveArmors == 1.0; GetGlobalValue CCO_CategoryArcane == 1.0
4,Ebony,4,Ebony,keyword IAKMaterialEbony,,23196:Hothtrooper44_ArmorCompilation.esp,IARTribunalHeavyGlovesBlue,DragonBreak Nexus Patches.esp,CraftingSmithingForge,IATribunalHeavyGlovesBlue,ARMO,IAKMaterialEbony,EbonySmithing,GetGlobalValue IACTTribunalRobe == 1.0; GetGlobalValue IAVTTribunalColor == 1.0; GetGlobalValue IAWTTribunalRobe == 0.0; GetGlobalValue CCO_ArmorGauntletRecipes == 1.0; GetGlobalValue CCO_ArmorHeavyRecipes == 1.0; GetGlobalValue CCO_MODImmersiveArmors == 1.0; GetGlobalValue CCO_CategoryArcane == 1.0
4,Ebony,4,Ebony,keyword IAKMaterialEbony,,23197:Hothtrooper44_ArmorCompilation.esp,IARTribunalHeavyGlovesGreen,DragonBreak Nexus Patches.esp,CraftingSmithingForge,IATribunalHeavyGlovesGreen,ARMO,IAKMaterialEbony,EbonySmithing,GetGlobalValue IACTTribunalRobe == 1.0; GetGlobalValue IAVTTribunalColor == 2.0; GetGlobalValue IAWTTribunalRobe == 0.0; GetGlobalValue CCO_ArmorGauntletRecipes == 1.0; GetGlobalValue CCO_ArmorHeavyRecipes == 1.0; GetGlobalValue CCO_MODImmersiveArmors == 1.0; GetGlobalValue CCO_CategoryArcane == 1.0
4,Ebony,4,Ebony,keyword IAKMaterialEbony,,23198:Hothtrooper44_ArmorCompilation.esp,IARTribunalHeavyGlovesRed,DragonBreak Nexus Patches.esp,CraftingSmithingForge,IATribunalHeavyGlovesRed,ARMO,IAKMaterialEbony,EbonySmithing,GetGlobalValue IACTTribunalRobe == 1.0; GetGlobalValue IAVTTribunalColor == 3.0; GetGlobalValue IAWTTribunalRobe == 0.0; GetGlobalValue CCO_ArmorGauntletRecipes == 1.0; GetGlobalValue CCO_ArmorHeavyRecipes == 1.0; GetGlobalValue CCO_MODImmersiveArmors == 1.0; GetGlobalValue CCO_CategoryArcane == 1.0
4,Ebony,4,Ebony,keyword IAKMaterialEbony,,23199:Hothtrooper44_ArmorCompilation.esp,IARTribunalHeavyGlovesWhite,DragonBreak Nexus Patches.esp,CraftingSmithingForge,IATribunalHeavyGlovesWhite,ARMO,IAKMaterialEbony,EbonySmithing,GetGlobalValue IACTTribunalRobe == 1.0; GetGlobalValue IAVTTribunalColor > 3.0; GetGlobalValue IAWTTribunalRobe == 0.0; GetGlobalValue CCO_ArmorGauntletRecipes == 1.0; GetGlobalValue CCO_ArmorHeavyRecipes == 1.0; GetGlobalValue CCO_MODImmersiveArmors == 1.0; GetGlobalValue CCO_CategoryArcane == 1.0
4,Ebony,4,Ebony,keyword IAKMaterialEbony,,2319a:Hothtrooper44_ArmorCompilation.esp,IARTribunalHeavyHoodBlack,DragonBreak Nexus Patches.esp,CraftingSmithingForge,IATribunalHeavyHoodBlack,ARMO,IAKMaterialEbony,EbonySmithing,GetGlobalValue IACTTribunalRobe == 1.0; GetGlobalValue IAVTTribunalColor < 1.0; GetGlobalValue IAWTTribunalRobe == 0.0; GetGlobalValue CCO_ArmorHelmetRecipes == 1.0; GetGlobalValue CCO_ArmorHeavyRecipes == 1.0; GetGlobalValue CCO_MODImmersiveArmors == 1.0; GetGlobalValue CCO_CategoryArcane == 1.0
4,Ebony,4,Ebony,keyword IAKMaterialEbony,,2319b:Hothtrooper44_ArmorCompilation.esp,IARTribunalHeavyHoodBlue,DragonBreak Nexus Patches.esp,CraftingSmithingForge,IATribunalHeavyHoodBlue,ARMO,IAKMaterialEbony,EbonySmithing,GetGlobalValue IACTTribunalRobe == 1.0; GetGlobalValue IAVTTribunalColor == 1.0; GetGlobalValue IAWTTribunalRobe == 0.0; GetGlobalValue CCO_ArmorHelmetRecipes == 1.0; GetGlobalValue CCO_ArmorHeavyRecipes == 1.0; GetGlobalValue CCO_MODImmersiveArmors == 1.0; GetGlobalValue CCO_CategoryArcane == 1.0
4,Ebony,4,Ebony,keyword IAKMaterialEbony,,2319c:Hothtrooper44_ArmorCompilation.esp,IARTribunalHeavyHoodGreen,DragonBreak Nexus Patches.esp,CraftingSmithingForge,IATribunalHeavyHoodGreen,ARMO,IAKMaterialEbony,EbonySmithing,GetGlobalValue IACTTribunalRobe == 1.0; GetGlobalValue IAVTTribunalColor == 2.0; GetGlobalValue IAWTTribunalRobe == 0.0; GetGlobalValue CCO_ArmorHelmetRecipes == 1.0; GetGlobalValue CCO_ArmorHeavyRecipes == 1.0; GetGlobalValue CCO_MODImmersiveArmors == 1.0; GetGlobalValue CCO_CategoryArcane == 1.0
4,Ebony,4,Ebony,keyword IAKMaterialEbony,,2319d:Hothtrooper44_ArmorCompilation.esp,IARTribunalHeavyHoodRed,DragonBreak Nexus Patches.esp,CraftingSmithingForge,IATribunalHeavyHoodRed,ARMO,IAKMaterialEbony,EbonySmithing,GetGlobalValue IACTTribunalRobe == 1.0; GetGlobalValue IAVTTribunalColor == 3.0; GetGlobalValue IAWTTribunalRobe == 0.0; GetGlobalValue CCO_ArmorHelmetRecipes == 1.0; GetGlobalValue CCO_ArmorHeavyRecipes == 1.0; GetGlobalValue CCO_MODImmersiveArmors == 1.0; GetGlobalValue CCO_CategoryArcane == 1.0
4,Ebony,4,Ebony,keyword IAKMaterialEbony,,2319e:Hothtrooper44_ArmorCompilation.esp,IARTribunalHeavyHoodWhite,DragonBreak Nexus Patches.esp,CraftingSmithingForge,IATribunalHeavyHoodWhite,ARMO,IAKMaterialEbony,EbonySmithing,GetGlobalValue IACTTribunalRobe == 1.0; GetGlobalValue IAVTTribunalColor > 3.0; GetGlobalValue IAWTTribunalRobe == 0.0; GetGlobalValue CCO_ArmorHelmetRecipes == 1.0; GetGlobalValue CCO_ArmorHeavyRecipes == 1.0; GetGlobalValue CCO_MODImmersiveArmors == 1.0; GetGlobalValue CCO_CategoryArcane == 1.0
4,Ebony,4,Ebony,keyword IAKMaterialEbony,,231a4:Hothtrooper44_ArmorCompilation.esp,IARTribunalHeavyRobeBlackCloak,DragonBreak Nexus Patches.esp,CraftingSmithingForge,IATribunalHeavyRobeBlackCloak,ARMO,IAKMaterialEbony,EbonySmithing,GetGlobalValue IACTTribunalRobe == 1.0; GetGlobalValue IAVTTribunalColor < 1.0; GetGlobalValue IAWTTribunalRobe == 0.0; GetGlobalValue CCO_ArmorCuirassRecipes == 1.0; GetGlobalValue CCO_ArmorHeavyRecipes == 1.0; GetGlobalValue CCO_MODImmersiveArmors == 1.0; GetGlobalValue CCO_CategoryArcane == 1.0
4,Ebony,4,Ebony,keyword IAKMaterialEbony,,2319f:Hothtrooper44_ArmorCompilation.esp,IARTribunalHeavyRobeBlackNoCloak,DragonBreak Nexus Patches.esp,CraftingSmithingForge,IATribunalHeavyRobeBlackNoCloak,ARMO,IAKMaterialEbony,EbonySmithing,GetGlobalValue IACTTribunalRobe == 1.0; GetGlobalValue IAVTTribunalColor < 1.0; GetGlobalValue IAWTTribunalRobe == 0.0; GetGlobalValue CCO_ArmorCuirassRecipes == 1.0; GetGlobalValue CCO_ArmorHeavyRecipes == 1.0; GetGlobalValue CCO_MODImmersiveArmors == 1.0; GetGlobalValue CCO_CategoryArcane == 1.0
4,Ebony,4,Ebony,keyword IAKMaterialEbony,,231a5:Hothtrooper44_ArmorCompilation.esp,IARTribunalHeavyRobeBlueCloak,DragonBreak Nexus Patches.esp,CraftingSmithingForge,IATribunalHeavyRobeBlueCloak,ARMO,IAKMaterialEbony,EbonySmithing,GetGlobalValue IACTTribunalRobe == 1.0; GetGlobalValue IAVTTribunalColor == 1.0; GetGlobalValue IAWTTribunalRobe == 0.0; GetGlobalValue CCO_ArmorCuirassRecipes == 1.0; GetGlobalValue CCO_ArmorHeavyRecipes == 1.0; GetGlobalValue CCO_MODImmersiveArmors == 1.0; GetGlobalValue CCO_CategoryArcane == 1.0
4,Ebony,4,Ebony,keyword IAKMaterialEbony,,231a0:Hothtrooper44_ArmorCompilation.esp,IARTribunalHeavyRobeBlueNoCloak,DragonBreak Nexus Patches.esp,CraftingSmithingForge,IATribunalHeavyRobeBlueNoCloak,ARMO,IAKMaterialEbony,EbonySmithing,GetGlobalValue IACTTribunalRobe == 1.0; GetGlobalValue IAVTTribunalColor == 1.0; GetGlobalValue IAWTTribunalRobe == 0.0; GetGlobalValue CCO_ArmorCuirassRecipes == 1.0; GetGlobalValue CCO_ArmorHeavyRecipes == 1.0; GetGlobalValue CCO_MODImmersiveArmors == 1.0; GetGlobalValue CCO_CategoryArcane == 1.0
4,Ebony,4,Ebony,keyword IAKMaterialEbony,,231a6:Hothtrooper44_ArmorCompilation.esp,IARTribunalHeavyRobeGreenCloak,DragonBreak Nexus Patches.esp,CraftingSmithingForge,IATribunalHeavyRobeGreenCloak,ARMO,IAKMaterialEbony,EbonySmithing,GetGlobalValue IACTTribunalRobe == 1.0; GetGlobalValue IAVTTribunalColor == 2.0; GetGlobalValue IAWTTribunalRobe == 0.0; GetGlobalValue CCO_ArmorCuirassRecipes == 1.0; GetGlobalValue CCO_ArmorHeavyRecipes == 1.0; GetGlobalValue CCO_MODImmersiveArmors == 1.0; GetGlobalValue CCO_CategoryArcane == 1.0
4,Ebony,4,Ebony,keyword IAKMaterialEbony,,231a1:Hothtrooper44_ArmorCompilation.esp,IARTribunalHeavyRobeGreenNoCloak,DragonBreak Nexus Patches.esp,CraftingSmithingForge,IATribunalHeavyRobeGreenNoCloak,ARMO,IAKMaterialEbony,EbonySmithing,GetGlobalValue IACTTribunalRobe == 1.0; GetGlobalValue IAVTTribunalColor == 2.0; GetGlobalValue IAWTTribunalRobe == 0.0; GetGlobalValue CCO_ArmorCuirassRecipes == 1.0; GetGlobalValue CCO_ArmorHeavyRecipes == 1.0; GetGlobalValue CCO_MODImmersiveArmors == 1.0; GetGlobalValue CCO_CategoryArcane == 1.0
4,Ebony,4,Ebony,keyword IAKMaterialEbony,,231a7:Hothtrooper44_ArmorCompilation.esp,IARTribunalHeavyRobeRedCloak,DragonBreak Nexus Patches.esp,CraftingSmithingForge,IATribunalHeavyRobeRedCloak,ARMO,IAKMaterialEbony,EbonySmithing,GetGlobalValue IACTTribunalRobe == 1.0; GetGlobalValue IAVTTribunalColor == 3.0; GetGlobalValue IAWTTribunalRobe == 0.0; GetGlobalValue CCO_ArmorCuirassRecipes == 1.0; GetGlobalValue CCO_ArmorHeavyRecipes == 1.0; GetGlobalValue CCO_MODImmersiveArmors == 1.0; GetGlobalValue CCO_CategoryArcane == 1.0
4,Ebony,4,Ebony,keyword IAKMaterialEbony,,231a2:Hothtrooper44_ArmorCompilation.esp,IARTribunalHeavyRobeRedNoCloak,DragonBreak Nexus Patches.esp,CraftingSmithingForge,IATribunalHeavyRobeRedNoCloak,ARMO,IAKMaterialEbony,EbonySmithing,GetGlobalValue IACTTribunalRobe == 1.0; GetGlobalValue IAVTTribunalColor == 3.0; GetGlobalValue IAWTTribunalRobe == 0.0; GetGlobalValue CCO_ArmorCuirassRecipes == 1.0; GetGlobalValue CCO_ArmorHeavyRecipes == 1.0; GetGlobalValue CCO_MODImmersiveArmors == 1.0; GetGlobalValue CCO_CategoryArcane == 1.0
4,Ebony,4,Ebony,keyword IAKMaterialEbony,,231a8:Hothtrooper44_ArmorCompilation.esp,IARTribunalHeavyRobeWhiteCloak,DragonBreak Nexus Patches.esp,CraftingSmithingForge,IATribunalHeavyRobeWhiteCloak,ARMO,IAKMaterialEbony,EbonySmithing,GetGlobalValue IACTTribunalRobe == 1.0; GetGlobalValue IAVTTribunalColor > 3.0; GetGlobalValue IAWTTribunalRobe == 0.0; GetGlobalValue CCO_ArmorCuirassRecipes == 1.0; GetGlobalValue CCO_ArmorHeavyRecipes == 1.0; GetGlobalValue CCO_MODImmersiveArmors == 1.0; GetGlobalValue CCO_CategoryArcane == 1.0
4,Ebony,4,Ebony,keyword IAKMaterialEbony,,231a3:Hothtrooper44_ArmorCompilation.esp,IARTribunalHeavyRobeWhiteNoCloak,DragonBreak Nexus Patches.esp,CraftingSmithingForge,IATribunalHeavyRobeWhiteNoCloak,ARMO,IAKMaterialEbony,EbonySmithing,GetGlobalValue IACTTribunalRobe == 1.0; GetGlobalValue IAVTTribunalColor > 3.0; GetGlobalValue IAWTTribunalRobe == 0.0; GetGlobalValue CCO_ArmorCuirassRecipes == 1.0; GetGlobalValue CCO_ArmorHeavyRecipes == 1.0; GetGlobalValue CCO_MODImmersiveArmors == 1.0; GetGlobalValue CCO_CategoryArcane == 1.0
4,Glass,4,Glass,keyword IAKMaterialGlass,,231a9:Hothtrooper44_ArmorCompilation.esp,IARTribunalLightBootsBlack,DragonBreak Nexus Patches.esp,CraftingSmithingForge,IATribunalLightBootsBlack,ARMO,IAKMaterialGlass,EbonySmithing+GlassSmithing,GetGlobalValue IACTTribunalRobe == 1.0; GetGlobalValue IAVTTribunalColor < 1.0; GetGlobalValue IAWTTribunalRobe == 1.0; GetGlobalValue CCO_ArmorBootRecipes == 1.0; GetGlobalValue CCO_ArmorLightRecipes == 1.0; GetGlobalValue CCO_MODImmersiveArmors == 1.0; GetGlobalValue CCO_CategoryArcane == 1.0
4,Glass,4,Glass,keyword IAKMaterialGlass,,231aa:Hothtrooper44_ArmorCompilation.esp,IARTribunalLightBootsBlue,DragonBreak Nexus Patches.esp,CraftingSmithingForge,IATribunalLightBootsBlue,ARMO,IAKMaterialGlass,EbonySmithing+GlassSmithing,GetGlobalValue IACTTribunalRobe == 1.0; GetGlobalValue IAVTTribunalColor == 1.0; GetGlobalValue IAWTTribunalRobe == 1.0; GetGlobalValue CCO_ArmorBootRecipes == 1.0; GetGlobalValue CCO_ArmorLightRecipes == 1.0; GetGlobalValue CCO_MODImmersiveArmors == 1.0; GetGlobalValue CCO_CategoryArcane == 1.0
4,Glass,4,Glass,keyword IAKMaterialGlass,,231ab:Hothtrooper44_ArmorCompilation.esp,IARTribunalLightBootsGreen,DragonBreak Nexus Patches.esp,CraftingSmithingForge,IATribunalLightBootsGreen,ARMO,IAKMaterialGlass,EbonySmithing+GlassSmithing,GetGlobalValue IACTTribunalRobe == 1.0; GetGlobalValue IAVTTribunalColor == 2.0; GetGlobalValue IAWTTribunalRobe == 1.0; GetGlobalValue CCO_ArmorBootRecipes == 1.0; GetGlobalValue CCO_ArmorLightRecipes == 1.0; GetGlobalValue CCO_MODImmersiveArmors == 1.0; GetGlobalValue CCO_CategoryArcane == 1.0
4,Glass,4,Glass,keyword IAKMaterialGlass,,231ac:Hothtrooper44_ArmorCompilation.esp,IARTribunalLightBootsRed,DragonBreak Nexus Patches.esp,CraftingSmithingForge,IATribunalLightBootsRed,ARMO,IAKMaterialGlass,EbonySmithing+GlassSmithing,GetGlobalValue IACTTribunalRobe == 1.0; GetGlobalValue IAVTTribunalColor == 3.0; GetGlobalValue IAWTTribunalRobe == 1.0; GetGlobalValue CCO_ArmorBootRecipes == 1.0; GetGlobalValue CCO_ArmorLightRecipes == 1.0; GetGlobalValue CCO_MODImmersiveArmors == 1.0; GetGlobalValue CCO_CategoryArcane == 1.0
4,Glass,4,Glass,keyword IAKMaterialGlass,,231ad:Hothtrooper44_ArmorCompilation.esp,IARTribunalLightBootsWhite,DragonBreak Nexus Patches.esp,CraftingSmithingForge,IATribunalLightBootsWhite,ARMO,IAKMaterialGlass,EbonySmithing+GlassSmithing,GetGlobalValue IACTTribunalRobe == 1.0; GetGlobalValue IAVTTribunalColor > 3.0; GetGlobalValue IAWTTribunalRobe == 1.0; GetGlobalValue CCO_ArmorBootRecipes == 1.0; GetGlobalValue CCO_ArmorLightRecipes == 1.0; GetGlobalValue CCO_MODImmersiveArmors == 1.0; GetGlobalValue CCO_CategoryArcane == 1.0
4,Glass,4,Glass,keyword IAKMaterialGlass,,231ae:Hothtrooper44_ArmorCompilation.esp,IARTribunalLightGlovesBlack,DragonBreak Nexus Patches.esp,CraftingSmithingForge,IATribunalLightGlovesBlack,ARMO,IAKMaterialGlass,EbonySmithing+GlassSmithing,GetGlobalValue IACTTribunalRobe == 1.0; GetGlobalValue IAVTTribunalColor < 1.0; GetGlobalValue IAWTTribunalRobe == 1.0; GetGlobalValue CCO_ArmorGauntletRecipes == 1.0; GetGlobalValue CCO_ArmorLightRecipes == 1.0; GetGlobalValue CCO_MODImmersiveArmors == 1.0; GetGlobalValue CCO_CategoryArcane == 1.0
4,Glass,4,Glass,keyword IAKMaterialGlass,,231af:Hothtrooper44_ArmorCompilation.esp,IARTribunalLightGlovesBlue,DragonBreak Nexus Patches.esp,CraftingSmithingForge,IATribunalLightGlovesBlue,ARMO,IAKMaterialGlass,EbonySmithing+GlassSmithing,GetGlobalValue IACTTribunalRobe == 1.0; GetGlobalValue IAVTTribunalColor == 1.0; GetGlobalValue IAWTTribunalRobe == 1.0; GetGlobalValue CCO_ArmorGauntletRecipes == 1.0; GetGlobalValue CCO_ArmorLightRecipes == 1.0; GetGlobalValue CCO_MODImmersiveArmors == 1.0; GetGlobalValue CCO_CategoryArcane == 1.0
4,Glass,4,Glass,keyword IAKMaterialGlass,,231b0:Hothtrooper44_ArmorCompilation.esp,IARTribunalLightGlovesGreen,DragonBreak Nexus Patches.esp,CraftingSmithingForge,IATribunalLightGlovesGreen,ARMO,IAKMaterialGlass,EbonySmithing+GlassSmithing,GetGlobalValue IACTTribunalRobe == 1.0; GetGlobalValue IAVTTribunalColor == 2.0; GetGlobalValue IAWTTribunalRobe == 1.0; GetGlobalValue CCO_ArmorGauntletRecipes == 1.0; GetGlobalValue CCO_ArmorLightRecipes == 1.0; GetGlobalValue CCO_MODImmersiveArmors == 1.0; GetGlobalValue CCO_CategoryArcane == 1.0
4,Glass,4,Glass,keyword IAKMaterialGlass,,231b1:Hothtrooper44_ArmorCompilation.esp,IARTribunalLightGlovesRed,DragonBreak Nexus Patches.esp,CraftingSmithingForge,IATribunalLightGlovesRed,ARMO,IAKMaterialGlass,EbonySmithing+GlassSmithing,GetGlobalValue IACTTribunalRobe == 1.0; GetGlobalValue IAVTTribunalColor == 3.0; GetGlobalValue IAWTTribunalRobe == 1.0; GetGlobalValue CCO_ArmorGauntletRecipes == 1.0; GetGlobalValue CCO_ArmorLightRecipes == 1.0; GetGlobalValue CCO_MODImmersiveArmors == 1.0; GetGlobalValue CCO_CategoryArcane == 1.0
4,Glass,4,Glass,keyword IAKMaterialGlass,,231b2:Hothtrooper44_ArmorCompilation.esp,IARTribunalLightGlovesWhite,DragonBreak Nexus Patches.esp,CraftingSmithingForge,IATribunalLightGlovesWhite,ARMO,IAKMaterialGlass,EbonySmithing+GlassSmithing,GetGlobalValue IACTTribunalRobe == 1.0; GetGlobalValue IAVTTribunalColor > 3.0; GetGlobalValue IAWTTribunalRobe == 1.0; GetGlobalValue CCO_ArmorGauntletRecipes == 1.0; GetGlobalValue CCO_ArmorLightRecipes == 1.0; GetGlobalValue CCO_MODImmersiveArmors == 1.0; GetGlobalValue CCO_CategoryArcane == 1.0
4,Glass,4,Glass,keyword IAKMaterialGlass,,231b3:Hothtrooper44_ArmorCompilation.esp,IARTribunalLightHoodBlack,DragonBreak Nexus Patches.esp,CraftingSmithingForge,IATribunalLightHoodBlack,ARMO,IAKMaterialGlass,EbonySmithing+GlassSmithing,GetGlobalValue IACTTribunalRobe == 1.0; GetGlobalValue IAVTTribunalColor < 1.0; GetGlobalValue IAWTTribunalRobe == 1.0; GetGlobalValue CCO_ArmorHelmetRecipes == 1.0; GetGlobalValue CCO_ArmorLightRecipes == 1.0; GetGlobalValue CCO_MODImmersiveArmors == 1.0; GetGlobalValue CCO_CategoryArcane == 1.0
4,Glass,4,Glass,keyword IAKMaterialGlass,,231b4:Hothtrooper44_ArmorCompilation.esp,IARTribunalLightHoodBlue,DragonBreak Nexus Patches.esp,CraftingSmithingForge,IATribunalLightHoodBlue,ARMO,IAKMaterialGlass,EbonySmithing+GlassSmithing,GetGlobalValue IACTTribunalRobe == 1.0; GetGlobalValue IAVTTribunalColor == 1.0; GetGlobalValue IAWTTribunalRobe == 1.0; GetGlobalValue CCO_ArmorHelmetRecipes == 1.0; GetGlobalValue CCO_ArmorLightRecipes == 1.0; GetGlobalValue CCO_MODImmersiveArmors == 1.0; GetGlobalValue CCO_CategoryArcane == 1.0
4,Glass,4,Glass,keyword IAKMaterialGlass,,231b5:Hothtrooper44_ArmorCompilation.esp,IARTribunalLightHoodGreen,DragonBreak Nexus Patches.esp,CraftingSmithingForge,IATribunalLightHoodGreen,ARMO,IAKMaterialGlass,EbonySmithing+GlassSmithing,GetGlobalValue IACTTribunalRobe == 1.0; GetGlobalValue IAVTTribunalColor == 2.0; GetGlobalValue IAWTTribunalRobe == 1.0; GetGlobalValue CCO_ArmorHelmetRecipes == 1.0; GetGlobalValue CCO_ArmorLightRecipes == 1.0; GetGlobalValue CCO_MODImmersiveArmors == 1.0; GetGlobalValue CCO_CategoryArcane == 1.0
4,Glass,4,Glass,keyword IAKMaterialGlass,,231b6:Hothtrooper44_ArmorCompilation.esp,IARTribunalLightHoodRed,DragonBreak Nexus Patches.esp,CraftingSmithingForge,IATribunalLightHoodRed,ARMO,IAKMaterialGlass,EbonySmithing+GlassSmithing,GetGlobalValue IACTTribunalRobe == 1.0; GetGlobalValue IAVTTribunalColor == 3.0; GetGlobalValue IAWTTribunalRobe == 1.0; GetGlobalValue CCO_ArmorHelmetRecipes == 1.0; GetGlobalValue CCO_ArmorLightRecipes == 1.0; GetGlobalValue CCO_MODImmersiveArmors == 1.0; GetGlobalValue CCO_CategoryArcane == 1.0
4,Glass,4,Glass,keyword IAKMaterialGlass,,231b7:Hothtrooper44_ArmorCompilation.esp,IARTribunalLightHoodWhite,DragonBreak Nexus Patches.esp,CraftingSmithingForge,IATribunalLightHoodWhite,ARMO,IAKMaterialGlass,EbonySmithing+GlassSmithing,GetGlobalValue IACTTribunalRobe == 1.0; GetGlobalValue IAVTTribunalColor > 3.0; GetGlobalValue IAWTTribunalRobe == 1.0; GetGlobalValue CCO_ArmorHelmetRecipes == 1.0; GetGlobalValue CCO_ArmorLightRecipes == 1.0; GetGlobalValue CCO_MODImmersiveArmors == 1.0; GetGlobalValue CCO_CategoryArcane == 1.0
4,Glass,4,Glass,keyword IAKMaterialGlass,,231bd:Hothtrooper44_ArmorCompilation.esp,IARTribunalLightRobeBlackCloak,DragonBreak Nexus Patches.esp,CraftingSmithingForge,IATribunalLightRobeBlackCloak,ARMO,IAKMaterialGlass,EbonySmithing+GlassSmithing,GetGlobalValue IACTTribunalRobe == 1.0; GetGlobalValue IAVTTribunalColor < 1.0; GetGlobalValue IAWTTribunalRobe == 1.0; GetGlobalValue CCO_ArmorCuirassRecipes == 1.0; GetGlobalValue CCO_ArmorLightRecipes == 1.0; GetGlobalValue CCO_MODImmersiveArmors == 1.0; GetGlobalValue CCO_CategoryArcane == 1.0
4,Glass,4,Glass,keyword IAKMaterialGlass,,231b8:Hothtrooper44_ArmorCompilation.esp,IARTribunalLightRobeBlackNoCloak,DragonBreak Nexus Patches.esp,CraftingSmithingForge,IATribunalLightRobeBlackNoCloak,ARMO,IAKMaterialGlass,EbonySmithing+GlassSmithing,GetGlobalValue IACTTribunalRobe == 1.0; GetGlobalValue IAVTTribunalColor < 1.0; GetGlobalValue IAWTTribunalRobe == 1.0; GetGlobalValue CCO_ArmorCuirassRecipes == 1.0; GetGlobalValue CCO_ArmorLightRecipes == 1.0; GetGlobalValue CCO_MODImmersiveArmors == 1.0; GetGlobalValue CCO_CategoryArcane == 1.0
4,Glass,4,Glass,keyword IAKMaterialGlass,,231be:Hothtrooper44_ArmorCompilation.esp,IARTribunalLightRobeBlueCloak,DragonBreak Nexus Patches.esp,CraftingSmithingForge,IATribunalLightRobeBlueCloak,ARMO,IAKMaterialGlass,EbonySmithing+GlassSmithing,GetGlobalValue IACTTribunalRobe == 1.0; GetGlobalValue IAVTTribunalColor == 1.0; GetGlobalValue IAWTTribunalRobe == 1.0; GetGlobalValue CCO_ArmorCuirassRecipes == 1.0; GetGlobalValue CCO_ArmorLightRecipes == 1.0; GetGlobalValue CCO_MODImmersiveArmors == 1.0; GetGlobalValue CCO_CategoryArcane == 1.0
4,Glass,4,Glass,keyword IAKMaterialGlass,,231b9:Hothtrooper44_ArmorCompilation.esp,IARTribunalLightRobeBlueNoCloak,DragonBreak Nexus Patches.esp,CraftingSmithingForge,IATribunalLightRobeBlueNoCloak,ARMO,IAKMaterialGlass,EbonySmithing+GlassSmithing,GetGlobalValue IACTTribunalRobe == 1.0; GetGlobalValue IAVTTribunalColor == 1.0; GetGlobalValue IAWTTribunalRobe == 1.0; GetGlobalValue CCO_ArmorCuirassRecipes == 1.0; GetGlobalValue CCO_ArmorLightRecipes == 1.0; GetGlobalValue CCO_MODImmersiveArmors == 1.0; GetGlobalValue CCO_CategoryArcane == 1.0
4,Glass,4,Glass,keyword IAKMaterialGlass,,231bf:Hothtrooper44_ArmorCompilation.esp,IARTribunalLightRobeGreenCloak,DragonBreak Nexus Patches.esp,CraftingSmithingForge,IATribunalLightRobeGreenCloak,ARMO,IAKMaterialGlass,EbonySmithing+GlassSmithing,GetGlobalValue IACTTribunalRobe == 1.0; GetGlobalValue IAVTTribunalColor == 2.0; GetGlobalValue IAWTTribunalRobe == 1.0; GetGlobalValue CCO_ArmorCuirassRecipes == 1.0; GetGlobalValue CCO_ArmorLightRecipes == 1.0; GetGlobalValue CCO_MODImmersiveArmors == 1.0; GetGlobalValue CCO_CategoryArcane == 1.0
4,Glass,4,Glass,keyword IAKMaterialGlass,,231ba:Hothtrooper44_ArmorCompilation.esp,IARTribunalLightRobeGreenNoCloak,DragonBreak Nexus Patches.esp,CraftingSmithingForge,IATribunalLightRobeGreenNoCloak,ARMO,IAKMaterialGlass,EbonySmithing+GlassSmithing,GetGlobalValue IACTTribunalRobe == 1.0; GetGlobalValue IAVTTribunalColor == 2.0; GetGlobalValue IAWTTribunalRobe == 1.0; GetGlobalValue CCO_ArmorCuirassRecipes == 1.0; GetGlobalValue CCO_ArmorLightRecipes == 1.0; GetGlobalValue CCO_MODImmersiveArmors == 1.0; GetGlobalValue CCO_CategoryArcane == 1.0
4,Glass,4,Glass,keyword IAKMaterialGlass,,231c0:Hothtrooper44_ArmorCompilation.esp,IARTribunalLightRobeRedCloak,DragonBreak Nexus Patches.esp,CraftingSmithingForge,IATribunalLightRobeRedCloak,ARMO,IAKMaterialGlass,EbonySmithing+GlassSmithing,GetGlobalValue IACTTribunalRobe == 1.0; GetGlobalValue IAVTTribunalColor == 3.0; GetGlobalValue IAWTTribunalRobe == 1.0; GetGlobalValue CCO_ArmorCuirassRecipes == 1.0; GetGlobalValue CCO_ArmorLightRecipes == 1.0; GetGlobalValue CCO_MODImmersiveArmors == 1.0; GetGlobalValue CCO_CategoryArcane == 1.0
4,Glass,4,Glass,keyword IAKMaterialGlass,,231bb:Hothtrooper44_ArmorCompilation.esp,IARTribunalLightRobeRedNoCloak,DragonBreak Nexus Patches.esp,CraftingSmithingForge,IATribunalLightRobeRedNoCloak,ARMO,IAKMaterialGlass,EbonySmithing+GlassSmithing,GetGlobalValue IACTTribunalRobe == 1.0; GetGlobalValue IAVTTribunalColor == 3.0; GetGlobalValue IAWTTribunalRobe == 1.0; GetGlobalValue CCO_ArmorCuirassRecipes == 1.0; GetGlobalValue CCO_ArmorLightRecipes == 1.0; GetGlobalValue CCO_MODImmersiveArmors == 1.0; GetGlobalValue CCO_CategoryArcane == 1.0
4,Glass,4,Glass,keyword IAKMaterialGlass,,231c1:Hothtrooper44_ArmorCompilation.esp,IARTribunalLightRobeWhiteCloak,DragonBreak Nexus Patches.esp,CraftingSmithingForge,IATribunalLightRobeWhiteCloak,ARMO,IAKMaterialGlass,EbonySmithing+GlassSmithing,GetGlobalValue IACTTribunalRobe == 1.0; GetGlobalValue IAVTTribunalColor > 3.0; GetGlobalValue IAWTTribunalRobe == 1.0; GetGlobalValue CCO_ArmorCuirassRecipes == 1.0; GetGlobalValue CCO_ArmorLightRecipes == 1.0; GetGlobalValue CCO_MODImmersiveArmors == 1.0; GetGlobalValue CCO_CategoryArcane == 1.0
4,Glass,4,Glass,keyword IAKMaterialGlass,,231bc:Hothtrooper44_ArmorCompilation.esp,IARTribunalLightRobeWhiteNoCloak,DragonBreak Nexus Patches.esp,CraftingSmithingForge,IATribunalLightRobeWhiteNoCloak,ARMO,IAKMaterialGlass,EbonySmithing+GlassSmithing,GetGlobalValue IACTTribunalRobe == 1.0; GetGlobalValue IAVTTribunalColor > 3.0; GetGlobalValue IAWTTribunalRobe == 1.0; GetGlobalValue CCO_ArmorCuirassRecipes == 1.0; GetGlobalValue CCO_ArmorLightRecipes == 1.0; GetGlobalValue CCO_MODImmersiveArmors == 1.0; GetGlobalValue CCO_CategoryArcane == 1.0
4,Ebony,4,Ebony,keyword IAKMaterialEbony,,23095:Hothtrooper44_ArmorCompilation.esp,IARTrollbaneHeavyBoots,DragonBreak Nexus Patches.esp,CraftingSmithingForge,IATrollbaneHeavyBoots,ARMO,IAKMaterialEbony,EbonySmithing,GetGlobalValue IACTTrollbane == 1.0; GetGlobalValue CCO_ArmorBootRecipes == 1.0; GetGlobalValue CCO_ArmorHeavyRecipes == 1.0; GetGlobalValue CCO_MODImmersiveArmors == 1.0; GetGlobalValue CCO_CategoryBone == 1.0; GetGlobalValue CCO_CategoryEbony == 1.0
4,Ebony,4,Ebony,keyword IAKMaterialEbony,,2309a:Hothtrooper44_ArmorCompilation.esp,IARTrollbaneHeavyCuirass,DragonBreak Nexus Patches.esp,CraftingSmithingForge,IATrollbaneHeavyCuirass,ARMO,IAKMaterialEbony,EbonySmithing,GetGlobalValue IACTTrollbane == 1.0; GetGlobalValue CCO_ArmorCuirassRecipes == 1.0; GetGlobalValue CCO_ArmorHeavyRecipes == 1.0; GetGlobalValue CCO_MODImmersiveArmors == 1.0; GetGlobalValue CCO_CategoryBone == 1.0; GetGlobalValue CCO_CategoryEbony == 1.0
4,Ebony,4,Ebony,keyword IAKMaterialEbony,,23098:Hothtrooper44_ArmorCompilation.esp,IARTrollbaneHeavyGauntlets,DragonBreak Nexus Patches.esp,CraftingSmithingForge,IATrollbaneHeavyGauntlets,ARMO,IAKMaterialEbony,EbonySmithing,GetGlobalValue IACTTrollbane == 1.0; GetGlobalValue CCO_ArmorGauntletRecipes == 1.0; GetGlobalValue CCO_ArmorHeavyRecipes == 1.0; GetGlobalValue CCO_MODImmersiveArmors == 1.0; GetGlobalValue CCO_CategoryBone == 1.0; GetGlobalValue CCO_CategoryEbony == 1.0
4,Ebony,4,Ebony,keyword IAKMaterialEbony,,23097:Hothtrooper44_ArmorCompilation.esp,IARTrollbaneHeavyHeaddress,DragonBreak Nexus Patches.esp,CraftingSmithingForge,IATrollbaneHeavyHeaddress,ARMO,IAKMaterialEbony,EbonySmithing,GetGlobalValue IACTTrollbane == 1.0; GetGlobalValue CCO_ArmorHelmetRecipes == 1.0; GetGlobalValue CCO_ArmorHeavyRecipes == 1.0; GetGlobalValue CCO_MODImmersiveArmors == 1.0; GetGlobalValue CCO_CategoryBone == 1.0; GetGlobalValue CCO_CategoryEbony == 1.0
4,Ebony,4,Ebony,keyword IAKMaterialEbony,,23099:Hothtrooper44_ArmorCompilation.esp,IARTrollbaneHeavyHelmet,DragonBreak Nexus Patches.esp,CraftingSmithingForge,IATrollbaneHeavyHelmet,ARMO,IAKMaterialEbony,EbonySmithing,GetGlobalValue IACTTrollbane == 1.0; GetGlobalValue CCO_ArmorHelmetRecipes == 1.0; GetGlobalValue CCO_ArmorHeavyRecipes == 1.0; GetGlobalValue CCO_MODImmersiveArmors == 1.0; GetGlobalValue CCO_CategoryBone == 1.0; GetGlobalValue CCO_CategoryEbony == 1.0
4,Ebony,4,Ebony,keyword IAKMaterialEbony,,23096:Hothtrooper44_ArmorCompilation.esp,IARTrollbaneHeavyMask,DragonBreak Nexus Patches.esp,CraftingSmithingForge,IATrollbaneHeavyMask,ARMO,IAKMaterialEbony,EbonySmithing,GetGlobalValue IACTTrollbane == 1.0; GetGlobalValue CCO_ArmorHelmetRecipes == 1.0; GetGlobalValue CCO_ArmorHeavyRecipes == 1.0; GetGlobalValue CCO_MODImmersiveArmors == 1.0; GetGlobalValue CCO_CategoryBone == 1.0; GetGlobalValue CCO_CategoryEbony == 1.0
4,Glass,4,Glass,keyword IAKMaterialGlass,,2308f:Hothtrooper44_ArmorCompilation.esp,IARTrollbaneLightBoots,DragonBreak Nexus Patches.esp,CraftingSmithingForge,IATrollbaneLightBoots,ARMO,IAKMaterialGlass,ElvenSmithing+GlassSmithing,GetGlobalValue IACTTrollbane == 1.0; GetGlobalValue CCO_ArmorBootRecipes == 1.0; GetGlobalValue CCO_ArmorLightRecipes == 1.0; GetGlobalValue CCO_MODImmersiveArmors == 1.0; GetGlobalValue CCO_CategoryBone == 1.0; GetGlobalValue CCO_CategoryGlass == 1.0
4,Glass,4,Glass,keyword IAKMaterialGlass,,23090:Hothtrooper44_ArmorCompilation.esp,IARTrollbaneLightBracers,DragonBreak Nexus Patches.esp,CraftingSmithingForge,IATrollbaneLightBracers,ARMO,IAKMaterialGlass,ElvenSmithing+GlassSmithing,GetGlobalValue IACTTrollbane == 1.0; GetGlobalValue CCO_ArmorGauntletRecipes == 1.0; GetGlobalValue CCO_ArmorLightRecipes == 1.0; GetGlobalValue CCO_MODImmersiveArmors == 1.0; GetGlobalValue CCO_CategoryBone == 1.0; GetGlobalValue CCO_CategoryGlass == 1.0
4,Glass,4,Glass,keyword IAKMaterialGlass,,23091:Hothtrooper44_ArmorCompilation.esp,IARTrollbaneLightCuirass,DragonBreak Nexus Patches.esp,CraftingSmithingForge,IATrollbaneLightCuirass,ARMO,IAKMaterialGlass,ElvenSmithing+GlassSmithing,GetGlobalValue IACTTrollbane == 1.0; GetGlobalValue CCO_ArmorCuirassRecipes == 1.0; GetGlobalValue CCO_ArmorLightRecipes == 1.0; GetGlobalValue CCO_MODImmersiveArmors == 1.0; GetGlobalValue CCO_CategoryBone == 1.0; GetGlobalValue CCO_CategoryGlass == 1.0
4,Glass,4,Glass,keyword IAKMaterialGlass,,23092:Hothtrooper44_ArmorCompilation.esp,IARTrollbaneLightHeaddress,DragonBreak Nexus Patches.esp,CraftingSmithingForge,IATrollbaneLightHeaddress,ARMO,IAKMaterialGlass,ElvenSmithing+GlassSmithing,GetGlobalValue IACTTrollbane == 1.0; GetGlobalValue CCO_ArmorHelmetRecipes == 1.0; GetGlobalValue CCO_ArmorLightRecipes == 1.0; GetGlobalValue CCO_MODImmersiveArmors == 1.0; GetGlobalValue CCO_CategoryBone == 1.0; GetGlobalValue CCO_CategoryGlass == 1.0
4,Glass,4,Glass,keyword IAKMaterialGlass,,23094:Hothtrooper44_ArmorCompilation.esp,IARTrollbaneLightHelmet,DragonBreak Nexus Patches.esp,CraftingSmithingForge,IATrollbaneLightHelmet,ARMO,IAKMaterialGlass,ElvenSmithing+GlassSmithing,GetGlobalValue IACTTrollbane == 1.0; GetGlobalValue CCO_ArmorHelmetRecipes == 1.0; GetGlobalValue CCO_ArmorLightRecipes == 1.0; GetGlobalValue CCO_MODImmersiveArmors == 1.0; GetGlobalValue CCO_CategoryBone == 1.0; GetGlobalValue CCO_CategoryGlass == 1.0
4,Glass,4,Glass,keyword IAKMaterialGlass,,23093:Hothtrooper44_ArmorCompilation.esp,IARTrollbaneLightMask,DragonBreak Nexus Patches.esp,CraftingSmithingForge,IATrollbaneLightMask,ARMO,IAKMaterialGlass,ElvenSmithing+GlassSmithing,GetGlobalValue IACTTrollbane == 1.0; GetGlobalValue CCO_ArmorHelmetRecipes == 1.0; GetGlobalValue CCO_ArmorLightRecipes == 1.0; GetGlobalValue CCO_MODImmersiveArmors == 1.0; GetGlobalValue CCO_CategoryBone == 1.0; GetGlobalValue CCO_CategoryGlass == 1.0
4,Glass,4,Glass,keyword IAKMaterialGlass,,daf:Hothtrooper44_ArmorCompilation.esp,IARVagabondCrimsonBoots,DragonBreak Nexus Patches.esp,CraftingSmithingForge,IAVagabondCrimsonBoots,ARMO,IAKMaterialGlass,OrcishSmithing,GetGlobalValue IACTVagabond == 1.0; GetGlobalValue IAVTVagabond == 0.0; GetGlobalValue CCO_ArmorBootRecipes == 1.0; GetGlobalValue CCO_ArmorLightRecipes == 1.0; GetGlobalValue CCO_MODImmersiveArmors == 1.0; GetGlobalValue CCO_CategoryGlass == 1.0
4,Glass,4,Glass,keyword IAKMaterialGlass,,db2:Hothtrooper44_ArmorCompilation.esp,IARVagabondCrimsonCuirass,DragonBreak Nexus Patches.esp,CraftingSmithingForge,IAVagabondCrimsonCuirass,ARMO,IAKMaterialGlass,ElvenSmithing,GetGlobalValue IACTVagabond == 1.0; GetGlobalValue IAVTVagabond == 0.0; GetGlobalValue CCO_ArmorCuirassRecipes == 1.0; GetGlobalValue CCO_ArmorLightRecipes == 1.0; GetGlobalValue CCO_MODImmersiveArmors == 1.0; GetGlobalValue CCO_CategoryGlass == 1.0
4,Glass,4,Glass,keyword IAKMaterialGlass,,db5:Hothtrooper44_ArmorCompilation.esp,IARVagabondCrimsonGauntlets,DragonBreak Nexus Patches.esp,CraftingSmithingForge,IAVagabondCrimsonGauntlets,ARMO,IAKMaterialGlass,OrcishSmithing,GetGlobalValue IACTVagabond == 1.0; GetGlobalValue IAVTVagabond == 0.0; GetGlobalValue CCO_ArmorGauntletRecipes == 1.0; GetGlobalValue CCO_ArmorLightRecipes == 1.0; GetGlobalValue CCO_MODImmersiveArmors == 1.0; GetGlobalValue CCO_CategoryGlass == 1.0
4,Glass,4,Glass,keyword IAKMaterialGlass,,db1:Hothtrooper44_ArmorCompilation.esp,IARVagabondDuskBoots,DragonBreak Nexus Patches.esp,CraftingSmithingForge,IAVagabondDuskBoots,ARMO,IAKMaterialGlass,OrcishSmithing,GetGlobalValue IACTVagabond == 1.0; GetGlobalValue IAVTVagabond != 0.0; GetGlobalValue CCO_ArmorBootRecipes == 1.0; GetGlobalValue CCO_ArmorLightRecipes == 1.0; GetGlobalValue CCO_MODImmersiveArmors == 1.0; GetGlobalValue CCO_CategoryGlass == 1.0
4,Glass,4,Glass,keyword IAKMaterialGlass,,db4:Hothtrooper44_ArmorCompilation.esp,IARVagabondDuskCuirass,DragonBreak Nexus Patches.esp,CraftingSmithingForge,IAVagabondDuskCuirass,ARMO,IAKMaterialGlass,ElvenSmithing,GetGlobalValue IACTVagabond == 1.0; GetGlobalValue IAVTVagabond != 0.0; GetGlobalValue CCO_ArmorCuirassRecipes == 1.0; GetGlobalValue CCO_ArmorLightRecipes == 1.0; GetGlobalValue CCO_MODImmersiveArmors == 1.0; GetGlobalValue CCO_CategoryGlass == 1.0
4,Glass,4,Glass,keyword IAKMaterialGlass,,db7:Hothtrooper44_ArmorCompilation.esp,IARVagabondDuskGauntlets,DragonBreak Nexus Patches.esp,CraftingSmithingForge,IAVagabondDuskGauntlets,ARMO,IAKMaterialGlass,OrcishSmithing,GetGlobalValue IACTVagabond == 1.0; GetGlobalValue IAVTVagabond != 0.0; GetGlobalValue CCO_ArmorGauntletRecipes == 1.0; GetGlobalValue CCO_ArmorLightRecipes == 1.0; GetGlobalValue CCO_MODImmersiveArmors == 1.0; GetGlobalValue CCO_CategoryGlass == 1.0
4,Glass,4,Glass,keyword IAKMaterialGlass,,db8:Hothtrooper44_ArmorCompilation.esp,IARVagabondHelmet,DragonBreak Nexus Patches.esp,CraftingSmithingForge,IAVagabondHelmet,ARMO,IAKMaterialGlass,OrcishSmithing,GetGlobalValue IACTVagabond == 1.0; GetGlobalValue CCO_ArmorHelmetRecipes == 1.0; GetGlobalValue CCO_ArmorLightRecipes == 1.0; GetGlobalValue CCO_MODImmersiveArmors == 1.0; GetGlobalValue CCO_CategoryGlass == 1.0
4,Glass,4,Glass,keyword IAKMaterialGlass,,db0:Hothtrooper44_ArmorCompilation.esp,IARVagabondLeatherBoots,DragonBreak Nexus Patches.esp,CraftingSmithingForge,IAVagabondLeatherBoots,ARMO,IAKMaterialGlass,OrcishSmithing,GetGlobalValue IACTVagabond == 1.0; GetGlobalValue CCO_ArmorBootRecipes == 1.0; GetGlobalValue CCO_ArmorLightRecipes == 1.0; GetGlobalValue CCO_MODImmersiveArmors == 1.0; GetGlobalValue CCO_CategoryGlass == 1.0
4,Glass,4,Glass,keyword IAKMaterialGlass,,db6:Hothtrooper44_ArmorCompilation.esp,IARVagabondLeatherGauntlets,DragonBreak Nexus Patches.esp,CraftingSmithingForge,IAVagabondLeatherBracers,ARMO,IAKMaterialGlass,OrcishSmithing,GetGlobalValue IACTVagabond == 1.0; GetGlobalValue CCO_ArmorGauntletRecipes == 1.0; GetGlobalValue CCO_ArmorLightRecipes == 1.0; GetGlobalValue CCO_MODImmersiveArmors == 1.0; GetGlobalValue CCO_CategoryGlass == 1.0
4,Glass,4,Glass,keyword IAKMaterialGlass,,db3:Hothtrooper44_ArmorCompilation.esp,IARVagabondLeatherCuirass,DragonBreak Nexus Patches.esp,CraftingSmithingForge,IAVagabondLeatherCuirass,ARMO,IAKMaterialGlass,ElvenSmithing,GetGlobalValue IACTVagabond == 1.0; GetGlobalValue CCO_ArmorCuirassRecipes == 1.0; GetGlobalValue CCO_ArmorLightRecipes == 1.0; GetGlobalValue CCO_MODImmersiveArmors == 1.0; GetGlobalValue CCO_CategoryGlass == 1.0
4,Glass,4,Glass,keyword IAKMaterialGlass,,23322:Hothtrooper44_ArmorCompilation.esp,IARVvardenfellGlassBoots,DragonBreak Nexus Patches.esp,CraftingSmithingForge,IAVvardenfellGlassBoots,ARMO,IAKMaterialGlass,EbonySmithing,GetGlobalValue IACTVvardenfellGlass == 1.0; GetGlobalValue CCO_ArmorBootRecipes == 1.0; GetGlobalValue CCO_ArmorLightRecipes == 1.0; GetGlobalValue CCO_MODImmersiveArmors == 1.0; GetGlobalValue CCO_CategoryGlass == 1.0
4,Glass,4,Glass,keyword IAKMaterialGlass,,23323:Hothtrooper44_ArmorCompilation.esp,IARVvardenfellGlassCuirass,DragonBreak Nexus Patches.esp,CraftingSmithingForge,IAVvardenfellGlassCuirass,ARMO,IAKMaterialGlass,EbonySmithing,GetGlobalValue IACTVvardenfellGlass == 1.0; GetGlobalValue CCO_ArmorCuirassRecipes == 1.0; GetGlobalValue CCO_ArmorLightRecipes == 1.0; GetGlobalValue CCO_MODImmersiveArmors == 1.0; GetGlobalValue CCO_CategoryGlass == 1.0
4,Glass,4,Glass,keyword IAKMaterialGlass,,23324:Hothtrooper44_ArmorCompilation.esp,IARVvardenfellGlassGauntlets,DragonBreak Nexus Patches.esp,CraftingSmithingForge,IAVvardenfellGlassGauntlets,ARMO,IAKMaterialGlass,EbonySmithing,GetGlobalValue IACTVvardenfellGlass == 1.0; GetGlobalValue CCO_ArmorGauntletRecipes == 1.0; GetGlobalValue CCO_ArmorLightRecipes == 1.0; GetGlobalValue CCO_MODImmersiveArmors == 1.0; GetGlobalValue CCO_CategoryGlass == 1.0
4,Glass,4,Glass,keyword IAKMaterialGlass,,23325:Hothtrooper44_ArmorCompilation.esp,IARVvardenfellGlassHelmet,DragonBreak Nexus Patches.esp,CraftingSmithingForge,IAVvardenfellGlassHelmet,ARMO,IAKMaterialGlass,EbonySmithing,GetGlobalValue IACTVvardenfellGlass == 1.0; GetGlobalValue CCO_ArmorHelmetRecipes == 1.0; GetGlobalValue CCO_ArmorLightRecipes == 1.0; GetGlobalValue CCO_MODImmersiveArmors == 1.0; GetGlobalValue CCO_CategoryGlass == 1.0
4,Glass,4,Glass,keyword IAKMaterialGlass,,23326:Hothtrooper44_ArmorCompilation.esp,IARVvardenfellGlassShield,DragonBreak Nexus Patches.esp,CraftingSmithingForge,IAVvardenfellGlassShield,ARMO,IAKMaterialGlass,EbonySmithing,GetGlobalValue IACTVvardenfellGlass == 1.0; GetGlobalValue CCO_ArmorShieldRecipes == 1.0; GetGlobalValue CCO_ArmorLightRecipes == 1.0; GetGlobalValue CCO_MODImmersiveArmors == 1.0; GetGlobalValue CCO_CategoryGlass == 1.0
4,Glass,4,Glass,keyword WeapMaterialGlass,,c74710:Immersive Weapons.esp,IWRecipeWeaponAntiqueGlassSword,DragonBreak Nexus Patches.esp,CraftingSmithingForge,IWAntiqueGlassSword,WEAP,WeapMaterialGlass,EbonySmithing,
4,Glass,4,Glass,keyword WeapMaterialGlass,,1dff:Immersive Weapons.esp,IWRecipeWeaponAyleidGreatsword,DragonBreak Nexus Patches.esp,CraftingSmithingForge,IWAyleidGreatsword,WEAP,WeapMaterialGlass,EbonySmithing,
4,Glass,4,Glass,keyword WeapMaterialGlass,,216c5:Immersive Weapons.esp,IWRecipeWeaponBlackDragonNinjato,DragonBreak Nexus Patches.esp,CraftingSmithingForge,IWBlackDragonNinjato,WEAP,WeapMaterialGlass,EbonySmithing,
4,Ebony,4,Ebony,keyword WeapMaterialEbony,,216c9:Immersive Weapons.esp,IWRecipeWeaponBlackStingDagger,DragonBreak Nexus Patches.esp,CraftingSmithingForge,IWBlackStingDagger,WEAP,WeapMaterialEbony,ElvenSmithing,
4,Glass,4,Glass,keyword WeapMaterialGlass,,478d5:Immersive Weapons.esp,IWRecipeWeaponChillrend,DragonBreak Nexus Patches.esp,CraftingSmithingForge,IWCChillrend,WEAP,WeapMaterialGlass,ElvenSmithing,GetItemCount TG07Chillrend001 != 0.0; GetItemCount TG07Chillrend002 != 0.0; GetItemCount TG07Chillrend003 != 0.0; GetItemCount TG07Chillrend004 != 0.0; GetItemCount TG07Chillrend005 != 0.0; GetItemCount TG07Chillrend006 != 0.0; GetItemCount IWCChillrend != 0.0
4,Glass,4,Glass,keyword WeapMaterialGlass+WeapMaterialSilver,,478d8:Immersive Weapons.esp,IWRecipeWeaponDawnbreaker,DragonBreak Nexus Patches.esp,CraftingSmithingForge,IWCDawnbreaker,WEAP,WeapMaterialGlass+WeapMaterialSilver,ElvenSmithing+GlassSmithing,GetItemCount DA09Dawnbreaker != 0.0; GetItemCount IWCDawnbreaker != 0.0
4,Glass,4,Glass,keyword WeapMaterialGlass,,492335:Immersive Weapons.esp,IWRecipeWeaponCamoranSaber,DragonBreak Nexus Patches.esp,CraftingSmithingForge,IWCamoranSaber,WEAP,WeapMaterialGlass,ElvenSmithing,
4,Glass,4,Glass,keyword WeapMaterialGlass,,14d64:Immersive Weapons.esp,IWRecipeWeaponCeymallariSword,DragonBreak Nexus Patches.esp,CraftingSmithingForge,IWCeymallariSword,WEAP,WeapMaterialGlass,EbonySmithing,
4,Ebony,4,Ebony,keyword WeapMaterialEbony,,216b6:Immersive Weapons.esp,IWRecipeWeaponDremoraHalberd,DragonBreak Nexus Patches.esp,CraftingSmithingForge,IWDremoraHalberd,WEAP,WeapMaterialEbony,EbonySmithing,
4,Glass,4,Glass,keyword WeapMaterialGlass,,22c93:Immersive Weapons.esp,IWRecipeWeaponElvenGreatBladeGreatsword,DragonBreak Nexus Patches.esp,CraftingSmithingForge,IWElvenGreatBladeGreatsword,WEAP,WeapMaterialGlass,EbonySmithing,
4,Glass,4,Glass,keyword WeapMaterialGlass,,22c91:Immersive Weapons.esp,IWRecipeWeaponElvenGreatBloodGreatsword,DragonBreak Nexus Patches.esp,CraftingSmithingForge,IWElvenGreatBloodGreatsword,WEAP,WeapMaterialGlass,EbonySmithing,
4,Glass,4,Glass,keyword WeapMaterialGlass,,22c8f:Immersive Weapons.esp,IWRecipeWeaponElvenGreatWingsGreatsword,DragonBreak Nexus Patches.esp,CraftingSmithingForge,IWElvenGreatWingsGreatsword,WEAP,WeapMaterialGlass,EbonySmithing,
4,Glass,4,Glass,keyword WeapMaterialGlass,,394a:Immersive Weapons.esp,IWRecipeWeaponEtherealAxestaff,DragonBreak Nexus Patches.esp,CraftingSmithingForge,IWEtherealAxestaff,WEAP,WeapMaterialGlass,EbonySmithing,
4,Ebony,4,Ebony,keyword WeapMaterialEbony,,216c8:Immersive Weapons.esp,IWRecipeWeaponFalkreathWarhammer,DragonBreak Nexus Patches.esp,CraftingSmithingForge,IWFalkreathWarhammer,WEAP,WeapMaterialEbony,EbonySmithing,
4,Glass,4,Glass,keyword WeapMaterialGlass,,2acb:Immersive Weapons.esp,IWRecipeWeaponGemstoneEmeraldBow,DragonBreak Nexus Patches.esp,CraftingSmithingForge,IWGemstoneEmeraldBow,WEAP,WeapMaterialGlass,EbonySmithing,
4,Glass,4,Glass,keyword WeapMaterialGlass,,2acc:Immersive Weapons.esp,IWRecipeWeaponGemstoneRubyBow,DragonBreak Nexus Patches.esp,CraftingSmithingForge,IWGemstoneRubyBow,WEAP,WeapMaterialGlass,EbonySmithing,
4,Glass,4,Glass,keyword WeapMaterialGlass,,2aca:Immersive Weapons.esp,IWRecipeWeaponGemstoneSapphireBow,DragonBreak Nexus Patches.esp,CraftingSmithingForge,IWGemstoneSapphireBow,WEAP,WeapMaterialGlass,EbonySmithing,
4,Glass,4,Glass,keyword WeapMaterialGlass,,c74709:Immersive Weapons.esp,IWRecipeWeaponGlassBattleStaff,DragonBreak Nexus Patches.esp,CraftingSmithingForge,IWGlassBattleStaff,WEAP,WeapMaterialGlass,EbonySmithing,
4,Glass,4,Glass,keyword WeapMaterialGlass,,441016:Immersive Weapons.esp,IWRecipeWeaponGlassDoubleAxe,DragonBreak Nexus Patches.esp,CraftingSmithingForge,IWGlassDoubleAxe,WEAP,WeapMaterialGlass,EbonySmithing,
4,Glass,4,Glass,keyword WeapMaterialGlass,,a43a:Immersive Weapons.esp,IWRecipeWeaponGlassQuarterstaff,DragonBreak Nexus Patches.esp,CraftingSmithingForge,IWGlassQuarterstaff,WEAP,WeapMaterialGlass,EbonySmithing,
4,Glass,4,Glass,keyword WeapMaterialGlass,,c7471e:Immersive Weapons.esp,IWRecipeWeaponGlassScimitar,DragonBreak Nexus Patches.esp,CraftingSmithingForge,IWGlassScimitar,WEAP,WeapMaterialGlass,EbonySmithing,
4,Ebony,4,Ebony,keyword WeapMaterialEbony,,22c8d:Immersive Weapons.esp,IWRecipeWeaponHotBloodGreatsword,DragonBreak Nexus Patches.esp,CraftingSmithingForge,IWHotBloodGreatsword,WEAP,WeapMaterialEbony,EbonySmithing,
4,Glass,4,Glass,keyword WeapMaterialGlass,,491dc4:Immersive Weapons.esp,IWRecipeWeaponJusticiarChangdao,DragonBreak Nexus Patches.esp,CraftingSmithingForge,IWJusticiarChangdao,WEAP,WeapMaterialGlass,EbonySmithing,
4,Glass,4,Glass,keyword WeapMaterialGlass,,491dc0:Immersive Weapons.esp,IWRecipeWeaponJusticiarKnife,DragonBreak Nexus Patches.esp,CraftingSmithingForge,IWJusticiarKnife,WEAP,WeapMaterialGlass,EbonySmithing,
4,Glass,4,Glass,keyword WeapMaterialGlass,,94185a:Immersive Weapons.esp,IWRecipeWeaponJusticiarSaber,DragonBreak Nexus Patches.esp,CraftingSmithingForge,IWJusticiarSaber,WEAP,WeapMaterialGlass,EbonySmithing,
4,Glass,4,Glass,keyword WeapMaterialGlass,,33d66:Immersive Weapons.esp,IWRecipeWeaponOrgnumsDagger,DragonBreak Nexus Patches.esp,CraftingSmithingForge,IWOrgnumsDagger,WEAP,WeapMaterialGlass,ElvenSmithing+GlassSmithing,
4,Glass,4,Glass,keyword WeapMaterialGlass,,940d79:Immersive Weapons.esp,IWRecipeWeaponOrnateAlikrScimitar,DragonBreak Nexus Patches.esp,CraftingSmithingForge,IWOrnateAlikrScimitar,WEAP,WeapMaterialGlass,ElvenSmithing,
1,,4,Glass,"faction gear: the faction role is the gate, any Blacksmith tier, no manual (Nate, 7 Oct)",,b9d9:Immersive Weapons.esp,IWRecipeWeaponSilverHawkBow,DragonBreak Nexus Patches.esp,CraftingSmithingForge,IWSilverHawkBow,WEAP,WeapMaterialGlass,EbonySmithing,
4,Ebony,4,Ebony,keyword WeapMaterialEbony,,38b75:Immersive Weapons.esp,IWRecipeWeaponSixthHouseBellWarhammer,DragonBreak Nexus Patches.esp,CraftingSmithingForge,IWSixthHouseBellWarhammer,WEAP,WeapMaterialEbony,EbonySmithing,
4,Glass,4,Glass,keyword WeapMaterialGlass,,1d9a:Immersive Weapons.esp,IWRecipeWeaponSorrowDaito,DragonBreak Nexus Patches.esp,CraftingSmithingForge,IWSorrowDaito,WEAP,WeapMaterialGlass,EbonySmithing,
4,Glass,4,Glass,keyword WeapMaterialGlass,,6bf7:Immersive Weapons.esp,IWRecipeWeaponSorrowKatana,DragonBreak Nexus Patches.esp,CraftingSmithingForge,IWSorrowKatana,WEAP,WeapMaterialGlass,ElvenSmithing,
4,Glass,4,Glass,keyword WeapMaterialGlass,,4360:Immersive Weapons.esp,IWRecipeWeaponSorrowTanto,DragonBreak Nexus Patches.esp,CraftingSmithingForge,IWSorrowTanto,WEAP,WeapMaterialGlass,OrcishSmithing,
4,Glass,4,Glass,keyword ArmorMaterialGlass,,81e:DragonBreak Nexus Patches.esp,DBOFG_TH_Thalmor3Boots,DragonBreak Nexus Patches.esp,CraftingSmithingForge,TH_Thalmor3Boots,ARMO,ArmorMaterialGlass+TH_MaterialAltmer+TH_MaterialThalmor,,
4,Glass,4,Glass,keyword ArmorMaterialGlass,,81f:DragonBreak Nexus Patches.esp,DBOFG_TH_Thalmor3Cuirass,DragonBreak Nexus Patches.esp,CraftingSmithingForge,TH_Thalmor3Cuirass,ARMO,ArmorMaterialGlass+TH_MaterialAltmer+TH_MaterialThalmor,,
4,Glass,4,Glass,keyword ArmorMaterialGlass,,820:DragonBreak Nexus Patches.esp,DBOFG_TH_Thalmor3Gauntlets,DragonBreak Nexus Patches.esp,CraftingSmithingForge,TH_Thalmor3Gauntlets,ARMO,ArmorMaterialGlass+TH_MaterialAltmer+TH_MaterialThalmor,,
4,Glass,4,Glass,keyword ArmorMaterialGlass,,821:DragonBreak Nexus Patches.esp,DBOFG_TH_Thalmor3Helmet,DragonBreak Nexus Patches.esp,CraftingSmithingForge,TH_Thalmor3Helmet,ARMO,ArmorMaterialGlass+TH_MaterialAltmer+TH_MaterialThalmor,,
4,Glass,4,Glass,keyword ArmorMaterialGlass,,822:DragonBreak Nexus Patches.esp,DBOFG_TH_Thalmor3Shield,DragonBreak Nexus Patches.esp,CraftingSmithingForge,TH_Thalmor3Shield,ARMO,ArmorMaterialGlass+TH_MaterialAltmer+TH_MaterialThalmor,,
1,,4,Ebony,"faction gear: the faction role is the gate, any Blacksmith tier, no manual (Nate, 7 Oct)",,4f25:Hothtrooper44_ArmorCompilation.esp,IARAkaviriSamuraiBoots,Hothtrooper44_ArmorCompilation.esp,CraftingSmithingForge,IAAkaviriSamuraiBoots,ARMO,IAKMaterialEbony,EbonySmithing,GetGlobalValue CCO_CategoryExoticAkaviri == 1.0; GetGlobalValue IACTAkaviriSamurai == 1.0; GetGlobalValue CCO_ArmorBootRecipes == 1.0; GetGlobalValue CCO_ArmorHeavyRecipes == 1.0; GetGlobalValue CCO_OrientalStyleRecipes == 1.0; GetGlobalValue CCO_MODImmersiveArmors == 1.0
1,,4,Ebony,"faction gear: the faction role is the gate, any Blacksmith tier, no manual (Nate, 7 Oct)",,4f26:Hothtrooper44_ArmorCompilation.esp,IARAkaviriSamuraiCuirass,Hothtrooper44_ArmorCompilation.esp,CraftingSmithingForge,IAAkaviriSamuraiCuirass,ARMO,IAKMaterialEbony,EbonySmithing,GetGlobalValue CCO_CategoryExoticAkaviri == 1.0; GetGlobalValue IACTAkaviriSamurai == 1.0; GetGlobalValue CCO_ArmorCuirassRecipes == 1.0; GetGlobalValue CCO_ArmorHeavyRecipes == 1.0; GetGlobalValue CCO_OrientalStyleRecipes == 1.0; GetGlobalValue CCO_MODImmersiveArmors == 1.0
1,,4,Ebony,"faction gear: the faction role is the gate, any Blacksmith tier, no manual (Nate, 7 Oct)",,4f27:Hothtrooper44_ArmorCompilation.esp,IARAkaviriSamuraiGauntlets,Hothtrooper44_ArmorCompilation.esp,CraftingSmithingForge,IAAkaviriSamuraiGauntlets,ARMO,IAKMaterialEbony,EbonySmithing,GetGlobalValue CCO_CategoryExoticAkaviri == 1.0; GetGlobalValue IACTAkaviriSamurai == 1.0; GetGlobalValue CCO_ArmorGauntletRecipes == 1.0; GetGlobalValue CCO_ArmorHeavyRecipes == 1.0; GetGlobalValue CCO_OrientalStyleRecipes == 1.0; GetGlobalValue CCO_MODImmersiveArmors == 1.0
1,,4,Ebony,"faction gear: the faction role is the gate, any Blacksmith tier, no manual (Nate, 7 Oct)",,4f28:Hothtrooper44_ArmorCompilation.esp,IARAkaviriSamuraiHelmet,Hothtrooper44_ArmorCompilation.esp,CraftingSmithingForge,IAAkaviriSamuraiHelmet,ARMO,IAKMaterialEbony,EbonySmithing,GetGlobalValue CCO_CategoryExoticAkaviri == 1.0; GetGlobalValue IACTAkaviriSamurai == 1.0; GetGlobalValue CCO_ArmorHelmetRecipes == 1.0; GetGlobalValue CCO_ArmorHeavyRecipes == 1.0; GetGlobalValue CCO_OrientalStyleRecipes == 1.0; GetGlobalValue CCO_MODImmersiveArmors == 1.0
4,Ebony,4,Ebony,keyword IAKMaterialEbony,,21473:Hothtrooper44_ArmorCompilation.esp,IARBucklerEbony,Hothtrooper44_ArmorCompilation.esp,CraftingSmithingForge,IABucklerEbony,ARMO,IAKMaterialEbony,EbonySmithing,GetGlobalValue CCO_CategoryEbony == 1.0; GetGlobalValue IACTBucklers == 1.0; GetGlobalValue CCO_ArmorShieldRecipes == 1.0; GetGlobalValue CCO_ArmorLightRecipes == 1.0; GetGlobalValue CCO_MODImmersiveArmors == 1.0
4,Ebony,4,Ebony,keyword IAKMaterialEbony,,2147b:Hothtrooper44_ArmorCompilation.esp,IARBucklerWinterhold,Hothtrooper44_ArmorCompilation.esp,CraftingSmithingForge,IABucklerWinterhold,ARMO,IAKMaterialEbony,EbonySmithing,GetGlobalValue IACTBucklers == 1.0; GetGlobalValue IACTFactionShields == 1.0; GetGlobalValue CCO_ArmorShieldRecipes == 1.0; GetGlobalValue CCO_ArmorLightRecipes == 1.0; GetGlobalValue CCO_MODImmersiveArmors == 1.0; GetGlobalValue CCO_CategoryArcane == 1.0
4,Ebony,4,Ebony,keyword IAKMaterialEbony,,2394f:Hothtrooper44_ArmorCompilation.esp,IAREbonyMageHeavyBoots,Hothtrooper44_ArmorCompilation.esp,CraftingSmithingForge,IAEbonyMageHeavyBoots,ARMO,IAKMaterialEbony,EbonySmithing,GetGlobalValue CCO_CategoryArcane == 1.0; GetGlobalValue CCO_CategoryEbony == 1.0; GetGlobalValue IACTEbonyMageRobe == 1.0; GetGlobalValue IAWTEbonyMageRobe == 0.0; GetGlobalValue CCO_ArmorBootRecipes == 1.0; GetGlobalValue CCO_ArmorHeavyRecipes == 1.0; GetGlobalValue CCO_MODImmersiveArmors == 1.0
4,Ebony,4,Ebony,keyword IAKMaterialEbony,,23951:Hothtrooper44_ArmorCompilation.esp,IAREbonyMageHeavyGloves,Hothtrooper44_ArmorCompilation.esp,CraftingSmithingForge,IAEbonyMageHeavyGloves,ARMO,IAKMaterialEbony,EbonySmithing,GetGlobalValue CCO_CategoryArcane == 1.0; GetGlobalValue CCO_CategoryEbony == 1.0; GetGlobalValue IACTEbonyMageRobe == 1.0; GetGlobalValue IAWTEbonyMageRobe == 0.0; GetGlobalValue CCO_ArmorGauntletRecipes == 1.0; GetGlobalValue CCO_ArmorHeavyRecipes == 1.0; GetGlobalValue CCO_MODImmersiveArmors == 1.0
4,Ebony,4,Ebony,keyword IAKMaterialEbony,,23952:Hothtrooper44_ArmorCompilation.esp,IAREbonyMageHeavyHood,Hothtrooper44_ArmorCompilation.esp,CraftingSmithingForge,IAEbonyMageHeavyHood,ARMO,IAKMaterialEbony,EbonySmithing,GetGlobalValue CCO_CategoryArcane == 1.0; GetGlobalValue CCO_CategoryEbony == 1.0; GetGlobalValue IACTEbonyMageRobe == 1.0; GetGlobalValue IAWTEbonyMageRobe == 0.0; GetGlobalValue CCO_ArmorHelmetRecipes == 1.0; GetGlobalValue CCO_ArmorHeavyRecipes == 1.0; GetGlobalValue CCO_MODImmersiveArmors == 1.0
4,Ebony,4,Ebony,keyword IAKMaterialEbony,,23950:Hothtrooper44_ArmorCompilation.esp,IAREbonyMageHeavyRobe,Hothtrooper44_ArmorCompilation.esp,CraftingSmithingForge,IAEbonyMageHeavyRobe,ARMO,IAKMaterialEbony,EbonySmithing,GetGlobalValue CCO_CategoryArcane == 1.0; GetGlobalValue CCO_CategoryEbony == 1.0; GetGlobalValue IACTEbonyMageRobe == 1.0; GetGlobalValue IAWTEbonyMageRobe == 0.0; GetGlobalValue CCO_ArmorCuirassRecipes == 1.0; GetGlobalValue CCO_ArmorHeavyRecipes == 1.0; GetGlobalValue CCO_MODImmersiveArmors == 1.0
4,Ebony,4,Ebony,keyword IAKMaterialEbony,,23305:Hothtrooper44_ArmorCompilation.esp,IARGlacialCrystalHBoots,Hothtrooper44_ArmorCompilation.esp,CraftingSmithingForge,IAGlacialCrystalHBoots,ARMO,IAKMaterialEbony,EbonySmithing,GetGlobalValue CCO_CategoryArcane == 1.0; GetGlobalValue IACTGlacialCrystal == 1.0; GetGlobalValue IAWTGlacialCrystal == 0.0; GetGlobalValue CCO_ArmorBootRecipes == 1.0; GetGlobalValue CCO_ArmorHeavyRecipes == 1.0; GetGlobalValue CCO_MODImmersiveArmors == 1.0
4,Ebony,4,Ebony,keyword IAKMaterialEbony,,23306:Hothtrooper44_ArmorCompilation.esp,IARGlacialCrystalHCuirass,Hothtrooper44_ArmorCompilation.esp,CraftingSmithingForge,IAGlacialCrystalHCuirass,ARMO,IAKMaterialEbony,EbonySmithing,GetGlobalValue CCO_CategoryArcane == 1.0; GetGlobalValue IACTGlacialCrystal == 1.0; GetGlobalValue IAWTGlacialCrystal == 0.0; GetGlobalValue CCO_ArmorCuirassRecipes == 1.0; GetGlobalValue CCO_ArmorHeavyRecipes == 1.0; GetGlobalValue CCO_MODImmersiveArmors == 1.0
4,Ebony,4,Ebony,keyword IAKMaterialEbony,,23307:Hothtrooper44_ArmorCompilation.esp,IARGlacialCrystalHGauntlets,Hothtrooper44_ArmorCompilation.esp,CraftingSmithingForge,IAGlacialCrystalHGauntlets,ARMO,IAKMaterialEbony,EbonySmithing,GetGlobalValue CCO_CategoryArcane == 1.0; GetGlobalValue IACTGlacialCrystal == 1.0; GetGlobalValue IAWTGlacialCrystal == 0.0; GetGlobalValue CCO_ArmorGauntletRecipes == 1.0; GetGlobalValue CCO_ArmorHeavyRecipes == 1.0; GetGlobalValue CCO_MODImmersiveArmors == 1.0
4,Ebony,4,Ebony,keyword IAKMaterialEbony,,23308:Hothtrooper44_ArmorCompilation.esp,IARGlacialCrystalHHelmet,Hothtrooper44_ArmorCompilation.esp,CraftingSmithingForge,IAGlacialCrystalHHelmet,ARMO,IAKMaterialEbony,EbonySmithing,GetGlobalValue CCO_CategoryArcane == 1.0; GetGlobalValue IACTGlacialCrystal == 1.0; GetGlobalValue IAWTGlacialCrystal == 0.0; GetGlobalValue CCO_ArmorHelmetRecipes == 1.0; GetGlobalValue CCO_ArmorHeavyRecipes == 1.0; GetGlobalValue CCO_MODImmersiveArmors == 1.0
4,Ebony,4,Ebony,keyword IAKMaterialEbony,,23309:Hothtrooper44_ArmorCompilation.esp,IARGlacialCrystalHShield,Hothtrooper44_ArmorCompilation.esp,CraftingSmithingForge,IAGlacialCrystalHShield,ARMO,IAKMaterialEbony,EbonySmithing,GetGlobalValue CCO_CategoryArcane == 1.0; GetGlobalValue IACTGlacialCrystal == 1.0; GetGlobalValue IAWTGlacialCrystal == 0.0; GetGlobalValue CCO_ArmorShieldRecipes == 1.0; GetGlobalValue CCO_ArmorHeavyRecipes == 1.0; GetGlobalValue CCO_MODImmersiveArmors == 1.0
1,,4,Ebony,"faction gear: the faction role is the gate, any Blacksmith tier, no manual (Nate, 7 Oct)",,6aa0a:Hothtrooper44_ArmorCompilation.esp,IARImperialKnightCuirass,Hothtrooper44_ArmorCompilation.esp,CraftingSmithingForge,IAImperialKnightCuirass,ARMO,IAKMaterialEbony,EbonySmithing,GetGlobalValue CCO_CategoryFactionImperial == 1.0; GetGlobalValue IAGNoQuestCrafting == 1.0; GetInFaction CWImperialFaction == 1.0; GetGlobalValue IAGNoQuestCrafting == 1.0; #629 CW > 3.0; GetGlobalValue IACTImperialKnight == 1.0; GetGlobalValue CCO_ArmorCuirassRecipes == 1.0; GetGlobalValue CCO_ArmorHeavyRecipes == 1.0; GetGlobalValue CCO_MODImmersiveArmors == 1.0
1,,4,Ebony,"faction gear: the faction role is the gate, any Blacksmith tier, no manual (Nate, 7 Oct)",,6aa0b:Hothtrooper44_ArmorCompilation.esp,IARImperialKnightGreaves,Hothtrooper44_ArmorCompilation.esp,CraftingSmithingForge,IAImperialKnightGreaves,ARMO,IAKMaterialEbony,EbonySmithing,GetGlobalValue CCO_CategoryFactionImperial == 1.0; GetGlobalValue IAGNoQuestCrafting == 1.0; GetInFaction CWImperialFaction == 1.0; GetGlobalValue IAGNoQuestCrafting == 1.0; #629 CW > 3.0; GetGlobalValue IACTImperialKnight == 1.0; GetGlobalValue CCO_ArmorBootRecipes == 1.0; GetGlobalValue CCO_ArmorHeavyRecipes == 1.0; GetGlobalValue CCO_MODImmersiveArmors == 1.0
1,,4,Ebony,"faction gear: the faction role is the gate, any Blacksmith tier, no manual (Nate, 7 Oct)",,6aa0c:Hothtrooper44_ArmorCompilation.esp,IARImperialKnightHelmet,Hothtrooper44_ArmorCompilation.esp,CraftingSmithingForge,IAImperialKnightHelmet,ARMO,IAKMaterialEbony,EbonySmithing,GetGlobalValue CCO_CategoryFactionImperial == 1.0; GetGlobalValue IAGNoQuestCrafting == 1.0; GetInFaction CWImperialFaction == 1.0; GetGlobalValue IAGNoQuestCrafting == 1.0; #629 CW > 3.0; GetGlobalValue IACTImperialKnight == 1.0; GetGlobalValue CCO_ArmorHelmetRecipes == 1.0; GetGlobalValue CCO_ArmorHeavyRecipes == 1.0; GetGlobalValue CCO_MODImmersiveArmors == 1.0
1,,4,Ebony,"faction gear: the faction role is the gate, any Blacksmith tier, no manual (Nate, 7 Oct)",,6aa0d:Hothtrooper44_ArmorCompilation.esp,IARImperialKnightVambraces,Hothtrooper44_ArmorCompilation.esp,CraftingSmithingForge,IAImperialKnightVambraces,ARMO,IAKMaterialEbony,EbonySmithing,GetGlobalValue CCO_CategoryFactionImperial == 1.0; GetGlobalValue IAGNoQuestCrafting == 1.0; GetInFaction CWImperialFaction == 1.0; GetGlobalValue IAGNoQuestCrafting == 1.0; #629 CW > 3.0; GetGlobalValue IACTImperialKnight == 1.0; GetGlobalValue CCO_ArmorGauntletRecipes == 1.0; GetGlobalValue CCO_ArmorHeavyRecipes == 1.0; GetGlobalValue CCO_MODImmersiveArmors == 1.0
4,Ebony,4,Ebony,keyword IAKMaterialEbony,,22f7:Hothtrooper44_ArmorCompilation.esp,IARPaladinBoots,Hothtrooper44_ArmorCompilation.esp,CraftingSmithingForge,IAPaladinBoots,ARMO,IAKMaterialEbony,EbonySmithing,GetGlobalValue IACTPaladinPlate == 1.0; GetGlobalValue CCO_ArmorBootRecipes == 1.0; GetGlobalValue CCO_ArmorHeavyRecipes == 1.0; GetGlobalValue CCO_MODImmersiveArmors == 1.0; GetGlobalValue CCO_CategoryEbony == 1.0
4,Ebony,4,Ebony,keyword IAKMaterialEbony,,ab6d:Hothtrooper44_ArmorCompilation.esp,IARPaladinCuirass,Hothtrooper44_ArmorCompilation.esp,CraftingSmithingForge,IAPaladinCuirass,ARMO,IAKMaterialEbony,EbonySmithing,GetGlobalValue IACTPaladinPlate == 1.0; GetGlobalValue CCO_ArmorCuirassRecipes == 1.0; GetGlobalValue CCO_ArmorHeavyRecipes == 1.0; GetGlobalValue CCO_MODImmersiveArmors == 1.0; GetGlobalValue CCO_CategoryEbony == 1.0
4,Ebony,4,Ebony,keyword IAKMaterialEbony,,22f9:Hothtrooper44_ArmorCompilation.esp,IARPaladinGauntlets,Hothtrooper44_ArmorCompilation.esp,CraftingSmithingForge,IAPaladinGauntlets,ARMO,IAKMaterialEbony,EbonySmithing,GetGlobalValue IACTPaladinPlate == 1.0; GetGlobalValue CCO_ArmorGauntletRecipes == 1.0; GetGlobalValue CCO_ArmorHeavyRecipes == 1.0; GetGlobalValue CCO_MODImmersiveArmors == 1.0; GetGlobalValue CCO_CategoryEbony == 1.0
4,Ebony,4,Ebony,keyword IAKMaterialEbony,,22fa:Hothtrooper44_ArmorCompilation.esp,IARPaladinHelmet,Hothtrooper44_ArmorCompilation.esp,CraftingSmithingForge,IAPaladinHelmet,ARMO,IAKMaterialEbony,EbonySmithing,GetGlobalValue IACTPaladinPlate == 1.0; GetGlobalValue CCO_ArmorHelmetRecipes == 1.0; GetGlobalValue CCO_ArmorHeavyRecipes == 1.0; GetGlobalValue CCO_MODImmersiveArmors == 1.0; GetGlobalValue CCO_CategoryEbony == 1.0
4,Ebony,4,Ebony,keyword IAKMaterialEbony,,22fb:Hothtrooper44_ArmorCompilation.esp,IARPaladinShield,Hothtrooper44_ArmorCompilation.esp,CraftingSmithingForge,IAPaladinShield,ARMO,IAKMaterialEbony,EbonySmithing,GetGlobalValue IACTPaladinPlate == 1.0; GetGlobalValue CCO_ArmorShieldRecipes == 1.0; GetGlobalValue CCO_ArmorHeavyRecipes == 1.0; GetGlobalValue CCO_MODImmersiveArmors == 1.0; GetGlobalValue CCO_CategoryEbony == 1.0
4,Ebony,4,Ebony,keyword IAKMaterialEbony,,2147e:Hothtrooper44_ArmorCompilation.esp,IARShieldWinterhold,Hothtrooper44_ArmorCompilation.esp,CraftingSmithingForge,IAShieldWinterhold,ARMO,IAKMaterialEbony,EbonySmithing,GetGlobalValue IACTFactionShields == 1.0; GetGlobalValue CCO_ArmorShieldRecipes == 1.0; GetGlobalValue CCO_ArmorLightRecipes == 1.0; GetGlobalValue CCO_MODImmersiveArmors == 1.0; GetGlobalValue CCO_CategoryArcane == 1.0
4,Ebony,4,Ebony,keyword IAKMaterialEbony,,6a9f4:Hothtrooper44_ArmorCompilation.esp,IARStormlordBoots,Hothtrooper44_ArmorCompilation.esp,CraftingSmithingForge,IAStormlordBoots,ARMO,IAKMaterialEbony,EbonySmithing,GetGlobalValue IAGNoQuestCrafting == 1.0; GetInFaction CWSonsFaction == 1.0; GetGlobalValue IAGNoQuestCrafting == 1.0; #629 CW > 3.0; GetGlobalValue IACTStormlord == 1.0; GetGlobalValue CCO_ArmorBootRecipes == 1.0; GetGlobalValue CCO_ArmorHeavyRecipes == 1.0; GetGlobalValue CCO_MODImmersiveArmors == 1.0; GetGlobalValue CCO_CategoryFactionStormcloak == 1.0
4,Ebony,4,Ebony,keyword IAKMaterialEbony,,6a9f5:Hothtrooper44_ArmorCompilation.esp,IARStormlordCuirass,Hothtrooper44_ArmorCompilation.esp,CraftingSmithingForge,IAStormlordCuirass,ARMO,IAKMaterialEbony,EbonySmithing,GetGlobalValue IAGNoQuestCrafting == 1.0; GetInFaction CWSonsFaction == 1.0; GetGlobalValue IAGNoQuestCrafting == 1.0; #629 CW > 3.0; GetGlobalValue IACTStormlord == 1.0; GetGlobalValue CCO_ArmorCuirassRecipes == 1.0; GetGlobalValue CCO_ArmorHeavyRecipes == 1.0; GetGlobalValue CCO_MODImmersiveArmors == 1.0; GetGlobalValue CCO_CategoryFactionStormcloak == 1.0
4,Ebony,4,Ebony,keyword IAKMaterialEbony,,6a9f6:Hothtrooper44_ArmorCompilation.esp,IARStormlordGauntlets,Hothtrooper44_ArmorCompilation.esp,CraftingSmithingForge,IAStormlordGauntlets,ARMO,IAKMaterialEbony,EbonySmithing,GetGlobalValue IAGNoQuestCrafting == 1.0; GetInFaction CWSonsFaction == 1.0; GetGlobalValue IAGNoQuestCrafting == 1.0; #629 CW > 3.0; GetGlobalValue IACTStormlord == 1.0; GetGlobalValue CCO_ArmorGauntletRecipes == 1.0; GetGlobalValue CCO_ArmorHeavyRecipes == 1.0; GetGlobalValue CCO_MODImmersiveArmors == 1.0; GetGlobalValue CCO_CategoryFactionStormcloak == 1.0
4,Ebony,4,Ebony,keyword IAKMaterialEbony,,6a9f7:Hothtrooper44_ArmorCompilation.esp,IARStormlordHelmet,Hothtrooper44_ArmorCompilation.esp,CraftingSmithingForge,IAStormlordHelmet,ARMO,IAKMaterialEbony,EbonySmithing,GetGlobalValue IAGNoQuestCrafting == 1.0; GetInFaction CWSonsFaction == 1.0; GetGlobalValue IAGNoQuestCrafting == 1.0; #629 CW > 3.0; GetGlobalValue IACTStormlord == 1.0; GetGlobalValue CCO_ArmorHelmetRecipes == 1.0; GetGlobalValue CCO_ArmorHeavyRecipes == 1.0; GetGlobalValue CCO_MODImmersiveArmors == 1.0; GetGlobalValue CCO_CategoryFactionStormcloak == 1.0
4,Ebony,4,Ebony,keyword IAKMaterialEbony,,dc0:Hothtrooper44_ArmorCompilation.esp,IARWarchiefHeavyBattlecrown,Hothtrooper44_ArmorCompilation.esp,CraftingSmithingForge,IAWarchiefHeavyBattlecrown,ARMO,IAKMaterialEbony,EbonySmithing,GetGlobalValue IACTWarchief == 1.0; GetGlobalValue IAWTWarchief == 0.0; GetGlobalValue CCO_ArmorHelmetRecipes == 1.0; GetGlobalValue CCO_ArmorHeavyRecipes == 1.0; GetGlobalValue CCO_MODImmersiveArmors == 1.0; GetGlobalValue CCO_CategoryOrcish == 1.0
4,Ebony,4,Ebony,keyword IAKMaterialEbony,,dc2:Hothtrooper44_ArmorCompilation.esp,IARWarchiefHeavyBulwark,Hothtrooper44_ArmorCompilation.esp,CraftingSmithingForge,IAWarchiefHeavyBulwark,ARMO,IAKMaterialEbony,EbonySmithing,GetGlobalValue IACTWarchief == 1.0; GetGlobalValue IAWTWarchief == 0.0; GetGlobalValue CCO_ArmorCuirassRecipes == 1.0; GetGlobalValue CCO_ArmorHeavyRecipes == 1.0; GetGlobalValue CCO_MODImmersiveArmors == 1.0; GetGlobalValue CCO_CategoryOrcish == 1.0
4,Ebony,4,Ebony,keyword IAKMaterialEbony,,dc6:Hothtrooper44_ArmorCompilation.esp,IARWarchiefHeavyGrips,Hothtrooper44_ArmorCompilation.esp,CraftingSmithingForge,IAWarchiefHeavyGrips,ARMO,IAKMaterialEbony,EbonySmithing,GetGlobalValue IACTWarchief == 1.0; GetGlobalValue IAWTWarchief == 0.0; GetGlobalValue CCO_ArmorGauntletRecipes == 1.0; GetGlobalValue CCO_ArmorHeavyRecipes == 1.0; GetGlobalValue CCO_MODImmersiveArmors == 1.0; GetGlobalValue CCO_CategoryOrcish == 1.0
4,Ebony,4,Ebony,keyword IAKMaterialEbony,,dc8:Hothtrooper44_ArmorCompilation.esp,IARWarchiefHeavyHeaddress,Hothtrooper44_ArmorCompilation.esp,CraftingSmithingForge,IAWarchiefHeavyHeaddress,ARMO,IAKMaterialEbony,EbonySmithing,GetGlobalValue IACTWarchief == 1.0; GetGlobalValue IAWTWarchief == 0.0; GetGlobalValue CCO_ArmorHelmetRecipes == 1.0; GetGlobalValue CCO_ArmorHeavyRecipes == 1.0; GetGlobalValue CCO_MODImmersiveArmors == 1.0; GetGlobalValue CCO_CategoryOrcish == 1.0
4,Ebony,4,Ebony,keyword IAKMaterialEbony,,dca:Hothtrooper44_ArmorCompilation.esp,IARWarchiefHeavyStompers,Hothtrooper44_ArmorCompilation.esp,CraftingSmithingForge,IAWarchiefHeavyStompers,ARMO,IAKMaterialEbony,EbonySmithing,GetGlobalValue IACTWarchief == 1.0; GetGlobalValue IAWTWarchief == 0.0; GetGlobalValue CCO_ArmorBootRecipes == 1.0; GetGlobalValue CCO_ArmorHeavyRecipes == 1.0; GetGlobalValue CCO_MODImmersiveArmors == 1.0; GetGlobalValue CCO_CategoryOrcish == 1.0
4,Ebony,4,Ebony,keyword WeapMaterialEbony,,216ca:Immersive Weapons.esp,IWRecipeWeaponBlackStingGreatsword,Immersive Weapons.esp,CraftingSmithingForge,IWBlackStingGreatsword,WEAP,WeapMaterialEbony,EbonySmithing,
4,Ebony,4,Ebony,keyword WeapMaterialEbony,,216cb:Immersive Weapons.esp,IWRecipeWeaponBlackStingSword,Immersive Weapons.esp,CraftingSmithingForge,IWBlackStingSword,WEAP,WeapMaterialEbony,EbonySmithing,
4,Ebony,4,Ebony,keyword WeapMaterialEbony,,446d64:Immersive Weapons.esp,IWRecipeWeaponChakramDagger,Immersive Weapons.esp,CraftingSmithingForge,IWChakramDagger,WEAP,WeapMaterialEbony,EbonySmithing,
1,,4,Ebony,"faction gear: the faction role is the gate, any Blacksmith tier, no manual (Nate, 7 Oct)",,25d24:Immersive Weapons.esp,IWRecipeWeaponDragonguardKatana,Immersive Weapons.esp,CraftingSmithingForge,IWDragonguardKatana,WEAP,WeapMaterialImperial+WeapMaterialEbony,EbonySmithing,
4,Ebony,4,Ebony,keyword WeapMaterialEbony,,c74708:Immersive Weapons.esp,IWRecipeWeaponEbonyBattleStaff,Immersive Weapons.esp,CraftingSmithingForge,IWEbonyBattleStaff,WEAP,WeapMaterialEbony,EbonySmithing,
4,Ebony,4,Ebony,keyword WeapMaterialEbony,,c7472c:Immersive Weapons.esp,IWRecipeWeaponEbonyCutlass,Immersive Weapons.esp,CraftingSmithingForge,IWEbonyCutlass,WEAP,WeapMaterialEbony,EbonySmithing,
4,Ebony,4,Ebony,keyword WeapMaterialEbony,,2414:Immersive Weapons.esp,IWRecipeWeaponEbonyDadao,Immersive Weapons.esp,CraftingSmithingForge,IWEbonyDadao,WEAP,WeapMaterialEbony,EbonySmithing,
4,Ebony,4,Ebony,keyword WeapMaterialEbony,,22ca0:Immersive Weapons.esp,IWRecipeWeaponEbonyDoubleAxe,Immersive Weapons.esp,CraftingSmithingForge,IWEbonyDoubleAxe,WEAP,WeapMaterialEbony,EbonySmithing,
4,Ebony,4,Ebony,keyword WeapMaterialEbony,,216e6:Immersive Weapons.esp,IWRecipeWeaponEbonyHammerMace,Immersive Weapons.esp,CraftingSmithingForge,IWEbonyHammerMace,WEAP,WeapMaterialEbony,EbonySmithing,
4,Ebony,4,Ebony,keyword WeapMaterialEbony,,c74703:Immersive Weapons.esp,IWRecipeWeaponEbonyLongsword,Immersive Weapons.esp,CraftingSmithingForge,IWEbonyLongsword,WEAP,WeapMaterialEbony,EbonySmithing,
4,Ebony,4,Ebony,keyword WeapMaterialEbony,,940a:Immersive Weapons.esp,IWRecipeWeaponEbonyQuarterstaff,Immersive Weapons.esp,CraftingSmithingForge,IWEbonyQuarterstaff,WEAP,WeapMaterialEbony,EbonySmithing,
4,Ebony,4,Ebony,keyword WeapMaterialEbony,,1246:Immersive Weapons.esp,IWRecipeWeaponEbonyScimitar,Immersive Weapons.esp,CraftingSmithingForge,IWEbonyScimitar,WEAP,WeapMaterialEbony,EbonySmithing,
4,Ebony,4,Ebony,keyword WeapMaterialEbony,,216c6:Immersive Weapons.esp,IWRecipeWeaponExoticBow,Immersive Weapons.esp,CraftingSmithingForge,IWExoticBow,WEAP,WeapMaterialEbony,EbonySmithing,
1,,4,Ebony,"faction gear: the faction role is the gate, any Blacksmith tier, no manual (Nate, 7 Oct)",,c7472d:Immersive Weapons.esp,IWRecipeWeaponImperialEbonySword,Immersive Weapons.esp,CraftingSmithingForge,IWImperialEbonySword,WEAP,WeapMaterialEbony,EbonySmithing,
4,Ebony,4,Ebony,keyword WeapMaterialEbony,,216ea:Immersive Weapons.esp,IWRecipeWeaponOrnateMaulWarhammer,Immersive Weapons.esp,CraftingSmithingForge,IWOrnateMaulWarhammer,WEAP,WeapMaterialEbony,EbonySmithing,
4,Ebony,4,Ebony,keyword WeapMaterialEbony,,79d64:Immersive Weapons.esp,IWRecipeWeaponPhoenixNinjato,Immersive Weapons.esp,CraftingSmithingForge,IWPhoenixNinjato,WEAP,WeapMaterialEbony,EbonySmithing,
1,,4,Ebony,"faction gear: the faction role is the gate, any Blacksmith tier, no manual (Nate, 7 Oct)",,9dd:MoreCraftableEquipment.esp,MCERecipeArmorGeneralTullius,MoreCraftableEquipment.esp,CraftingSmithingForge,GeneralTulliusArmor,ARMO,ArmorMaterialEbony,SteelSmithing,GetQuestCompleted CWFinale == 1.0
4,Ebony,4,Ebony,keyword ArmorMaterialEbony,,dd988:Skyrim.esm,RecipeArmorEbonyBoots,Skyrim.esm,CraftingSmithingForge,ArmorEbonyBoots,ARMO,ArmorMaterialEbony,EbonySmithing,
4,Ebony,4,Ebony,keyword ArmorMaterialEbony,,dd989:Skyrim.esm,RecipeArmorEbonyCuirass,Skyrim.esm,CraftingSmithingForge,ArmorEbonyCuirass,ARMO,ArmorMaterialEbony,EbonySmithing,
4,Ebony,4,Ebony,keyword ArmorMaterialEbony,,dd98a:Skyrim.esm,RecipeArmorEbonyGauntlets,Skyrim.esm,CraftingSmithingForge,ArmorEbonyGauntlets,ARMO,ArmorMaterialEbony,EbonySmithing,
4,Ebony,4,Ebony,keyword ArmorMaterialEbony,,dd98b:Skyrim.esm,RecipeArmorEbonyHelmet,Skyrim.esm,CraftingSmithingForge,ArmorEbonyHelmet,ARMO,ArmorMaterialEbony,EbonySmithing,
4,Ebony,4,Ebony,keyword ArmorMaterialEbony,,dd98c:Skyrim.esm,RecipeArmorEbonyShield,Skyrim.esm,CraftingSmithingForge,ArmorEbonyShield,ARMO,ArmorMaterialEbony,EbonySmithing,
4,Glass,4,Glass,keyword ArmorMaterialGlass,,dca0e:Skyrim.esm,RecipeArmorGlassBoots,Skyrim.esm,CraftingSmithingForge,ArmorGlassBoots,ARMO,ArmorMaterialGlass,GlassSmithing,
4,Glass,4,Glass,keyword ArmorMaterialGlass,,dca0f:Skyrim.esm,RecipeArmorGlassCuirass,Skyrim.esm,CraftingSmithingForge,ArmorGlassCuirass,ARMO,ArmorMaterialGlass,GlassSmithing,
4,Glass,4,Glass,keyword ArmorMaterialGlass,,dca10:Skyrim.esm,RecipeArmorGlassGauntlets,Skyrim.esm,CraftingSmithingForge,ArmorGlassGauntlets,ARMO,ArmorMaterialGlass,GlassSmithing,
4,Glass,4,Glass,keyword ArmorMaterialGlass,,dca11:Skyrim.esm,RecipeArmorGlassHelmet,Skyrim.esm,CraftingSmithingForge,ArmorGlassHelmet,ARMO,ArmorMaterialGlass,GlassSmithing,
4,Glass,4,Glass,keyword ArmorMaterialGlass,,dca12:Skyrim.esm,RecipeArmorGlassShield,Skyrim.esm,CraftingSmithingForge,ArmorGlassShield,ARMO,ArmorMaterialGlass,GlassSmithing,
4,Ebony,4,Ebony,keyword WeapMaterialEbony,,db8b8:Skyrim.esm,RecipeWeaponEbonyBattleAxe,Skyrim.esm,CraftingSmithingForge,EbonyBattleaxe,WEAP,WeapMaterialEbony,EbonySmithing,
4,Ebony,4,Ebony,keyword WeapMaterialEbony,,108cf9:Skyrim.esm,RecipeWeaponEbonyBow,Skyrim.esm,CraftingSmithingForge,EbonyBow,WEAP,WeapMaterialEbony,EbonySmithing,
4,Ebony,4,Ebony,keyword WeapMaterialEbony,,db8b9:Skyrim.esm,RecipeWeaponEbonyDagger,Skyrim.esm,CraftingSmithingForge,EbonyDagger,WEAP,WeapMaterialEbony,EbonySmithing,
4,Ebony,4,Ebony,keyword WeapMaterialEbony,,db8ba:Skyrim.esm,RecipeWeaponEbonyGreatsword,Skyrim.esm,CraftingSmithingForge,EbonyGreatsword,WEAP,WeapMaterialEbony,EbonySmithing,
4,Ebony,4,Ebony,keyword WeapMaterialEbony,,db8bb:Skyrim.esm,RecipeWeaponEbonyMace,Skyrim.esm,CraftingSmithingForge,EbonyMace,WEAP,WeapMaterialEbony,EbonySmithing,
4,Ebony,4,Ebony,keyword WeapMaterialEbony,,db8bc:Skyrim.esm,RecipeWeaponEbonySword,Skyrim.esm,CraftingSmithingForge,EbonySword,WEAP,WeapMaterialEbony,EbonySmithing,
4,Ebony,4,Ebony,keyword WeapMaterialEbony,,db8bd:Skyrim.esm,RecipeWeaponEbonyWarAxe,Skyrim.esm,CraftingSmithingForge,EbonyWarAxe,WEAP,WeapMaterialEbony,EbonySmithing,
4,Ebony,4,Ebony,keyword WeapMaterialEbony,,db8be:Skyrim.esm,RecipeWeaponEbonyWarhammer,Skyrim.esm,CraftingSmithingForge,EbonyWarhammer,WEAP,WeapMaterialEbony,EbonySmithing,
4,Glass,4,Glass,keyword WeapMaterialGlass,,db8b1:Skyrim.esm,RecipeWeaponGlassBattleAxe,Skyrim.esm,CraftingSmithingForge,GlassBattleaxe,WEAP,WeapMaterialGlass,GlassSmithing,
4,Glass,4,Glass,keyword WeapMaterialGlass,,108cfb:Skyrim.esm,RecipeWeaponGlassBow,Skyrim.esm,CraftingSmithingForge,GlassBow,WEAP,WeapMaterialGlass,GlassSmithing,
4,Glass,4,Glass,keyword WeapMaterialGlass,,db8b2:Skyrim.esm,RecipeWeaponGlassDagger,Skyrim.esm,CraftingSmithingForge,GlassDagger,WEAP,WeapMaterialGlass,GlassSmithing,
4,Glass,4,Glass,keyword WeapMaterialGlass,,db8b3:Skyrim.esm,RecipeWeaponGlassGreatsword,Skyrim.esm,CraftingSmithingForge,GlassGreatsword,WEAP,WeapMaterialGlass,GlassSmithing,
4,Glass,4,Glass,keyword WeapMaterialGlass,,db8b4:Skyrim.esm,RecipeWeaponGlassMace,Skyrim.esm,CraftingSmithingForge,GlassMace,WEAP,WeapMaterialGlass,GlassSmithing,
4,Glass,4,Glass,keyword WeapMaterialGlass,,db8b5:Skyrim.esm,RecipeWeaponGlassSword,Skyrim.esm,CraftingSmithingForge,GlassSword,WEAP,WeapMaterialGlass,GlassSmithing,
4,Glass,4,Glass,keyword WeapMaterialGlass,,db8b6:Skyrim.esm,RecipeWeaponGlassWarAxe,Skyrim.esm,CraftingSmithingForge,GlassWarAxe,WEAP,WeapMaterialGlass,GlassSmithing,
4,Glass,4,Glass,keyword WeapMaterialGlass,,db8b7:Skyrim.esm,RecipeWeaponGlassWarhammer,Skyrim.esm,CraftingSmithingForge,GlassWarhammer,WEAP,WeapMaterialGlass,GlassSmithing,
4,ShiveringIsles,4,ShiveringIsles,keyword ccBGSSSE025_WeapMaterialAmber,,c14:ccBGSSSE025-AdvDSGS.esm,ccBGSSSE025_RecipeWeaponAmberWarAxe,unofficial skyrim special edition patch.esp,CraftingSmithingForge,ccBGSSSE025_AmberWarAxe,WEAP,ccBGSSSE025_WeapMaterialAmber,GlassSmithing,GetGlobalValue ccBGSSSE025_AmberCraftingUnlocked == 1.0
5,Daedric,5,Daedric,keyword ArmorMaterialDaedric,,b9d:[Kirax] Lost Ark Reborn Paladin Legendary.esp,RecipeArmorLoARPalLegendaryAltCloak,[Kirax] Lost Ark Reborn Paladin Legendary.esp,CraftingSmithingForge,LoARPalLegendaryAltCloak,ARMO,ArmorMaterialDaedric,DaedricSmithing,
5,Daedric,5,Daedric,keyword ArmorMaterialDaedric,,ba0:[Kirax] Lost Ark Reborn Paladin Legendary.esp,RecipeArmorLoARPalLegendaryAltHands,[Kirax] Lost Ark Reborn Paladin Legendary.esp,CraftingSmithingForge,LoARPalLegendaryAltHands,ARMO,ArmorMaterialDaedric,DaedricSmithing,
5,Daedric,5,Daedric,keyword ArmorMaterialDaedric,,b9e:[Kirax] Lost Ark Reborn Paladin Legendary.esp,RecipeArmorLoARPalLegendaryAltHelm,[Kirax] Lost Ark Reborn Paladin Legendary.esp,CraftingSmithingForge,LoARPalLegendaryAltHelm,ARMO,ArmorMaterialDaedric,DaedricSmithing,
5,Daedric,5,Daedric,keyword ArmorMaterialDaedric,,ba1:[Kirax] Lost Ark Reborn Paladin Legendary.esp,RecipeArmorLoARPalLegendaryAltMain,[Kirax] Lost Ark Reborn Paladin Legendary.esp,CraftingSmithingForge,LoARPalLegendaryAltMain,ARMO,ArmorMaterialDaedric,DaedricSmithing,
5,Daedric,5,Daedric,keyword WeapMaterialDaedric,,b9a:[Kirax] Lost Ark Reborn Paladin Legendary.esp,RecipeWeaponLoARPalLegendaryAltOhs,[Kirax] Lost Ark Reborn Paladin Legendary.esp,CraftingSmithingForge,LoARPalLegendaryAltOhs,WEAP,WeapMaterialDaedric,DaedricSmithing,
5,Daedric,5,Daedric,keyword ArmorMaterialDaedric,,b9f:[Kirax] Lost Ark Reborn Paladin Legendary.esp,RecipeArmorLoARPalLegendaryAltShoes,[Kirax] Lost Ark Reborn Paladin Legendary.esp,CraftingSmithingForge,LoARPalLegendaryAltShoes,ARMO,ArmorMaterialDaedric,DaedricSmithing,
5,Daedric,5,Daedric,keyword WeapMaterialDaedric,,b99:[Kirax] Lost Ark Reborn Paladin Legendary.esp,RecipeWeaponLoARPalLegendaryAltThs,[Kirax] Lost Ark Reborn Paladin Legendary.esp,CraftingSmithingForge,LoARPalLegendaryAltThs,WEAP,WeapMaterialDaedric,DaedricSmithing,
5,Daedric,5,Daedric,keyword ArmorMaterialDaedric,,ba2:[Kirax] Lost Ark Reborn Paladin Legendary.esp,RecipeArmorLoARPalLegendaryCloak,[Kirax] Lost Ark Reborn Paladin Legendary.esp,CraftingSmithingForge,LoARPalLegendaryCloak,ARMO,ArmorMaterialDaedric,DaedricSmithing,
5,Daedric,5,Daedric,keyword ArmorMaterialDaedric,,ba5:[Kirax] Lost Ark Reborn Paladin Legendary.esp,RecipeArmorLoARPalLegendaryHands,[Kirax] Lost Ark Reborn Paladin Legendary.esp,CraftingSmithingForge,LoARPalLegendaryHands,ARMO,ArmorMaterialDaedric,DaedricSmithing,
5,Daedric,5,Daedric,keyword ArmorMaterialDaedric,,ba3:[Kirax] Lost Ark Reborn Paladin Legendary.esp,RecipeArmorLoARPalLegendaryHelm,[Kirax] Lost Ark Reborn Paladin Legendary.esp,CraftingSmithingForge,LoARPalLegendaryHelm,ARMO,ArmorMaterialDaedric,DaedricSmithing,
5,Daedric,5,Daedric,keyword ArmorMaterialDaedric,,ba6:[Kirax] Lost Ark Reborn Paladin Legendary.esp,RecipeArmorLoARPalLegendaryMain,[Kirax] Lost Ark Reborn Paladin Legendary.esp,CraftingSmithingForge,LoARPalLegendaryMain,ARMO,ArmorMaterialDaedric,DaedricSmithing,
5,Daedric,5,Daedric,keyword WeapMaterialDaedric,,b9c:[Kirax] Lost Ark Reborn Paladin Legendary.esp,RecipeWeaponLoARPalLegendaryOhs,[Kirax] Lost Ark Reborn Paladin Legendary.esp,CraftingSmithingForge,LoARPalLegendaryOhs,WEAP,WeapMaterialDaedric,DaedricSmithing,
5,Daedric,5,Daedric,keyword ArmorMaterialDaedric,,ba4:[Kirax] Lost Ark Reborn Paladin Legendary.esp,RecipeArmorLoARPalLegendaryShoes,[Kirax] Lost Ark Reborn Paladin Legendary.esp,CraftingSmithingForge,LoARPalLegendaryShoes,ARMO,ArmorMaterialDaedric,DaedricSmithing,
5,Daedric,5,Daedric,keyword WeapMaterialDaedric,,b9b:[Kirax] Lost Ark Reborn Paladin Legendary.esp,RecipeWeaponLoARPalLegendaryThs,[Kirax] Lost Ark Reborn Paladin Legendary.esp,CraftingSmithingForge,LoARPalLegendaryThs,WEAP,WeapMaterialDaedric,DaedricSmithing,
5,Daedric,5,Daedric,keyword WeapMaterialDaedric,,601a8d:BSAssets.esm,BSKRecipe74wKatanaDaedric,BSAssets.esm,CraftingSmithingForge,BSK74wKatanaDaedric,WEAP,WeapMaterialDaedric,DaedricSmithing,#520 0 == 1.0
5,Daedric,5,Daedric,keyword WeapMaterialDaedric,,601a83:BSAssets.esm,BSKRecipe74wNodachiDaedric,BSAssets.esm,CraftingSmithingForge,BSK74wNodachiDaedric,WEAP,WeapMaterialDaedric,DaedricSmithing,#520 0 == 1.0
5,Daedric,5,Daedric,keyword WeapMaterialDaedric,,601a94:BSAssets.esm,BSKRecipe74wDaedricSword,BSAssets.esm,CraftingSmithingForge,BSK74wSwordDaedric,WEAP,WeapMaterialDaedric,DaedricSmithing,#520 0 == 1.0
5,Daedric,5,Daedric,keyword WeapMaterialDaedric,,601a6c:BSAssets.esm,BSKRecipe74wTantDaedric,BSAssets.esm,CraftingSmithingForge,BSK74wTantoDaedric,WEAP,WeapMaterialDaedric,DaedricSmithing,#520 0 == 1.0
5,Daedric,5,Daedric,keyword WeapMaterialDaedric,,601a69:BSAssets.esm,BSKRecipe74wWakiDaedric,BSAssets.esm,CraftingSmithingForge,BSK74wWakizashiDaedric,WEAP,WeapMaterialDaedric,DaedricSmithing,#520 0 == 1.0
5,Daedric,5,Daedric,perk DaedricSmithing,,895:ccBGSSSE025-AdvDSGS.esm,ccBGSSSE025_RecipeArmorDarkSeducerBoots,ccBGSSSE025-AdvDSGS.esm,CraftingSmithingForge,ccBGSSSE025_ArmorDarkSeducerBoots,ARMO,ccBGSSSE025_ArmorMaterialDark,DaedricSmithing,GetGlobalValue ccBGSSSE025_DarkSeducerCraftingUnlocked == 1.0
5,Daedric,5,Daedric,perk DaedricSmithing,,896:ccBGSSSE025-AdvDSGS.esm,ccBGSSSE025_RecipeArmorDarkSeducerCuirass,ccBGSSSE025-AdvDSGS.esm,CraftingSmithingForge,ccBGSSSE025_ArmorDarkSeducerCuirass,ARMO,ccBGSSSE025_ArmorMaterialDark,DaedricSmithing,GetGlobalValue ccBGSSSE025_DarkSeducerCraftingUnlocked == 1.0
5,Daedric,5,Daedric,perk DaedricSmithing,,897:ccBGSSSE025-AdvDSGS.esm,ccBGSSSE025_RecipeArmorDarkSeducerGauntlets,ccBGSSSE025-AdvDSGS.esm,CraftingSmithingForge,ccBGSSSE025_ArmorDarkSeducerGauntlets,ARMO,ccBGSSSE025_ArmorMaterialDark,DaedricSmithing,GetGlobalValue ccBGSSSE025_DarkSeducerCraftingUnlocked == 1.0
5,Daedric,5,Daedric,perk DaedricSmithing,,898:ccBGSSSE025-AdvDSGS.esm,ccBGSSSE025_RecipeArmorDarkSeducerHelmet,ccBGSSSE025-AdvDSGS.esm,CraftingSmithingForge,ccBGSSSE025_ArmorDarkSeducerHelmet,ARMO,ccBGSSSE025_ArmorMaterialDark,DaedricSmithing,GetGlobalValue ccBGSSSE025_DarkSeducerCraftingUnlocked == 1.0
5,Daedric,5,Daedric,perk DaedricSmithing,,899:ccBGSSSE025-AdvDSGS.esm,ccBGSSSE025_RecipeArmorDarkSeducerShield,ccBGSSSE025-AdvDSGS.esm,CraftingSmithingForge,ccBGSSSE025_ArmorDarkSeducerShield,ARMO,ccBGSSSE025_ArmorMaterialDark,DaedricSmithing,GetGlobalValue ccBGSSSE025_DarkSeducerCraftingUnlocked == 1.0
5,Daedric,5,Daedric,perk DaedricSmithing,,890:ccBGSSSE025-AdvDSGS.esm,ccBGSSSE025_RecipeArmorGoldenSaintBoots,ccBGSSSE025-AdvDSGS.esm,CraftingSmithingForge,ccBGSSSE025_ArmorGoldenSaintBoots,ARMO,ccBGSSSE025_ArmorMaterialGolden,DaedricSmithing,GetGlobalValue ccBGSSSE025_GoldenSaintCraftingUnlocked == 1.0
5,Daedric,5,Daedric,perk DaedricSmithing,,891:ccBGSSSE025-AdvDSGS.esm,ccBGSSSE025_RecipeArmorGoldenSaintCuirass,ccBGSSSE025-AdvDSGS.esm,CraftingSmithingForge,ccBGSSSE025_ArmorGoldenSaintCuirass,ARMO,ccBGSSSE025_ArmorMaterialGolden,DaedricSmithing,GetGlobalValue ccBGSSSE025_GoldenSaintCraftingUnlocked == 1.0
5,Daedric,5,Daedric,perk DaedricSmithing,,892:ccBGSSSE025-AdvDSGS.esm,ccBGSSSE025_RecipeArmorGoldenSaintGauntlets,ccBGSSSE025-AdvDSGS.esm,CraftingSmithingForge,ccBGSSSE025_ArmorGoldenSaintGauntlets,ARMO,ccBGSSSE025_ArmorMaterialGolden,DaedricSmithing,GetGlobalValue ccBGSSSE025_GoldenSaintCraftingUnlocked == 1.0
5,Daedric,5,Daedric,perk DaedricSmithing,,893:ccBGSSSE025-AdvDSGS.esm,ccBGSSSE025_RecipeArmorGoldenSaintHelmet,ccBGSSSE025-AdvDSGS.esm,CraftingSmithingForge,ccBGSSSE025_ArmorGoldenSaintHelmet,ARMO,ccBGSSSE025_ArmorMaterialGolden,DaedricSmithing,GetGlobalValue ccBGSSSE025_GoldenSaintCraftingUnlocked == 1.0
5,Daedric,5,Daedric,perk DaedricSmithing,,894:ccBGSSSE025-AdvDSGS.esm,ccBGSSSE025_RecipeArmorGoldenSaintShield,ccBGSSSE025-AdvDSGS.esm,CraftingSmithingForge,ccBGSSSE025_ArmorGoldenSaintShield,ARMO,ccBGSSSE025_ArmorMaterialGolden,DaedricSmithing,GetGlobalValue ccBGSSSE025_GoldenSaintCraftingUnlocked == 1.0
5,ShiveringIsles,5,ShiveringIsles,keyword ccBGSSSE025_ArmorMaterialMadness,,c09:ccBGSSSE025-AdvDSGS.esm,ccBGSSSE025_RecipeArmorMadnessBoots,ccBGSSSE025-AdvDSGS.esm,CraftingSmithingForge,ccBGSSSE025_ArmorMadnessBoots,ARMO,ccBGSSSE025_ArmorMaterialMadness,EbonySmithing,GetGlobalValue ccBGSSSE025_MadnessCraftingUnlocked == 1.0
5,ShiveringIsles,5,ShiveringIsles,keyword ccBGSSSE025_ArmorMaterialMadness,,c0a:ccBGSSSE025-AdvDSGS.esm,ccBGSSSE025_RecipeArmorMadnessCuirass,ccBGSSSE025-AdvDSGS.esm,CraftingSmithingForge,ccBGSSSE025_ArmorMadnessCuirass,ARMO,ccBGSSSE025_ArmorMaterialMadness,EbonySmithing,GetGlobalValue ccBGSSSE025_MadnessCraftingUnlocked == 1.0
5,ShiveringIsles,5,ShiveringIsles,keyword ccBGSSSE025_ArmorMaterialMadness,,c0b:ccBGSSSE025-AdvDSGS.esm,ccBGSSSE025_RecipeArmorMadnessGauntlets,ccBGSSSE025-AdvDSGS.esm,CraftingSmithingForge,ccBGSSSE025_ArmorMadnessGauntlets,ARMO,ccBGSSSE025_ArmorMaterialMadness,EbonySmithing,GetGlobalValue ccBGSSSE025_MadnessCraftingUnlocked == 1.0
5,ShiveringIsles,5,ShiveringIsles,keyword ccBGSSSE025_ArmorMaterialMadness,,c0c:ccBGSSSE025-AdvDSGS.esm,ccBGSSSE025_RecipeArmorMadnessHelmet,ccBGSSSE025-AdvDSGS.esm,CraftingSmithingForge,ccBGSSSE025_ArmorMadnessHelmet,ARMO,ccBGSSSE025_ArmorMaterialMadness,EbonySmithing,GetGlobalValue ccBGSSSE025_MadnessCraftingUnlocked == 1.0
5,ShiveringIsles,5,ShiveringIsles,keyword ccBGSSSE025_ArmorMaterialMadness,,c0d:ccBGSSSE025-AdvDSGS.esm,ccBGSSSE025_RecipeArmorMadnessShield,ccBGSSSE025-AdvDSGS.esm,CraftingSmithingForge,ccBGSSSE025_ArmorMadnessShield,ARMO,ccBGSSSE025_ArmorMaterialMadness,EbonySmithing,GetGlobalValue ccBGSSSE025_MadnessCraftingUnlocked == 1.0
5,Daedric,5,Daedric,perk DaedricSmithing,,8ae:ccBGSSSE025-AdvDSGS.esm,ccBGSSSE025_RecipeAmmoDarkSeducerArrow,ccBGSSSE025-AdvDSGS.esm,CraftingSmithingForge,ccBGSSSE025_DarkSeducerArrow,AMMO,ccBGSSSE025_WeapMaterialDark,DaedricSmithing,GetGlobalValue ccBGSSSE025_DarkSeducerCraftingUnlocked == 1.0
5,Daedric,5,Daedric,perk DaedricSmithing,,8b0:ccBGSSSE025-AdvDSGS.esm,ccBGSSSE025_RecipeWeaponDarkSeducerBattleAxe,ccBGSSSE025-AdvDSGS.esm,CraftingSmithingForge,ccBGSSSE025_DarkSeducerBattleaxe,WEAP,ccBGSSSE025_WeapMaterialDark,DaedricSmithing,GetGlobalValue ccBGSSSE025_DarkSeducerCraftingUnlocked == 1.0
5,Daedric,5,Daedric,perk DaedricSmithing,,8b1:ccBGSSSE025-AdvDSGS.esm,ccBGSSSE025_RecipeWeaponDarkSeducerBow,ccBGSSSE025-AdvDSGS.esm,CraftingSmithingForge,ccBGSSSE025_DarkSeducerBow,WEAP,ccBGSSSE025_WeapMaterialDark,DaedricSmithing,GetGlobalValue ccBGSSSE025_DarkSeducerCraftingUnlocked == 1.0
5,Daedric,5,Daedric,perk DaedricSmithing,,8b2:ccBGSSSE025-AdvDSGS.esm,ccBGSSSE025_RecipeWeaponDarkSeducerDagger,ccBGSSSE025-AdvDSGS.esm,CraftingSmithingForge,ccBGSSSE025_DarkSeducerDagger,WEAP,ccBGSSSE025_WeapMaterialDark,DaedricSmithing,GetGlobalValue ccBGSSSE025_DarkSeducerCraftingUnlocked == 1.0
5,Daedric,5,Daedric,perk DaedricSmithing,,8b3:ccBGSSSE025-AdvDSGS.esm,ccBGSSSE025_RecipeWeaponDarkSeducerGreatsword,ccBGSSSE025-AdvDSGS.esm,CraftingSmithingForge,ccBGSSSE025_DarkSeducerGreatsword,WEAP,ccBGSSSE025_WeapMaterialDark,DaedricSmithing,GetGlobalValue ccBGSSSE025_DarkSeducerCraftingUnlocked == 1.0
5,Daedric,5,Daedric,perk DaedricSmithing,,8b4:ccBGSSSE025-AdvDSGS.esm,ccBGSSSE025_RecipeWeaponDarkSeducerMace,ccBGSSSE025-AdvDSGS.esm,CraftingSmithingForge,ccBGSSSE025_DarkSeducerMace,WEAP,ccBGSSSE025_WeapMaterialDark,DaedricSmithing,GetGlobalValue ccBGSSSE025_DarkSeducerCraftingUnlocked == 1.0
5,Daedric,5,Daedric,perk DaedricSmithing,,88a:ccBGSSSE025-AdvDSGS.esm,ccBGSSSE025_RecipeWeaponDarkSeducerSword,ccBGSSSE025-AdvDSGS.esm,CraftingSmithingForge,ccBGSSSE025_DarkSeducerSword,WEAP,ccBGSSSE025_WeapMaterialDark,DaedricSmithing,GetGlobalValue ccBGSSSE025_DarkSeducerCraftingUnlocked == 1.0
5,Daedric,5,Daedric,perk DaedricSmithing,,88b:ccBGSSSE025-AdvDSGS.esm,ccBGSSSE025_RecipeWeaponDarkSeducerWarAxe,ccBGSSSE025-AdvDSGS.esm,CraftingSmithingForge,ccBGSSSE025_DarkSeducerWarAxe,WEAP,ccBGSSSE025_WeapMaterialDark,DaedricSmithing,GetGlobalValue ccBGSSSE025_DarkSeducerCraftingUnlocked == 1.0
5,Daedric,5,Daedric,perk DaedricSmithing,,88c:ccBGSSSE025-AdvDSGS.esm,ccBGSSSE025_RecipeWeaponDarkSeducerWarhammer,ccBGSSSE025-AdvDSGS.esm,CraftingSmithingForge,ccBGSSSE025_DarkSeducerWarhammer,WEAP,ccBGSSSE025_WeapMaterialDark,DaedricSmithing,GetGlobalValue ccBGSSSE025_DarkSeducerCraftingUnlocked == 1.0
5,Daedric,5,Daedric,perk DaedricSmithing,,8af:ccBGSSSE025-AdvDSGS.esm,ccBGSSSE025_RecipeAmmoGoldenSaintArrow,ccBGSSSE025-AdvDSGS.esm,CraftingSmithingForge,ccBGSSSE025_GoldenSaintArrow,AMMO,ccBGSSSE025_WeapMaterialGolden,DaedricSmithing,GetGlobalValue ccBGSSSE025_GoldenSaintCraftingUnlocked == 1.0
5,Daedric,5,Daedric,perk DaedricSmithing,,8a6:ccBGSSSE025-AdvDSGS.esm,ccBGSSSE025_RecipeWeaponGoldenSaintBattleAxe,ccBGSSSE025-AdvDSGS.esm,CraftingSmithingForge,ccBGSSSE025_GoldenSaintBattleaxe,WEAP,ccBGSSSE025_WeapMaterialGolden,DaedricSmithing,GetGlobalValue ccBGSSSE025_GoldenSaintCraftingUnlocked == 1.0
5,Daedric,5,Daedric,perk DaedricSmithing,,8a7:ccBGSSSE025-AdvDSGS.esm,ccBGSSSE025_RecipeWeaponGoldenSaintBow,ccBGSSSE025-AdvDSGS.esm,CraftingSmithingForge,ccBGSSSE025_GoldenSaintBow,WEAP,ccBGSSSE025_WeapMaterialGolden,DaedricSmithing,GetGlobalValue ccBGSSSE025_GoldenSaintCraftingUnlocked == 1.0
5,Daedric,5,Daedric,perk DaedricSmithing,,8a8:ccBGSSSE025-AdvDSGS.esm,ccBGSSSE025_RecipeWeaponGoldenSaintDagger,ccBGSSSE025-AdvDSGS.esm,CraftingSmithingForge,ccBGSSSE025_GoldenSaintDagger,WEAP,ccBGSSSE025_WeapMaterialGolden,DaedricSmithing,GetGlobalValue ccBGSSSE025_GoldenSaintCraftingUnlocked == 1.0
5,Daedric,5,Daedric,perk DaedricSmithing,,8a9:ccBGSSSE025-AdvDSGS.esm,ccBGSSSE025_RecipeWeaponGoldenSaintGreatsword,ccBGSSSE025-AdvDSGS.esm,CraftingSmithingForge,ccBGSSSE025_GoldenSaintGreatsword,WEAP,ccBGSSSE025_WeapMaterialGolden,DaedricSmithing,GetGlobalValue ccBGSSSE025_GoldenSaintCraftingUnlocked == 1.0
5,Daedric,5,Daedric,perk DaedricSmithing,,8ad:ccBGSSSE025-AdvDSGS.esm,ccBGSSSE025_RecipeWeaponGoldenSaintMace,ccBGSSSE025-AdvDSGS.esm,CraftingSmithingForge,ccBGSSSE025_GoldenSaintMace,WEAP,ccBGSSSE025_WeapMaterialGolden,DaedricSmithing,GetGlobalValue ccBGSSSE025_GoldenSaintCraftingUnlocked == 1.0
5,Daedric,5,Daedric,perk DaedricSmithing,,8aa:ccBGSSSE025-AdvDSGS.esm,ccBGSSSE025_RecipeWeaponGoldenSaintSword,ccBGSSSE025-AdvDSGS.esm,CraftingSmithingForge,ccBGSSSE025_GoldenSaintSword,WEAP,ccBGSSSE025_WeapMaterialGolden,DaedricSmithing,GetGlobalValue ccBGSSSE025_GoldenSaintCraftingUnlocked == 1.0
5,Daedric,5,Daedric,perk DaedricSmithing,,8ab:ccBGSSSE025-AdvDSGS.esm,ccBGSSSE025_RecipeWeaponGoldenSaintWarAxe,ccBGSSSE025-AdvDSGS.esm,CraftingSmithingForge,ccBGSSSE025_GoldenSaintWarAxe,WEAP,ccBGSSSE025_WeapMaterialGolden,DaedricSmithing,GetGlobalValue ccBGSSSE025_GoldenSaintCraftingUnlocked == 1.0
5,Daedric,5,Daedric,perk DaedricSmithing,,8ac:ccBGSSSE025-AdvDSGS.esm,ccBGSSSE025_RecipeWeaponGoldenSaintWarhammer,ccBGSSSE025-AdvDSGS.esm,CraftingSmithingForge,ccBGSSSE025_GoldenSaintWarhammer,WEAP,ccBGSSSE025_WeapMaterialGolden,DaedricSmithing,GetGlobalValue ccBGSSSE025_GoldenSaintCraftingUnlocked == 1.0
5,ShiveringIsles,5,ShiveringIsles,keyword ccBGSSSE025_WeapMaterialMadness,,c01:ccBGSSSE025-AdvDSGS.esm,ccBGSSSE025_RecipeAmmoMadnessArrow,ccBGSSSE025-AdvDSGS.esm,CraftingSmithingForge,ccBGSSSE025_MadnessArrow,AMMO,ccBGSSSE025_WeapMaterialMadness,EbonySmithing,GetGlobalValue ccBGSSSE025_MadnessCraftingUnlocked == 1.0
5,ShiveringIsles,5,ShiveringIsles,keyword ccBGSSSE025_WeapMaterialMadness,,c16:ccBGSSSE025-AdvDSGS.esm,ccBGSSSE025_RecipeWeaponMadnessBattleAxe,ccBGSSSE025-AdvDSGS.esm,CraftingSmithingForge,ccBGSSSE025_MadnessBattleaxe,WEAP,ccBGSSSE025_WeapMaterialMadness,EbonySmithing,GetGlobalValue ccBGSSSE025_MadnessCraftingUnlocked == 1.0
5,ShiveringIsles,5,ShiveringIsles,keyword ccBGSSSE025_WeapMaterialMadness,,c17:ccBGSSSE025-AdvDSGS.esm,ccBGSSSE025_RecipeWeaponMadnessBow,ccBGSSSE025-AdvDSGS.esm,CraftingSmithingForge,ccBGSSSE025_MadnessBow,WEAP,ccBGSSSE025_WeapMaterialMadness,EbonySmithing,GetGlobalValue ccBGSSSE025_MadnessCraftingUnlocked == 1.0
5,ShiveringIsles,5,ShiveringIsles,keyword ccBGSSSE025_WeapMaterialMadness,,c18:ccBGSSSE025-AdvDSGS.esm,ccBGSSSE025_RecipeWeaponMadnessDagger,ccBGSSSE025-AdvDSGS.esm,CraftingSmithingForge,ccBGSSSE025_MadnessDagger,WEAP,ccBGSSSE025_WeapMaterialMadness,EbonySmithing,GetGlobalValue ccBGSSSE025_MadnessCraftingUnlocked == 1.0
5,ShiveringIsles,5,ShiveringIsles,keyword ccBGSSSE025_WeapMaterialMadness,,c19:ccBGSSSE025-AdvDSGS.esm,ccBGSSSE025_RecipeWeaponMadnessGreatsword,ccBGSSSE025-AdvDSGS.esm,CraftingSmithingForge,ccBGSSSE025_MadnessGreatsword,WEAP,ccBGSSSE025_WeapMaterialMadness,EbonySmithing,GetGlobalValue ccBGSSSE025_MadnessCraftingUnlocked == 1.0
5,ShiveringIsles,5,ShiveringIsles,keyword ccBGSSSE025_WeapMaterialMadness,,c1a:ccBGSSSE025-AdvDSGS.esm,ccBGSSSE025_RecipeWeaponMadnessMace,ccBGSSSE025-AdvDSGS.esm,CraftingSmithingForge,ccBGSSSE025_MadnessMace,WEAP,ccBGSSSE025_WeapMaterialMadness,EbonySmithing,GetGlobalValue ccBGSSSE025_MadnessCraftingUnlocked == 1.0
5,ShiveringIsles,5,ShiveringIsles,keyword ccBGSSSE025_WeapMaterialMadness,,c1b:ccBGSSSE025-AdvDSGS.esm,ccBGSSSE025_RecipeWeaponMadnessSword,ccBGSSSE025-AdvDSGS.esm,CraftingSmithingForge,ccBGSSSE025_MadnessSword,WEAP,ccBGSSSE025_WeapMaterialMadness,EbonySmithing,GetGlobalValue ccBGSSSE025_MadnessCraftingUnlocked == 1.0
5,ShiveringIsles,5,ShiveringIsles,keyword ccBGSSSE025_WeapMaterialMadness,,c1c:ccBGSSSE025-AdvDSGS.esm,ccBGSSSE025_RecipeWeaponMadnessWarAxe,ccBGSSSE025-AdvDSGS.esm,CraftingSmithingForge,ccBGSSSE025_MadnessWarAxe,WEAP,ccBGSSSE025_WeapMaterialMadness,EbonySmithing,GetGlobalValue ccBGSSSE025_MadnessCraftingUnlocked == 1.0
5,ShiveringIsles,5,ShiveringIsles,keyword ccBGSSSE025_WeapMaterialMadness,,c1d:ccBGSSSE025-AdvDSGS.esm,ccBGSSSE025_RecipeWeaponMadnessWarhammer,ccBGSSSE025-AdvDSGS.esm,CraftingSmithingForge,ccBGSSSE025_MadnessWarhammer,WEAP,ccBGSSSE025_WeapMaterialMadness,EbonySmithing,GetGlobalValue ccBGSSSE025_MadnessCraftingUnlocked == 1.0
5,Dragon,5,Dragon,keyword DLC1WeapMaterialDragonbone,,6928:Dawnguard.esm,DLC1RecipeArrowDragonbone,Dawnguard.esm,CraftingSmithingForge,DLC1DragonboneArrow,AMMO,DLC1WeapMaterialDragonbone,DragonArmor,
5,Dragon,5,Dragon,keyword DLC1WeapMaterialDragonbone,,19823:Dawnguard.esm,DLC1RecipeWeaponDragonboneBattleaxe,Dawnguard.esm,CraftingSmithingForge,DLC1DragonboneBattleaxe,WEAP,DLC1WeapMaterialDragonbone,DragonArmor,
5,Dragon,5,Dragon,keyword DLC1WeapMaterialDragonbone,,19824:Dawnguard.esm,DLC1RecipeWeaponDragonboneBow,Dawnguard.esm,CraftingSmithingForge,DLC1DragonboneBow,WEAP,DLC1WeapMaterialDragonbone,DragonArmor,
5,Dragon,5,Dragon,keyword DLC1WeapMaterialDragonbone,,19825:Dawnguard.esm,DLC1RecipeWeaponDragonboneDagger,Dawnguard.esm,CraftingSmithingForge,DLC1DragonboneDagger,WEAP,DLC1WeapMaterialDragonbone,DragonArmor,
5,Dragon,5,Dragon,keyword DLC1WeapMaterialDragonbone,,19826:Dawnguard.esm,DLC1RecipeWeaponDragonboneGreatsword,Dawnguard.esm,CraftingSmithingForge,DLC1DragonboneGreatsword,WEAP,DLC1WeapMaterialDragonbone,DragonArmor,
5,Dragon,5,Dragon,keyword DLC1WeapMaterialDragonbone,,19827:Dawnguard.esm,DLC1RecipeWeaponDragonboneMace,Dawnguard.esm,CraftingSmithingForge,DLC1DragonboneMace,WEAP,DLC1WeapMaterialDragonbone,DragonArmor,
5,Dragon,5,Dragon,keyword DLC1WeapMaterialDragonbone,,19828:Dawnguard.esm,DLC1RecipeWeaponDragonboneSword,Dawnguard.esm,CraftingSmithingForge,DLC1DragonboneSword,WEAP,DLC1WeapMaterialDragonbone,DragonArmor,
5,Dragon,5,Dragon,keyword DLC1WeapMaterialDragonbone,,19829:Dawnguard.esm,DLC1RecipeWeaponDragonboneWarAxe,Dawnguard.esm,CraftingSmithingForge,DLC1DragonboneWarAxe,WEAP,DLC1WeapMaterialDragonbone,DragonArmor,
5,Dragon,5,Dragon,keyword DLC1WeapMaterialDragonbone,,1982a:Dawnguard.esm,DLC1RecipeWeaponDragonboneWarhammer,Dawnguard.esm,CraftingSmithingForge,DLC1DragonboneWarhammer,WEAP,DLC1WeapMaterialDragonbone,DragonArmor,
5,Daedric,5,Daedric,keyword WeapMaterialDaedric,,3987:Dawnguard.esm,DLC1RecipeArrowDaedric,Dawnguard.esm,CraftingSmithingForge,DaedricArrow,AMMO,WeapMaterialDaedric,DaedricSmithing,
5,Dragon,5,Dragon,keyword IAKMaterialDragonPlate,,2328d:Hothtrooper44_ArmorCompilation.esp,IARAlduinBoots,DragonBreak Nexus Patches.esp,CraftingSmithingForge,IAAlduinBoots,ARMO,IAKMaterialDragonPlate,DaedricSmithing+DragonArmor+EbonySmithing,GetGlobalValue CCO_CategoryDragon == 1.0; GetGlobalValue IAGNoQuestCrafting == 1.0; GetQuestCompleted MQ305 == 1.0; GetGlobalValue IACTAlduinScale == 1.0; GetGlobalValue CCO_ArmorBootRecipes == 1.0; GetGlobalValue CCO_ArmorHeavyRecipes == 1.0; GetGlobalValue CCO_MODImmersiveArmors == 1.0
5,Dragon,5,Dragon,keyword IAKMaterialDragonPlate,,2328e:Hothtrooper44_ArmorCompilation.esp,IARAlduinCuirass,DragonBreak Nexus Patches.esp,CraftingSmithingForge,IAAlduinCuirass,ARMO,IAKMaterialDragonPlate,DaedricSmithing+DragonArmor+EbonySmithing,GetGlobalValue CCO_CategoryDragon == 1.0; GetGlobalValue IAGNoQuestCrafting == 1.0; GetQuestCompleted MQ305 == 1.0; GetGlobalValue IACTAlduinScale == 1.0; GetGlobalValue CCO_ArmorCuirassRecipes == 1.0; GetGlobalValue CCO_ArmorHeavyRecipes == 1.0; GetGlobalValue CCO_MODImmersiveArmors == 1.0
5,Dragon,5,Dragon,keyword IAKMaterialDragonPlate,,2328f:Hothtrooper44_ArmorCompilation.esp,IARAlduinGauntlet,DragonBreak Nexus Patches.esp,CraftingSmithingForge,IAAlduinGauntlets,ARMO,IAKMaterialDragonPlate,DaedricSmithing+DragonArmor+EbonySmithing,GetGlobalValue CCO_CategoryDragon == 1.0; GetGlobalValue IAGNoQuestCrafting == 1.0; GetQuestCompleted MQ305 == 1.0; GetGlobalValue IACTAlduinScale == 1.0; GetGlobalValue CCO_ArmorGauntletRecipes == 1.0; GetGlobalValue CCO_ArmorHeavyRecipes == 1.0; GetGlobalValue CCO_MODImmersiveArmors == 1.0
5,Dragon,5,Dragon,keyword IAKMaterialDragonPlate,,23290:Hothtrooper44_ArmorCompilation.esp,IARAlduinHelmet,DragonBreak Nexus Patches.esp,CraftingSmithingForge,IAAlduinHelmet,ARMO,IAKMaterialDragonPlate,DaedricSmithing+DragonArmor+EbonySmithing,GetGlobalValue CCO_CategoryDragon == 1.0; GetGlobalValue IAGNoQuestCrafting == 1.0; GetQuestCompleted MQ305 == 1.0; GetGlobalValue IACTAlduinScale == 1.0; GetGlobalValue CCO_ArmorHelmetRecipes == 1.0; GetGlobalValue CCO_ArmorHeavyRecipes == 1.0; GetGlobalValue CCO_MODImmersiveArmors == 1.0
5,Dragon,5,Dragon,keyword IAKMaterialDragonPlate,,23910:Hothtrooper44_ArmorCompilation.esp,IARBosmerHuntHeavyBoots,DragonBreak Nexus Patches.esp,CraftingSmithingForge,IABosmerHuntHeavyBoots,ARMO,IAKMaterialDragonPlate,OrcishSmithing,GetGlobalValue CCO_CategoryElven == 1.0; GetGlobalValue IACTBosmerHuntHeavy == 1.0; GetGlobalValue CCO_ArmorBootRecipes == 1.0; GetGlobalValue CCO_ArmorHeavyRecipes == 1.0; GetGlobalValue CCO_MODImmersiveArmors == 1.0
5,Dragon,5,Dragon,keyword IAKMaterialDragonPlate,,23912:Hothtrooper44_ArmorCompilation.esp,IARBosmerHuntHeavyCuirass,DragonBreak Nexus Patches.esp,CraftingSmithingForge,IABosmerHuntHeavyCuirass,ARMO,IAKMaterialDragonPlate,EbonySmithing,GetGlobalValue CCO_CategoryElven == 1.0; GetGlobalValue IACTBosmerHuntHeavy == 1.0; GetGlobalValue CCO_ArmorCuirassRecipes == 1.0; GetGlobalValue CCO_ArmorHeavyRecipes == 1.0; GetGlobalValue CCO_MODImmersiveArmors == 1.0
5,Dragon,5,Dragon,keyword IAKMaterialDragonPlate,,23913:Hothtrooper44_ArmorCompilation.esp,IARBosmerHuntHeavyGauntlets,DragonBreak Nexus Patches.esp,CraftingSmithingForge,IABosmerHuntHeavyGauntlets,ARMO,IAKMaterialDragonPlate,OrcishSmithing,GetGlobalValue CCO_CategoryElven == 1.0; GetGlobalValue IACTBosmerHuntHeavy == 1.0; GetGlobalValue CCO_ArmorGauntletRecipes == 1.0; GetGlobalValue CCO_ArmorHeavyRecipes == 1.0; GetGlobalValue CCO_MODImmersiveArmors == 1.0
5,Dragon,5,Dragon,keyword IAKMaterialDragonPlate,,23911:Hothtrooper44_ArmorCompilation.esp,IARBosmerHuntHeavyHelmet,DragonBreak Nexus Patches.esp,CraftingSmithingForge,IABosmerHuntHeavyHelmet,ARMO,IAKMaterialDragonPlate,ElvenSmithing,GetGlobalValue CCO_CategoryElven == 1.0; GetGlobalValue IACTBosmerHuntHeavy == 1.0; GetGlobalValue CCO_ArmorHelmetRecipes == 1.0; GetGlobalValue CCO_ArmorHeavyRecipes == 1.0; GetGlobalValue CCO_MODImmersiveArmors == 1.0
5,Dragon,5,Dragon,keyword IAKMaterialDragonScale,,23914:Hothtrooper44_ArmorCompilation.esp,IARBosmerHuntLightBoots,DragonBreak Nexus Patches.esp,CraftingSmithingForge,IABosmerHuntLightBoots,ARMO,IAKMaterialDragonScale,OrcishSmithing,GetGlobalValue CCO_CategoryElven == 1.0; GetGlobalValue IACTBosmerHuntLight == 1.0; GetGlobalValue CCO_ArmorBootRecipes == 1.0; GetGlobalValue CCO_ArmorLightRecipes == 1.0; GetGlobalValue CCO_MODImmersiveArmors == 1.0
5,Dragon,5,Dragon,keyword IAKMaterialDragonScale,,23915:Hothtrooper44_ArmorCompilation.esp,IARBosmerHuntLightCuirass,DragonBreak Nexus Patches.esp,CraftingSmithingForge,IABosmerHuntLightCuirass,ARMO,IAKMaterialDragonScale,EbonySmithing,GetGlobalValue CCO_CategoryElven == 1.0; GetGlobalValue IACTBosmerHuntLight == 1.0; GetGlobalValue CCO_ArmorCuirassRecipes == 1.0; GetGlobalValue CCO_ArmorLightRecipes == 1.0; GetGlobalValue CCO_MODImmersiveArmors == 1.0
5,Dragon,5,Dragon,keyword IAKMaterialDragonScale,,23916:Hothtrooper44_ArmorCompilation.esp,IARBosmerHuntLightGauntlets,DragonBreak Nexus Patches.esp,CraftingSmithingForge,IABosmerHuntLightGauntlets,ARMO,IAKMaterialDragonScale,OrcishSmithing,GetGlobalValue CCO_CategoryElven == 1.0; GetGlobalValue IACTBosmerHuntLight == 1.0; GetGlobalValue CCO_ArmorGauntletRecipes == 1.0; GetGlobalValue CCO_ArmorLightRecipes == 1.0; GetGlobalValue CCO_MODImmersiveArmors == 1.0
5,Dragon,5,Dragon,keyword IAKMaterialDragonScale,,23917:Hothtrooper44_ArmorCompilation.esp,IARBosmerHuntLightHood,DragonBreak Nexus Patches.esp,CraftingSmithingForge,IABosmerHuntLightHood,ARMO,IAKMaterialDragonScale,OrcishSmithing,GetGlobalValue CCO_CategoryElven == 1.0; GetGlobalValue IACTBosmerHuntLight == 1.0; GetGlobalValue CCO_ArmorHelmetRecipes == 1.0; GetGlobalValue CCO_ArmorLightRecipes == 1.0; GetGlobalValue CCO_MODImmersiveArmors == 1.0
5,Daedric,5,Daedric,keyword IAKMaterialDaedric,,21470:Hothtrooper44_ArmorCompilation.esp,IARBucklerDaedric,DragonBreak Nexus Patches.esp,CraftingSmithingForge,IABucklerDaedric,ARMO,IAKMaterialDaedric,EbonySmithing,GetGlobalValue CCO_CategoryDaedric == 1.0; GetGlobalValue IACTBucklers == 1.0; GetGlobalValue CCO_ArmorShieldRecipes == 1.0; GetGlobalValue CCO_ArmorLightRecipes == 1.0; GetGlobalValue CCO_MODImmersiveArmors == 1.0; GetGlobalValue CCO_OptionCraftDaedricOnlyAtNight == 0.0; #18 0 <= 6.0; #18 0 >= 21.0
5,Dragon,5,Dragon,keyword IAKMaterialDragonScale,,21471:Hothtrooper44_ArmorCompilation.esp,IARBucklerDragonhide,DragonBreak Nexus Patches.esp,CraftingSmithingForge,IABucklerDragonhide,ARMO,IAKMaterialDragonScale,EbonySmithing,GetGlobalValue CCO_CategoryDragon == 1.0; GetGlobalValue IACTBucklers == 1.0; GetGlobalValue CCO_ArmorShieldRecipes == 1.0; GetGlobalValue CCO_ArmorLightRecipes == 1.0; GetGlobalValue CCO_MODImmersiveArmors == 1.0
5,Daedric,5,Daedric,keyword IAKMaterialDaedric,,2393d:Hothtrooper44_ArmorCompilation.esp,IARDaedricLordBoots,DragonBreak Nexus Patches.esp,CraftingSmithingForge,IADaedricLordBoots,ARMO,IAKMaterialDaedric,DaedricSmithing+EbonySmithing,GetGlobalValue CCO_CategoryDaedric == 1.0; GetGlobalValue IACTDaedricLord == 1.0; GetGlobalValue CCO_ArmorBootRecipes == 1.0; GetGlobalValue CCO_ArmorHeavyRecipes == 1.0; GetGlobalValue CCO_MODImmersiveArmors == 1.0; GetGlobalValue CCO_OptionCraftDaedricOnlyAtNight == 0.0; #18 0 <= 6.0; #18 0 >= 21.0
5,Daedric,5,Daedric,keyword IAKMaterialDaedric,,2393e:Hothtrooper44_ArmorCompilation.esp,IARDaedricLordCuirass,DragonBreak Nexus Patches.esp,CraftingSmithingForge,IADaedricLordCuirass,ARMO,IAKMaterialDaedric,DaedricSmithing+EbonySmithing,GetGlobalValue CCO_CategoryDaedric == 1.0; GetGlobalValue IACTDaedricLord == 1.0; GetGlobalValue CCO_ArmorCuirassRecipes == 1.0; GetGlobalValue CCO_ArmorHeavyRecipes == 1.0; GetGlobalValue CCO_MODImmersiveArmors == 1.0; GetGlobalValue CCO_OptionCraftDaedricOnlyAtNight == 0.0; #18 0 <= 6.0; #18 0 >= 21.0
5,Daedric,5,Daedric,keyword IAKMaterialDaedric,,2393f:Hothtrooper44_ArmorCompilation.esp,IARDaedricLordGauntlets,DragonBreak Nexus Patches.esp,CraftingSmithingForge,IADaedricLordGauntlets,ARMO,IAKMaterialDaedric,DaedricSmithing+EbonySmithing,GetGlobalValue CCO_CategoryDaedric == 1.0; GetGlobalValue IACTDaedricLord == 1.0; GetGlobalValue CCO_ArmorGauntletRecipes == 1.0; GetGlobalValue CCO_ArmorHeavyRecipes == 1.0; GetGlobalValue CCO_MODImmersiveArmors == 1.0; GetGlobalValue CCO_OptionCraftDaedricOnlyAtNight == 0.0; #18 0 <= 6.0; #18 0 >= 21.0
5,Dragon,5,Dragon,keyword IAKMaterialDragonPlate,,21ff5:Hothtrooper44_ArmorCompilation.esp,IARDragonEbonBulkyBoots,DragonBreak Nexus Patches.esp,CraftingSmithingForge,IADragonEbonBulkyBoots,ARMO,IAKMaterialDragonPlate,EbonySmithing,GetGlobalValue CCO_CategoryDragon == 1.0; GetGlobalValue IACTDragonEbon == 1.0; GetGlobalValue IAWTDragonEbon == 0.0; GetGlobalValue CCO_ArmorBootRecipes == 1.0; GetGlobalValue CCO_ArmorHeavyRecipes == 1.0; GetGlobalValue CCO_MODImmersiveArmors == 1.0
5,Dragon,5,Dragon,keyword IAKMaterialDragonPlate,,21ff7:Hothtrooper44_ArmorCompilation.esp,IARDragonEbonBulkyCuirass,DragonBreak Nexus Patches.esp,CraftingSmithingForge,IADragonEbonBulkyCuirass,ARMO,IAKMaterialDragonPlate,EbonySmithing,GetGlobalValue CCO_CategoryDragon == 1.0; GetGlobalValue IACTDragonEbon == 1.0; GetGlobalValue IAWTDragonEbon == 0.0; GetGlobalValue CCO_ArmorCuirassRecipes == 1.0; GetGlobalValue CCO_ArmorHeavyRecipes == 1.0; GetGlobalValue CCO_MODImmersiveArmors == 1.0
5,Dragon,5,Dragon,keyword IAKMaterialDragonPlate,,21ff9:Hothtrooper44_ArmorCompilation.esp,IARDragonEbonBulkyGauntlets,DragonBreak Nexus Patches.esp,CraftingSmithingForge,IADragonEbonBulkyGauntlets,ARMO,IAKMaterialDragonPlate,EbonySmithing,GetGlobalValue CCO_CategoryDragon == 1.0; GetGlobalValue IACTDragonEbon == 1.0; GetGlobalValue IAWTDragonEbon == 0.0; GetGlobalValue CCO_ArmorGauntletRecipes == 1.0; GetGlobalValue CCO_ArmorHeavyRecipes == 1.0; GetGlobalValue CCO_MODImmersiveArmors == 1.0
5,Dragon,5,Dragon,keyword IAKMaterialDragonPlate,,22001:Hothtrooper44_ArmorCompilation.esp,IARDragonEbonHHelmClassic,DragonBreak Nexus Patches.esp,CraftingSmithingForge,IADragonEbonHHelmClassic,ARMO,IAKMaterialDragonPlate,EbonySmithing,GetGlobalValue CCO_CategoryDragon == 1.0; GetGlobalValue IACTDragonEbon == 1.0; GetGlobalValue IAWTDragonEbon == 0.0; GetGlobalValue CCO_ArmorHelmetRecipes == 1.0; GetGlobalValue CCO_ArmorHeavyRecipes == 1.0; GetGlobalValue CCO_MODImmersiveArmors == 1.0
5,Dragon,5,Dragon,keyword IAKMaterialDragonPlate,,22002:Hothtrooper44_ArmorCompilation.esp,IARDragonEbonHHelmClassicVeil,DragonBreak Nexus Patches.esp,CraftingSmithingForge,IADragonEbonHHelmClassicVeil,ARMO,IAKMaterialDragonPlate,EbonySmithing,GetGlobalValue CCO_CategoryDragon == 1.0; GetGlobalValue IACTDragonEbon == 1.0; GetGlobalValue IAWTDragonEbon == 0.0; GetGlobalValue CCO_ArmorHelmetRecipes == 1.0; GetGlobalValue CCO_ArmorHeavyRecipes == 1.0; GetGlobalValue CCO_MODImmersiveArmors == 1.0
5,Dragon,5,Dragon,keyword IAKMaterialDragonPlate,,22003:Hothtrooper44_ArmorCompilation.esp,IARDragonEbonHHelmClaw,DragonBreak Nexus Patches.esp,CraftingSmithingForge,IADragonEbonHHelmClaw,ARMO,IAKMaterialDragonPlate,EbonySmithing,GetGlobalValue CCO_CategoryDragon == 1.0; GetGlobalValue IACTDragonEbon == 1.0; GetGlobalValue IAWTDragonEbon == 0.0; GetGlobalValue CCO_ArmorHelmetRecipes == 1.0; GetGlobalValue CCO_ArmorHeavyRecipes == 1.0; GetGlobalValue CCO_MODImmersiveArmors == 1.0
5,Dragon,5,Dragon,keyword IAKMaterialDragonPlate,,22004:Hothtrooper44_ArmorCompilation.esp,IARDragonEbonHHelmClawVeil,DragonBreak Nexus Patches.esp,CraftingSmithingForge,IADragonEbonHHelmClawVeil,ARMO,IAKMaterialDragonPlate,EbonySmithing,GetGlobalValue CCO_CategoryDragon == 1.0; GetGlobalValue IACTDragonEbon == 1.0; GetGlobalValue IAWTDragonEbon == 0.0; GetGlobalValue CCO_ArmorHelmetRecipes == 1.0; GetGlobalValue CCO_ArmorHeavyRecipes == 1.0; GetGlobalValue CCO_MODImmersiveArmors == 1.0
5,Dragon,5,Dragon,keyword IAKMaterialDragonPlate,,21ffd:Hothtrooper44_ArmorCompilation.esp,IARDragonEbonHHelmGrand,DragonBreak Nexus Patches.esp,CraftingSmithingForge,IADragonEbonHHelmGrand,ARMO,IAKMaterialDragonPlate,EbonySmithing,GetGlobalValue CCO_CategoryDragon == 1.0; GetGlobalValue IACTDragonEbon == 1.0; GetGlobalValue IAWTDragonEbon == 0.0; GetGlobalValue CCO_ArmorHelmetRecipes == 1.0; GetGlobalValue CCO_ArmorHeavyRecipes == 1.0; GetGlobalValue CCO_MODImmersiveArmors == 1.0
5,Dragon,5,Dragon,keyword IAKMaterialDragonPlate,,21ffe:Hothtrooper44_ArmorCompilation.esp,IARDragonEbonHHelmGrandVeil,DragonBreak Nexus Patches.esp,CraftingSmithingForge,IADragonEbonHHelmGrandVeil,ARMO,IAKMaterialDragonPlate,EbonySmithing,GetGlobalValue CCO_CategoryDragon == 1.0; GetGlobalValue IACTDragonEbon == 1.0; GetGlobalValue IAWTDragonEbon == 0.0; GetGlobalValue CCO_ArmorHelmetRecipes == 1.0; GetGlobalValue CCO_ArmorHeavyRecipes == 1.0; GetGlobalValue CCO_MODImmersiveArmors == 1.0
5,Dragon,5,Dragon,keyword IAKMaterialDragonPlate,,21fff:Hothtrooper44_ArmorCompilation.esp,IARDragonEbonHHelmHorn,DragonBreak Nexus Patches.esp,CraftingSmithingForge,IADragonEbonHHelmHorn,ARMO,IAKMaterialDragonPlate,EbonySmithing,GetGlobalValue CCO_CategoryDragon == 1.0; GetGlobalValue IACTDragonEbon == 1.0; GetGlobalValue IAWTDragonEbon == 0.0; GetGlobalValue CCO_ArmorHelmetRecipes == 1.0; GetGlobalValue CCO_ArmorHeavyRecipes == 1.0; GetGlobalValue CCO_MODImmersiveArmors == 1.0
5,Dragon,5,Dragon,keyword IAKMaterialDragonPlate,,22000:Hothtrooper44_ArmorCompilation.esp,IARDragonEbonHHelmHornVeil,DragonBreak Nexus Patches.esp,CraftingSmithingForge,IADragonEbonHHelmHornVeil,ARMO,IAKMaterialDragonPlate,EbonySmithing,GetGlobalValue CCO_CategoryDragon == 1.0; GetGlobalValue IACTDragonEbon == 1.0; GetGlobalValue IAWTDragonEbon == 0.0; GetGlobalValue CCO_ArmorHelmetRecipes == 1.0; GetGlobalValue CCO_ArmorHeavyRecipes == 1.0; GetGlobalValue CCO_MODImmersiveArmors == 1.0
5,Dragon,5,Dragon,keyword IAKMaterialDragonPlate,,21ffb:Hothtrooper44_ArmorCompilation.esp,IARDragonEbonHHelmStout,DragonBreak Nexus Patches.esp,CraftingSmithingForge,IADragonEbonHHelmStout,ARMO,IAKMaterialDragonPlate,EbonySmithing,GetGlobalValue CCO_CategoryDragon == 1.0; GetGlobalValue IACTDragonEbon == 1.0; GetGlobalValue IAWTDragonEbon == 0.0; GetGlobalValue CCO_ArmorHelmetRecipes == 1.0; GetGlobalValue CCO_ArmorHeavyRecipes == 1.0; GetGlobalValue CCO_MODImmersiveArmors == 1.0
5,Dragon,5,Dragon,keyword IAKMaterialDragonPlate,,21ffc:Hothtrooper44_ArmorCompilation.esp,IARDragonEbonHHelmStoutVeil,DragonBreak Nexus Patches.esp,CraftingSmithingForge,IADragonEbonHHelmStoutVeil,ARMO,IAKMaterialDragonPlate,EbonySmithing,GetGlobalValue CCO_CategoryDragon == 1.0; GetGlobalValue IACTDragonEbon == 1.0; GetGlobalValue IAWTDragonEbon == 0.0; GetGlobalValue CCO_ArmorHelmetRecipes == 1.0; GetGlobalValue CCO_ArmorHeavyRecipes == 1.0; GetGlobalValue CCO_MODImmersiveArmors == 1.0
5,Dragon,5,Dragon,keyword IAKMaterialDragonPlate,,22005:Hothtrooper44_ArmorCompilation.esp,IARDragonEbonHHood,DragonBreak Nexus Patches.esp,CraftingSmithingForge,IADragonEbonHHood,ARMO,IAKMaterialDragonPlate,EbonySmithing,GetGlobalValue CCO_CategoryDragon == 1.0; GetGlobalValue IACTDragonEbon == 1.0; GetGlobalValue IAWTDragonEbon == 0.0; GetGlobalValue CCO_ArmorHelmetRecipes == 1.0; GetGlobalValue CCO_ArmorHeavyRecipes == 1.0; GetGlobalValue CCO_MODImmersiveArmors == 1.0
5,Dragon,5,Dragon,keyword IAKMaterialDragonPlate,,22006:Hothtrooper44_ArmorCompilation.esp,IARDragonEbonHShield,DragonBreak Nexus Patches.esp,CraftingSmithingForge,IADragonEbonHShield,ARMO,IAKMaterialDragonPlate,EbonySmithing,GetGlobalValue CCO_CategoryDragon == 1.0; GetGlobalValue IACTDragonEbon == 1.0; GetGlobalValue IAWTDragonEbon == 0.0; GetGlobalValue CCO_ArmorShieldRecipes == 1.0; GetGlobalValue CCO_ArmorHeavyRecipes == 1.0; GetGlobalValue CCO_MODImmersiveArmors == 1.0
5,Dragon,5,Dragon,keyword IAKMaterialDragonScale,,84f20:Hothtrooper44_ArmorCompilation.esp,IARDragonEbonLHelmClassic,DragonBreak Nexus Patches.esp,CraftingSmithingForge,IADragonEbonLHelmClassic,ARMO,IAKMaterialDragonScale,EbonySmithing,GetGlobalValue CCO_CategoryDragon == 1.0; GetGlobalValue IACTDragonEbon == 1.0; GetGlobalValue IAWTDragonEbon != 0.0; GetGlobalValue CCO_ArmorHelmetRecipes == 1.0; GetGlobalValue CCO_ArmorLightRecipes == 1.0; GetGlobalValue CCO_MODImmersiveArmors == 1.0
5,Dragon,5,Dragon,keyword IAKMaterialDragonScale,,84f3a:Hothtrooper44_ArmorCompilation.esp,IARDragonEbonLHelmClassicVeil,DragonBreak Nexus Patches.esp,CraftingSmithingForge,IADragonEbonLHelmClassicVeil,ARMO,IAKMaterialDragonScale,EbonySmithing,GetGlobalValue CCO_CategoryDragon == 1.0; GetGlobalValue IACTDragonEbon == 1.0; GetGlobalValue IAWTDragonEbon != 0.0; GetGlobalValue CCO_ArmorHelmetRecipes == 1.0; GetGlobalValue CCO_ArmorLightRecipes == 1.0; GetGlobalValue CCO_MODImmersiveArmors == 1.0
5,Dragon,5,Dragon,keyword IAKMaterialDragonScale,,84f3b:Hothtrooper44_ArmorCompilation.esp,IARDragonEbonLHelmClaw,DragonBreak Nexus Patches.esp,CraftingSmithingForge,IADragonEbonLHelmClaw,ARMO,IAKMaterialDragonScale,EbonySmithing,GetGlobalValue CCO_CategoryDragon == 1.0; GetGlobalValue IACTDragonEbon == 1.0; GetGlobalValue IAWTDragonEbon != 0.0; GetGlobalValue CCO_ArmorHelmetRecipes == 1.0; GetGlobalValue CCO_ArmorLightRecipes == 1.0; GetGlobalValue CCO_MODImmersiveArmors == 1.0
5,Dragon,5,Dragon,keyword IAKMaterialDragonScale,,84f3c:Hothtrooper44_ArmorCompilation.esp,IARDragonEbonLHelmClawVeil,DragonBreak Nexus Patches.esp,CraftingSmithingForge,IADragonEbonLHelmClawVeil,ARMO,IAKMaterialDragonScale,EbonySmithing,GetGlobalValue CCO_CategoryDragon == 1.0; GetGlobalValue IACTDragonEbon == 1.0; GetGlobalValue IAWTDragonEbon != 0.0; GetGlobalValue CCO_ArmorHelmetRecipes == 1.0; GetGlobalValue CCO_ArmorLightRecipes == 1.0; GetGlobalValue CCO_MODImmersiveArmors == 1.0
5,Dragon,5,Dragon,keyword IAKMaterialDragonScale,,84f3d:Hothtrooper44_ArmorCompilation.esp,IARDragonEbonLHelmGrand,DragonBreak Nexus Patches.esp,CraftingSmithingForge,IADragonEbonLHelmGrand,ARMO,IAKMaterialDragonScale,EbonySmithing,GetGlobalValue CCO_CategoryDragon == 1.0; GetGlobalValue IACTDragonEbon == 1.0; GetGlobalValue IAWTDragonEbon != 0.0; GetGlobalValue CCO_ArmorHelmetRecipes == 1.0; GetGlobalValue CCO_ArmorLightRecipes == 1.0; GetGlobalValue CCO_MODImmersiveArmors == 1.0
5,Dragon,5,Dragon,keyword IAKMaterialDragonScale,,84f3e:Hothtrooper44_ArmorCompilation.esp,IARDragonEbonLHelmGrandVeil,DragonBreak Nexus Patches.esp,CraftingSmithingForge,IADragonEbonLHelmGrandVeil,ARMO,IAKMaterialDragonScale,EbonySmithing,GetGlobalValue CCO_CategoryDragon == 1.0; GetGlobalValue IACTDragonEbon == 1.0; GetGlobalValue IAWTDragonEbon != 0.0; GetGlobalValue CCO_ArmorHelmetRecipes == 1.0; GetGlobalValue CCO_ArmorLightRecipes == 1.0; GetGlobalValue CCO_MODImmersiveArmors == 1.0
5,Dragon,5,Dragon,keyword IAKMaterialDragonScale,,84f3f:Hothtrooper44_ArmorCompilation.esp,IARDragonEbonLHelmHorn,DragonBreak Nexus Patches.esp,CraftingSmithingForge,IADragonEbonLHelmHorn,ARMO,IAKMaterialDragonScale,EbonySmithing,GetGlobalValue CCO_CategoryDragon == 1.0; GetGlobalValue IACTDragonEbon == 1.0; GetGlobalValue IAWTDragonEbon != 0.0; GetGlobalValue CCO_ArmorHelmetRecipes == 1.0; GetGlobalValue CCO_ArmorLightRecipes == 1.0; GetGlobalValue CCO_MODImmersiveArmors == 1.0
5,Dragon,5,Dragon,keyword IAKMaterialDragonScale,,84f40:Hothtrooper44_ArmorCompilation.esp,IARDragonEbonLHelmHornVeil,DragonBreak Nexus Patches.esp,CraftingSmithingForge,IADragonEbonLHelmHornVeil,ARMO,IAKMaterialDragonScale,EbonySmithing,GetGlobalValue CCO_CategoryDragon == 1.0; GetGlobalValue IACTDragonEbon == 1.0; GetGlobalValue IAWTDragonEbon != 0.0; GetGlobalValue CCO_ArmorHelmetRecipes == 1.0; GetGlobalValue CCO_ArmorLightRecipes == 1.0; GetGlobalValue CCO_MODImmersiveArmors == 1.0
5,Dragon,5,Dragon,keyword IAKMaterialDragonScale,,84f41:Hothtrooper44_ArmorCompilation.esp,IARDragonEbonLHelmStout,DragonBreak Nexus Patches.esp,CraftingSmithingForge,IADragonEbonLHelmStout,ARMO,IAKMaterialDragonScale,EbonySmithing,GetGlobalValue CCO_CategoryDragon == 1.0; GetGlobalValue IACTDragonEbon == 1.0; GetGlobalValue IAWTDragonEbon != 0.0; GetGlobalValue CCO_ArmorHelmetRecipes == 1.0; GetGlobalValue CCO_ArmorLightRecipes == 1.0; GetGlobalValue CCO_MODImmersiveArmors == 1.0
5,Dragon,5,Dragon,keyword IAKMaterialDragonScale,,84f42:Hothtrooper44_ArmorCompilation.esp,IARDragonEbonLHelmStoutVeil,DragonBreak Nexus Patches.esp,CraftingSmithingForge,IADragonEbonLHelmStoutVeil,ARMO,IAKMaterialDragonScale,EbonySmithing,GetGlobalValue CCO_CategoryDragon == 1.0; GetGlobalValue IACTDragonEbon == 1.0; GetGlobalValue IAWTDragonEbon != 0.0; GetGlobalValue CCO_ArmorHelmetRecipes == 1.0; GetGlobalValue CCO_ArmorLightRecipes == 1.0; GetGlobalValue CCO_MODImmersiveArmors == 1.0
5,Dragon,5,Dragon,keyword IAKMaterialDragonScale,,84f43:Hothtrooper44_ArmorCompilation.esp,IARDragonEbonLHood,DragonBreak Nexus Patches.esp,CraftingSmithingForge,IADragonEbonLHood,ARMO,IAKMaterialDragonScale,EbonySmithing,GetGlobalValue CCO_CategoryDragon == 1.0; GetGlobalValue IACTDragonEbon == 1.0; GetGlobalValue IAWTDragonEbon != 0.0; GetGlobalValue CCO_ArmorHelmetRecipes == 1.0; GetGlobalValue CCO_ArmorLightRecipes == 1.0; GetGlobalValue CCO_MODImmersiveArmors == 1.0
5,Dragon,5,Dragon,keyword IAKMaterialDragonScale,,84f44:Hothtrooper44_ArmorCompilation.esp,IARDragonEbonLShield,DragonBreak Nexus Patches.esp,CraftingSmithingForge,IADragonEbonLShield,ARMO,IAKMaterialDragonScale,EbonySmithing,GetGlobalValue CCO_CategoryDragon == 1.0; GetGlobalValue IACTDragonEbon == 1.0; GetGlobalValue IAWTDragonEbon != 0.0; GetGlobalValue CCO_ArmorShieldRecipes == 1.0; GetGlobalValue CCO_ArmorLightRecipes == 1.0; GetGlobalValue CCO_MODImmersiveArmors == 1.0
5,Dragon,5,Dragon,keyword IAKMaterialDragonScale,,21ff6:Hothtrooper44_ArmorCompilation.esp,IARDragonEbonSleekBoots,DragonBreak Nexus Patches.esp,CraftingSmithingForge,IADragonEbonSleekBoots,ARMO,IAKMaterialDragonScale,EbonySmithing,GetGlobalValue CCO_CategoryDragon == 1.0; GetGlobalValue IACTDragonEbon == 1.0; GetGlobalValue IAWTDragonEbon != 0.0; GetGlobalValue CCO_ArmorBootRecipes == 1.0; GetGlobalValue CCO_ArmorLightRecipes == 1.0; GetGlobalValue CCO_MODImmersiveArmors == 1.0
5,Dragon,5,Dragon,keyword IAKMaterialDragonScale,,21ff8:Hothtrooper44_ArmorCompilation.esp,IARDragonEbonSleekCuirass,DragonBreak Nexus Patches.esp,CraftingSmithingForge,IADragonEbonSleekCuirass,ARMO,IAKMaterialDragonScale,EbonySmithing,GetGlobalValue CCO_CategoryDragon == 1.0; GetGlobalValue IACTDragonEbon == 1.0; GetGlobalValue IAWTDragonEbon != 0.0; GetGlobalValue CCO_ArmorCuirassRecipes == 1.0; GetGlobalValue CCO_ArmorLightRecipes == 1.0; GetGlobalValue CCO_MODImmersiveArmors == 1.0
5,Dragon,5,Dragon,keyword IAKMaterialDragonScale,,21ffa:Hothtrooper44_ArmorCompilation.esp,IARDragonEbonSleekGauntlets,DragonBreak Nexus Patches.esp,CraftingSmithingForge,IADragonEbonSleekGloves,ARMO,IAKMaterialDragonScale,EbonySmithing,GetGlobalValue CCO_CategoryDragon == 1.0; GetGlobalValue IACTDragonEbon == 1.0; GetGlobalValue IAWTDragonEbon != 0.0; GetGlobalValue CCO_ArmorGauntletRecipes == 1.0; GetGlobalValue CCO_ArmorLightRecipes == 1.0; GetGlobalValue CCO_MODImmersiveArmors == 1.0
5,Dragon,5,Dragon,keyword IAKMaterialDragonScale,,230cf:Hothtrooper44_ArmorCompilation.esp,IARDragonKnightCuirassFox,DragonBreak Nexus Patches.esp,CraftingSmithingForge,IADragonKnightCuirassFox,ARMO,IAKMaterialDragonScale,EbonySmithing+GlassSmithing,GetGlobalValue CCO_CategoryDragon == 1.0; GetGlobalValue IACTDragonKnight == 1.0; GetGlobalValue IAWTDragonKnight != 0.0; GetGlobalValue CCO_ArmorCuirassRecipes == 1.0; GetGlobalValue CCO_ArmorLightRecipes == 1.0; GetGlobalValue CCO_MODImmersiveArmors == 1.0
5,Dragon,5,Dragon,keyword IAKMaterialDragonPlate,,230ce:Hothtrooper44_ArmorCompilation.esp,IARDragonKnightCuirassFull,DragonBreak Nexus Patches.esp,CraftingSmithingForge,IADragonKnightCuirassFull,ARMO,IAKMaterialDragonPlate,EbonySmithing,GetGlobalValue CCO_CategoryDragon == 1.0; GetGlobalValue IACTDragonKnight == 1.0; GetGlobalValue IAWTDragonKnight == 0.0; GetGlobalValue CCO_ArmorCuirassRecipes == 1.0; GetGlobalValue CCO_ArmorHeavyRecipes == 1.0; GetGlobalValue CCO_MODImmersiveArmors == 1.0
5,Dragon,5,Dragon,keyword IAKMaterialDragonScale,,230d1:Hothtrooper44_ArmorCompilation.esp,IARDragonKnightGauntlets0,DragonBreak Nexus Patches.esp,CraftingSmithingForge,IADragonKnightGauntlets0,ARMO,IAKMaterialDragonScale,EbonySmithing+GlassSmithing,GetGlobalValue CCO_CategoryDragon == 1.0; GetGlobalValue IACTDragonKnight == 1.0; GetGlobalValue IAWTDragonKnight != 0.0; GetGlobalValue CCO_ArmorGauntletRecipes == 1.0; GetGlobalValue CCO_ArmorLightRecipes == 1.0; GetGlobalValue CCO_MODImmersiveArmors == 1.0
5,Dragon,5,Dragon,keyword IAKMaterialDragonPlate,,230d2:Hothtrooper44_ArmorCompilation.esp,IARDragonKnightGauntlets1,DragonBreak Nexus Patches.esp,CraftingSmithingForge,IADragonKnightGauntlets1,ARMO,IAKMaterialDragonPlate,EbonySmithing,GetGlobalValue CCO_CategoryDragon == 1.0; GetGlobalValue IACTDragonKnight == 1.0; GetGlobalValue IAWTDragonKnight == 0.0; GetGlobalValue CCO_ArmorGauntletRecipes == 1.0; GetGlobalValue CCO_ArmorHeavyRecipes == 1.0; GetGlobalValue CCO_MODImmersiveArmors == 1.0
5,Dragon,5,Dragon,keyword IAKMaterialDragonPlate,,230d3:Hothtrooper44_ArmorCompilation.esp,IARDragonKnightGauntlets2,DragonBreak Nexus Patches.esp,CraftingSmithingForge,IADragonKnightGauntlets2,ARMO,IAKMaterialDragonPlate,EbonySmithing,GetGlobalValue CCO_CategoryDragon == 1.0; GetGlobalValue IACTDragonKnight == 1.0; GetGlobalValue IAWTDragonKnight == 0.0; GetGlobalValue CCO_ArmorGauntletRecipes == 1.0; GetGlobalValue CCO_ArmorHeavyRecipes == 1.0; GetGlobalValue CCO_MODImmersiveArmors == 1.0
5,Dragon,5,Dragon,keyword IAKMaterialDragonPlate,,230cd:Hothtrooper44_ArmorCompilation.esp,IARDragonKnightHBoots,DragonBreak Nexus Patches.esp,CraftingSmithingForge,IADragonKnightHBoots,ARMO,IAKMaterialDragonPlate,EbonySmithing,GetGlobalValue CCO_CategoryDragon == 1.0; GetGlobalValue IACTDragonKnight == 1.0; GetGlobalValue IAWTDragonKnight == 0.0; GetGlobalValue CCO_ArmorBootRecipes == 1.0; GetGlobalValue CCO_ArmorHeavyRecipes == 1.0; GetGlobalValue CCO_MODImmersiveArmors == 1.0
5,Dragon,5,Dragon,keyword IAKMaterialDragonPlate,,230d4:Hothtrooper44_ArmorCompilation.esp,IARDragonKnightHHelm,DragonBreak Nexus Patches.esp,CraftingSmithingForge,IADragonKnightHHelm,ARMO,IAKMaterialDragonPlate,EbonySmithing,GetGlobalValue CCO_CategoryDragon == 1.0; GetGlobalValue IACTDragonKnight == 1.0; GetGlobalValue IAWTDragonKnight == 0.0; GetGlobalValue CCO_ArmorHelmetRecipes == 1.0; GetGlobalValue CCO_ArmorHeavyRecipes == 1.0; GetGlobalValue CCO_MODImmersiveArmors == 1.0
5,Dragon,5,Dragon,keyword IAKMaterialDragonPlate,,230d5:Hothtrooper44_ArmorCompilation.esp,IARDragonKnightHShield,DragonBreak Nexus Patches.esp,CraftingSmithingForge,IADragonKnightHShield,ARMO,IAKMaterialDragonPlate,EbonySmithing,GetGlobalValue CCO_CategoryDragon == 1.0; GetGlobalValue IACTDragonKnight == 1.0; GetGlobalValue IAWTDragonKnight == 0.0; GetGlobalValue CCO_ArmorShieldRecipes == 1.0; GetGlobalValue CCO_ArmorHeavyRecipes == 1.0; GetGlobalValue CCO_MODImmersiveArmors == 1.0
5,Dragon,5,Dragon,keyword IAKMaterialDragonScale,,85fd7:Hothtrooper44_ArmorCompilation.esp,IARDragonKnightLBoots,DragonBreak Nexus Patches.esp,CraftingSmithingForge,IADragonKnightLBoots,ARMO,IAKMaterialDragonScale,EbonySmithing+GlassSmithing,GetGlobalValue CCO_CategoryDragon == 1.0; GetGlobalValue IACTDragonKnight == 1.0; GetGlobalValue IAWTDragonKnight != 0.0; GetGlobalValue CCO_ArmorBootRecipes == 1.0; GetGlobalValue CCO_ArmorLightRecipes == 1.0; GetGlobalValue CCO_MODImmersiveArmors == 1.0
5,Dragon,5,Dragon,keyword IAKMaterialDragonScale,,85fd8:Hothtrooper44_ArmorCompilation.esp,IARDragonKnightLHelm,DragonBreak Nexus Patches.esp,CraftingSmithingForge,IADragonKnightLHelm,ARMO,IAKMaterialDragonScale,EbonySmithing+GlassSmithing,GetGlobalValue CCO_CategoryDragon == 1.0; GetGlobalValue IACTDragonKnight == 1.0; GetGlobalValue IAWTDragonKnight != 0.0; GetGlobalValue CCO_ArmorHelmetRecipes == 1.0; GetGlobalValue CCO_ArmorLightRecipes == 1.0; GetGlobalValue CCO_MODImmersiveArmors == 1.0
5,Dragon,5,Dragon,keyword IAKMaterialDragonScale,,85fd9:Hothtrooper44_ArmorCompilation.esp,IARDragonKnightLShield,DragonBreak Nexus Patches.esp,CraftingSmithingForge,IADragonKnightLShield,ARMO,IAKMaterialDragonScale,EbonySmithing+GlassSmithing,GetGlobalValue CCO_CategoryDragon == 1.0; GetGlobalValue IACTDragonKnight == 1.0; GetGlobalValue IAWTDragonKnight != 0.0; GetGlobalValue CCO_ArmorShieldRecipes == 1.0; GetGlobalValue CCO_ArmorLightRecipes == 1.0; GetGlobalValue CCO_MODImmersiveArmors == 1.0
5,Dragon,5,Dragon,keyword IAKMaterialDragonPlate,,4f3d:Hothtrooper44_ArmorCompilation.esp,IARDragonhideHeavyBoots,DragonBreak Nexus Patches.esp,CraftingSmithingForge,IADragonhideHeavyBoots,ARMO,IAKMaterialDragonPlate,EbonySmithing,GetGlobalValue CCO_CategoryDragon == 1.0; GetGlobalValue IACTDragonhideRobe == 1.0; GetGlobalValue IAWTDragonhideRobe == 0.0; GetGlobalValue CCO_ArmorBootRecipes == 1.0; GetGlobalValue CCO_ArmorHeavyRecipes == 1.0; GetGlobalValue CCO_MODImmersiveArmors == 1.0
5,Dragon,5,Dragon,keyword IAKMaterialDragonPlate,,4f3f:Hothtrooper44_ArmorCompilation.esp,IARDragonhideHeavyGloves,DragonBreak Nexus Patches.esp,CraftingSmithingForge,IADragonhideHeavyGloves,ARMO,IAKMaterialDragonPlate,EbonySmithing,GetGlobalValue CCO_CategoryDragon == 1.0; GetGlobalValue IACTDragonhideRobe == 1.0; GetGlobalValue IAWTDragonhideRobe == 0.0; GetGlobalValue CCO_ArmorGauntletRecipes == 1.0; GetGlobalValue CCO_ArmorHeavyRecipes == 1.0; GetGlobalValue CCO_MODImmersiveArmors == 1.0
5,Dragon,5,Dragon,keyword IAKMaterialDragonPlate,,4f41:Hothtrooper44_ArmorCompilation.esp,IARDragonhideHeavyHood,DragonBreak Nexus Patches.esp,CraftingSmithingForge,IADragonhideHeavyHood,ARMO,IAKMaterialDragonPlate,EbonySmithing,GetGlobalValue CCO_CategoryDragon == 1.0; GetGlobalValue IACTDragonhideRobe == 1.0; GetGlobalValue IAWTDragonhideRobe == 0.0; GetGlobalValue CCO_ArmorHelmetRecipes == 1.0; GetGlobalValue CCO_ArmorHeavyRecipes == 1.0; GetGlobalValue CCO_MODImmersiveArmors == 1.0
5,Dragon,5,Dragon,keyword IAKMaterialDragonPlate,,4f3e:Hothtrooper44_ArmorCompilation.esp,IARDragonhideHeavyRobe,DragonBreak Nexus Patches.esp,CraftingSmithingForge,IADragonhideHeavyRobe,ARMO,IAKMaterialDragonPlate,EbonySmithing,GetGlobalValue CCO_CategoryDragon == 1.0; GetGlobalValue IACTDragonhideRobe == 1.0; GetGlobalValue IAWTDragonhideRobe == 0.0; GetGlobalValue CCO_ArmorCuirassRecipes == 1.0; GetGlobalValue CCO_ArmorHeavyRecipes == 1.0; GetGlobalValue CCO_MODImmersiveArmors == 1.0
5,Dragon,5,Dragon,keyword IAKMaterialDragonScale,,232a1:Hothtrooper44_ArmorCompilation.esp,IARDragonhideLightBoots,DragonBreak Nexus Patches.esp,CraftingSmithingForge,IADragonhideLBoots,ARMO,IAKMaterialDragonScale,EbonySmithing,GetGlobalValue CCO_CategoryDragon == 1.0; GetGlobalValue IACTDragonhideRobe == 1.0; GetGlobalValue IAWTDragonhideRobe == 1.0; GetGlobalValue CCO_ArmorBootRecipes == 1.0; GetGlobalValue CCO_ArmorLightRecipes == 1.0; GetGlobalValue CCO_MODImmersiveArmors == 1.0
5,Dragon,5,Dragon,keyword IAKMaterialDragonScale,,232a2:Hothtrooper44_ArmorCompilation.esp,IARDragonhideLightGloves,DragonBreak Nexus Patches.esp,CraftingSmithingForge,IADragonhideLGloves,ARMO,IAKMaterialDragonScale,EbonySmithing,GetGlobalValue CCO_CategoryDragon == 1.0; GetGlobalValue IACTDragonhideRobe == 1.0; GetGlobalValue IAWTDragonhideRobe == 1.0; GetGlobalValue CCO_ArmorGauntletRecipes == 1.0; GetGlobalValue CCO_ArmorLightRecipes == 1.0; GetGlobalValue CCO_MODImmersiveArmors == 1.0
5,Dragon,5,Dragon,keyword IAKMaterialDragonScale,,232a3:Hothtrooper44_ArmorCompilation.esp,IARDragonhideLightHood,DragonBreak Nexus Patches.esp,CraftingSmithingForge,IADragonhideLHood,ARMO,IAKMaterialDragonScale,EbonySmithing,GetGlobalValue CCO_CategoryDragon == 1.0; GetGlobalValue IACTDragonhideRobe == 1.0; GetGlobalValue IAWTDragonhideRobe == 1.0; GetGlobalValue CCO_ArmorHelmetRecipes == 1.0; GetGlobalValue CCO_ArmorLightRecipes == 1.0; GetGlobalValue CCO_MODImmersiveArmors == 1.0
5,Dragon,5,Dragon,keyword IAKMaterialDragonScale,,232a4:Hothtrooper44_ArmorCompilation.esp,IARDragonhideLightRobe,DragonBreak Nexus Patches.esp,CraftingSmithingForge,IADragonhideLRobe,ARMO,IAKMaterialDragonScale,EbonySmithing,GetGlobalValue CCO_CategoryDragon == 1.0; GetGlobalValue IACTDragonhideRobe == 1.0; GetGlobalValue IAWTDragonhideRobe == 1.0; GetGlobalValue CCO_ArmorCuirassRecipes == 1.0; GetGlobalValue CCO_ArmorLightRecipes == 1.0; GetGlobalValue CCO_MODImmersiveArmors == 1.0
5,Daedric,5,Daedric,keyword IAKMaterialDaedric,,8b10:Hothtrooper44_ArmorCompilation.esp,IARGildergreenHAegis,DragonBreak Nexus Patches.esp,CraftingSmithingForge,IAGildergreenHAegis,ARMO,IAKMaterialDaedric,EbonySmithing,GetGlobalValue CCO_CategoryEbony == 1.0; GetGlobalValue IAGNoQuestCrafting == 1.0; GetQuestCompleted T03 == 1.0; GetGlobalValue IACTGildergreenAegis == 1.0; GetGlobalValue IAWTGildergreenAegis == 0.0; GetGlobalValue CCO_ArmorShieldRecipes == 1.0; GetGlobalValue CCO_ArmorHeavyRecipes == 1.0; GetGlobalValue CCO_MODImmersiveArmors == 1.0
5,Dragon,5,Dragon,keyword IAKMaterialDragonScale,,21f92:Hothtrooper44_ArmorCompilation.esp,IARRitualBoethiahBoots,DragonBreak Nexus Patches.esp,CraftingSmithingForge,IARitualBoethiahBoots,ARMO,IAKMaterialDragonScale,EbonySmithing,GetGlobalValue IAGNoQuestCrafting == 1.0; GetGlobalValue IAGCraftingRitualBoethiah == 1.0; GetGlobalValue IACTRitualBoethiah == 1.0; GetGlobalValue CCO_ArmorBootRecipes == 1.0; GetGlobalValue CCO_ArmorLightRecipes == 1.0; GetGlobalValue CCO_MODImmersiveArmors == 1.0; GetGlobalValue CCO_CategoryDaedric == 1.0
5,Dragon,5,Dragon,keyword IAKMaterialDragonScale,,21f93:Hothtrooper44_ArmorCompilation.esp,IARRitualBoethiahCuirass,DragonBreak Nexus Patches.esp,CraftingSmithingForge,IARitualBoethiahCuirass,ARMO,IAKMaterialDragonScale,EbonySmithing,GetGlobalValue IAGNoQuestCrafting == 1.0; GetGlobalValue IAGCraftingRitualBoethiah == 1.0; GetGlobalValue IACTRitualBoethiah == 1.0; GetGlobalValue CCO_ArmorCuirassRecipes == 1.0; GetGlobalValue CCO_ArmorLightRecipes == 1.0; GetGlobalValue CCO_MODImmersiveArmors == 1.0; GetGlobalValue CCO_CategoryDaedric == 1.0
5,Dragon,5,Dragon,keyword IAKMaterialDragonScale,,21f94:Hothtrooper44_ArmorCompilation.esp,IARRitualBoethiahGloves,DragonBreak Nexus Patches.esp,CraftingSmithingForge,IARitualBoethiahGloves,ARMO,IAKMaterialDragonScale,EbonySmithing,GetGlobalValue IAGNoQuestCrafting == 1.0; GetGlobalValue IAGCraftingRitualBoethiah == 1.0; GetGlobalValue IACTRitualBoethiah == 1.0; GetGlobalValue CCO_ArmorGauntletRecipes == 1.0; GetGlobalValue CCO_ArmorLightRecipes == 1.0; GetGlobalValue CCO_MODImmersiveArmors == 1.0; GetGlobalValue CCO_CategoryDaedric == 1.0
5,Dragon,5,Dragon,keyword IAKMaterialDragonScale,,21f95:Hothtrooper44_ArmorCompilation.esp,IARRitualBoethiahHelm,DragonBreak Nexus Patches.esp,CraftingSmithingForge,IARitualBoethiahHelm,ARMO,IAKMaterialDragonScale,EbonySmithing,GetGlobalValue IAGNoQuestCrafting == 1.0; GetGlobalValue IAGCraftingRitualBoethiah == 1.0; GetGlobalValue IACTRitualBoethiah == 1.0; GetGlobalValue CCO_ArmorHelmetRecipes == 1.0; GetGlobalValue CCO_ArmorLightRecipes == 1.0; GetGlobalValue CCO_MODImmersiveArmors == 1.0; GetGlobalValue CCO_CategoryDaedric == 1.0
5,Daedric,5,Daedric,keyword WeapMaterialDaedric,,c7470e:Immersive Weapons.esp,IWRecipeWeaponAntiqueDaedricSword,DragonBreak Nexus Patches.esp,CraftingSmithingForge,IWAntiqueDaedricSword,WEAP,WeapMaterialDaedric,EbonySmithing,
5,Daedric,5,Daedric,keyword WeapMaterialDaedric,,3bbfa:Immersive Weapons.esp,IWRecipeWeaponAzurasMoonWarAxe,DragonBreak Nexus Patches.esp,CraftingSmithingForge,IWAzurasMoonWarAxe,WEAP,WeapMaterialDaedric,EbonySmithing,GetItemCount DA01SoulGemAzurasStar != 0.0
5,Daedric,5,Daedric,keyword WeapMaterialDaedric,,32523:Immersive Weapons.esp,IWRecipeWeaponBipolarGreatsword,DragonBreak Nexus Patches.esp,CraftingSmithingForge,IWCBiPolarBladeGreatsword,WEAP,WeapMaterialDaedric,EbonySmithing,
5,Daedric,5,Daedric,keyword WeapMaterialDaedric,,478d2:Immersive Weapons.esp,IWRecipeWeaponBladeOfWoe,DragonBreak Nexus Patches.esp,CraftingSmithingForge,IWCBladeOfWoe,WEAP,WeapMaterialDaedric,ElvenSmithing,GetItemCount DBBladeOfWoeReward != 0.0; GetItemCount IWCBladeOfWoe != 0.0
5,Daedric,5,Daedric,keyword WeapMaterialDaedric,,478db:Immersive Weapons.esp,IWRecipeWeaponEbonyBlade,DragonBreak Nexus Patches.esp,CraftingSmithingForge,IWCEbonyBlade,WEAP,WeapMaterialDaedric,EbonySmithing,GetItemCount DA08EbonyBlade != 0.0; GetItemCount DA08RealEbonyBlade != 0.0; GetItemCount IWCEbonyBlade != 0.0
5,Daedric,5,Daedric,keyword WeapMaterialDaedric,,478de:Immersive Weapons.esp,IWRecipeWeaponMaceofMolagBal,DragonBreak Nexus Patches.esp,CraftingSmithingForge,IWCMaceofMolagBal,WEAP,WeapMaterialDaedric,EbonySmithing,GetItemCount DA10MaceofMolagBal != 0.0; GetItemCount IWCMaceofMolagBal != 0.0
5,Daedric,5,Daedric,keyword WeapMaterialDaedric,,478e1:Immersive Weapons.esp,IWRecipeWeaponMehrunesRazor,DragonBreak Nexus Patches.esp,CraftingSmithingForge,IWCMehrunesRazor,WEAP,WeapMaterialDaedric,ElvenSmithing,GetItemCount DA07MehrunesRazor != 0.0; GetItemCount IWCMehrunesRazor != 0.0
1,,5,Daedric,"faction gear: the faction role is the gate, any Blacksmith tier, no manual (Nate, 7 Oct)",,478e4:Immersive Weapons.esp,IWRecipeWeaponNightingaleBlade,DragonBreak Nexus Patches.esp,CraftingSmithingForge,IWCNightingaleBlade,WEAP,WeapMaterialDaedric,EbonySmithing,GetItemCount NightingaleBlade01 != 0.0; GetItemCount NightingaleBlade02 != 0.0; GetItemCount NightingaleBlade03 != 0.0; GetItemCount NightingaleBlade04 != 0.0; GetItemCount NightingaleBlade05 != 0.0; GetItemCount IWCNightingaleBlade != 0.0
1,,5,Daedric,"faction gear: the faction role is the gate, any Blacksmith tier, no manual (Nate, 7 Oct)",,478e7:Immersive Weapons.esp,IWRecipeWeaponNightingaleBow,DragonBreak Nexus Patches.esp,CraftingSmithingForge,IWCNightingaleBow,WEAP,WeapMaterialDaedric,EbonySmithing,GetItemCount NightingaleBow01 != 0.0; GetItemCount NightingaleBow02 != 0.0; GetItemCount NightingaleBow03 != 0.0; GetItemCount NightingaleBow04 != 0.0; GetItemCount NightingaleBow05 != 0.0; GetItemCount IWCNightingaleBow != 0.0
5,Daedric,5,Daedric,keyword WeapMaterialDaedric,,478ea:Immersive Weapons.esp,IWRecipeWeaponRuefulAxe,DragonBreak Nexus Patches.esp,CraftingSmithingForge,IWCRuefulAxe,WEAP,WeapMaterialDaedric,EbonySmithing+GlassSmithing,GetItemCount DA03RuefulAxe != 0.0; GetItemCount IWCRuefulAxe != 0.0
5,Daedric,5,Daedric,keyword WeapMaterialDaedric,,478ed:Immersive Weapons.esp,IWRecipeWeaponVolendrung,DragonBreak Nexus Patches.esp,CraftingSmithingForge,IWCVolendrung,WEAP,WeapMaterialDaedric,EbonySmithing,GetItemCount DA06Volendrung != 0.0; GetItemCount IWCVolendrung != 0.0
5,Daedric,5,Daedric,keyword WeapMaterialDaedric,,c74707:Immersive Weapons.esp,IWRecipeWeaponDaedricBattleStaff,DragonBreak Nexus Patches.esp,CraftingSmithingForge,IWDaedricBattleStaff,WEAP,WeapMaterialDaedric,EbonySmithing,
5,Daedric,5,Daedric,keyword WeapMaterialDaedric,,216d9:Immersive Weapons.esp,IWRecipeWeaponDaedricCrescentGreatsword,DragonBreak Nexus Patches.esp,CraftingSmithingForge,IWDaedricCrescentGreatsword,WEAP,WeapMaterialDaedric,EbonySmithing,
5,Daedric,5,Daedric,keyword WeapMaterialDaedric,,441024:Immersive Weapons.esp,IWRecipeWeaponDaedricDoubleAxe,DragonBreak Nexus Patches.esp,CraftingSmithingForge,IWDaedricDoubleAxe,WEAP,WeapMaterialDaedric,EbonySmithing,
5,Daedric,5,Daedric,keyword WeapMaterialDaedric,,216b7:Immersive Weapons.esp,IWRecipeWeaponDaedricHalberd,DragonBreak Nexus Patches.esp,CraftingSmithingForge,IWDaedricHalberd,WEAP,WeapMaterialDaedric,EbonySmithing,
5,Daedric,5,Daedric,keyword WeapMaterialDaedric,,c74720:Immersive Weapons.esp,IWRecipeWeaponDaedricKatana,DragonBreak Nexus Patches.esp,CraftingSmithingForge,IWDaedricKatana,WEAP,WeapMaterialDaedric,EbonySmithing,
5,Daedric,5,Daedric,keyword WeapMaterialDaedric,,c74701:Immersive Weapons.esp,IWRecipeWeaponDaedricLongsword,DragonBreak Nexus Patches.esp,CraftingSmithingForge,IWDaedricLongsword,WEAP,WeapMaterialDaedric,EbonySmithing,
5,Daedric,5,Daedric,keyword WeapMaterialDaedric,,c7471f:Immersive Weapons.esp,IWRecipeWeaponDaedricNodachi,DragonBreak Nexus Patches.esp,CraftingSmithingForge,IWDaedricNodachi,WEAP,WeapMaterialDaedric,EbonySmithing,
5,Daedric,5,Daedric,keyword WeapMaterialDaedric,,a438:Immersive Weapons.esp,IWRecipeWeaponDaedricQuarterstaff,DragonBreak Nexus Patches.esp,CraftingSmithingForge,IWDaedricQuarterstaff,WEAP,WeapMaterialDaedric,EbonySmithing,
5,Daedric,5,Daedric,keyword WeapMaterialDaedric,,c74722:Immersive Weapons.esp,IWRecipeWeaponDaedricTanto,DragonBreak Nexus Patches.esp,CraftingSmithingForge,IWDaedricTanto,WEAP,WeapMaterialDaedric,EbonySmithing,
5,Daedric,5,Daedric,keyword WeapMaterialDaedric,,c74721:Immersive Weapons.esp,IWRecipeWeaponDaedricWakizashi,DragonBreak Nexus Patches.esp,CraftingSmithingForge,IWDaedricWakizashi,WEAP,WeapMaterialDaedric,EbonySmithing,
5,Daedric,5,Daedric,keyword WeapMaterialDaedric,,216db:Immersive Weapons.esp,IWRecipeWeaponDeadricCrescentSword,DragonBreak Nexus Patches.esp,CraftingSmithingForge,IWDeadricCrescentSword,WEAP,WeapMaterialDaedric,EbonySmithing,
5,Dragon,5,Dragon,keyword ArmorMaterialDragonplate,,910:Immersive Weapons.esp,IWRecipeWeaponDragonsteelAnlaceDagger,DragonBreak Nexus Patches.esp,CraftingSmithingForge,IWDragonsteelAnlaceDagger,WEAP,ArmorMaterialDragonplate,EbonySmithing,
5,Dragon,5,Dragon,keyword ArmorMaterialDragonplate,,af29:Immersive Weapons.esp,IWRecipeWeaponDragonsteelBattleaxe,DragonBreak Nexus Patches.esp,CraftingSmithingForge,IWDragonsteelBattleaxe,WEAP,ArmorMaterialDragonplate,EbonySmithing,
5,Dragon,5,Dragon,keyword ArmorMaterialDragonplate,,4915:Immersive Weapons.esp,IWRecipeWeaponDragonsteelBow,DragonBreak Nexus Patches.esp,CraftingSmithingForge,IWDragonsteelBow,WEAP,ArmorMaterialDragonplate,EbonySmithing,
5,Dragon,5,Dragon,keyword ArmorMaterialDragonplate,,911:Immersive Weapons.esp,IWRecipeWeaponDragonsteelDagger,DragonBreak Nexus Patches.esp,CraftingSmithingForge,IWDragonsteelDagger,WEAP,ArmorMaterialDragonplate,EbonySmithing,
5,Dragon,5,Dragon,keyword ArmorMaterialDragonplate,,a455:Immersive Weapons.esp,IWRecipeWeaponDragonsteelGreatsword,DragonBreak Nexus Patches.esp,CraftingSmithingForge,IWDragonsteelGreatsword,WEAP,ArmorMaterialDragonplate,EbonySmithing,
5,Dragon,5,Dragon,keyword ArmorMaterialDragonplate,,8963:Immersive Weapons.esp,IWRecipeWeaponDragonsteelKatana,DragonBreak Nexus Patches.esp,CraftingSmithingForge,IWDragonsteelKatana,WEAP,ArmorMaterialDragonplate,EbonySmithing,
5,Dragon,5,Dragon,keyword ArmorMaterialDragonplate,,998d:Immersive Weapons.esp,IWRecipeWeaponDragonsteelMace,DragonBreak Nexus Patches.esp,CraftingSmithingForge,IWDragonsteelMace,WEAP,ArmorMaterialDragonplate,EbonySmithing,
5,Dragon,5,Dragon,keyword ArmorMaterialDragonplate,,7914:Immersive Weapons.esp,IWRecipeWeaponDragonsteelNodachi,DragonBreak Nexus Patches.esp,CraftingSmithingForge,IWDragonsteelNodachi,WEAP,ArmorMaterialDragonplate,EbonySmithing,
5,Dragon,5,Dragon,keyword ArmorMaterialDragonplate,,904:Immersive Weapons.esp,IWRecipeWeaponDragonsteelSaber,DragonBreak Nexus Patches.esp,CraftingSmithingForge,IWDragonsteelSaber,WEAP,ArmorMaterialDragonplate,EbonySmithing,
5,Dragon,5,Dragon,keyword ArmorMaterialDragonplate,,b48f:Immersive Weapons.esp,IWRecipeWeaponDragonsteelScythe,DragonBreak Nexus Patches.esp,CraftingSmithingForge,IWDragonsteelScythe,WEAP,ArmorMaterialDragonplate,EbonySmithing,
5,Dragon,5,Dragon,keyword ArmorMaterialDragonplate,,83fc:Immersive Weapons.esp,IWRecipeWeaponDragonsteelSword,DragonBreak Nexus Patches.esp,CraftingSmithingForge,IWDragonsteelSword,WEAP,ArmorMaterialDragonplate,EbonySmithing,
5,Dragon,5,Dragon,keyword ArmorMaterialDragonplate,,906:Immersive Weapons.esp,IWRecipeWeaponDragonsteelTanto,DragonBreak Nexus Patches.esp,CraftingSmithingForge,IWDragonsteelTanto,WEAP,ArmorMaterialDragonplate,EbonySmithing,
5,Dragon,5,Dragon,keyword ArmorMaterialDragonplate,,1909:Immersive Weapons.esp,IWRecipeWeaponDragonsteelWarAxe,DragonBreak Nexus Patches.esp,CraftingSmithingForge,IWDragonsteelWarAxe,WEAP,ArmorMaterialDragonplate,EbonySmithing,
5,Dragon,5,Dragon,keyword ArmorMaterialDragonplate,,2901:Immersive Weapons.esp,IWRecipeWeaponDragonsteelWarhammer,DragonBreak Nexus Patches.esp,CraftingSmithingForge,IWDragonsteelWarhammer,WEAP,ArmorMaterialDragonplate,EbonySmithing,
5,Daedric,5,Daedric,keyword WeapMaterialDaedric,,394f:Immersive Weapons.esp,IWRecipeWeaponWabbaJackWarhammer,DragonBreak Nexus Patches.esp,CraftingSmithingForge,IWWabbaJackWarhammer,WEAP,WeapMaterialDaedric,EbonySmithing,GetItemCount DA15Wabbajack > 0.0
5,Daedric,5,Daedric,keyword WeapMaterialDaedric,,3950:Immersive Weapons.esp,IWRecipeWeaponWabbaJaxeHalberd,DragonBreak Nexus Patches.esp,CraftingSmithingForge,IWWabbaJaxeHalberd,WEAP,WeapMaterialDaedric,EbonySmithing,GetItemCount DA15Wabbajack > 0.0
5,,5,,edid *Miraak*,,33407:DragonPriestArmor.esp,DPA_DowngradeDragonPriestBootsMiraakHeavy,DragonPriestArmor.esp,CraftingSmithingForge,DLC2ClothesMiraakBoots,ARMO,,,GetItemCount DPA_DragonPriestBootsMiraakHeavy >= 1.0
5,,5,,edid *Miraak*,,33408:DragonPriestArmor.esp,DPA_DowngradeDragonPriestBootsMiraakLight,DragonPriestArmor.esp,CraftingSmithingForge,DLC2ClothesMiraakBoots,ARMO,,,GetItemCount DPA_DragonPriestBootsMiraakLight >= 1.0
5,,5,,edid *Miraak*,,33423:DragonPriestArmor.esp,DPA_DowngradeDragonPriestGlovesMiraakHeavy,DragonPriestArmor.esp,CraftingSmithingForge,DLC2ClothesMiraakGloves,ARMO,,,GetItemCount DPA_DragonPriestGlovesMiraakHeavy >= 1.0
5,,5,,edid *Miraak*,,33424:DragonPriestArmor.esp,DPA_DowngradeDragonPriestGlovesMiraakLight,DragonPriestArmor.esp,CraftingSmithingForge,DLC2ClothesMiraakGloves,ARMO,,,GetItemCount DPA_DragonPriestGlovesMiraakLight >= 1.0
5,,5,,edid *Miraak*,,333eb:DragonPriestArmor.esp,DPA_DowngradeDragonPriestArmorMiraakHeavy,DragonPriestArmor.esp,CraftingSmithingForge,DLC2MKMiraakRobes3,ARMO,,,GetItemCount DPA_DragonPriestArmorMiraakHeavy >= 1.0
5,,5,,edid *Miraak*,,333ec:DragonPriestArmor.esp,DPA_DowngradeDragonPriestArmorMiraakLight,DragonPriestArmor.esp,CraftingSmithingForge,DLC2MKMiraakRobes3,ARMO,,,GetItemCount DPA_DragonPriestArmorMiraakLight >= 1.0
5,,5,,edid DPA_DragonPriest*,,aa42:DragonPriestArmor.esp,DPA_UpgradeDragonPriestArmorAhzidalHeavy,DragonPriestArmor.esp,CraftingSmithingForge,DPA_DragonPriestArmorAhzidalHeavy,ARMO,ArmorMaterialDragonplate,,GetItemCount DPA_DragonPriestRobesAhzidal >= 1.0
5,,5,,edid DPA_DragonPriest*,,29134:DragonPriestArmor.esp,DPA_UpgradeDragonPriestArmorAhzidalLight,DragonPriestArmor.esp,CraftingSmithingForge,DPA_DragonPriestArmorAhzidalLight,ARMO,ArmorMaterialDragonscale,,GetItemCount DPA_DragonPriestRobesAhzidal >= 1.0
5,,5,,edid DPA_DragonPriest*,,aa43:DragonPriestArmor.esp,DPA_UpgradeDragonPriestArmorDukaanHeavy,DragonPriestArmor.esp,CraftingSmithingForge,DPA_DragonPriestArmorDukaanHeavy,ARMO,ArmorMaterialDragonplate,,GetItemCount DPA_DragonPriestRobesDukaan >= 1.0
5,,5,,edid DPA_DragonPriest*,,29135:DragonPriestArmor.esp,DPA_UpgradeDragonPriestArmorDukaanLight,DragonPriestArmor.esp,CraftingSmithingForge,DPA_DragonPriestArmorDukaanLight,ARMO,ArmorMaterialDragonscale,,GetItemCount DPA_DragonPriestRobesDukaan >= 1.0
5,,5,,edid DPA_DragonPriest*,,aa44:DragonPriestArmor.esp,DPA_UpgradeDragonPriestArmorHevnoraakHeavy,DragonPriestArmor.esp,CraftingSmithingForge,DPA_DragonPriestArmorHevnoraakHeavy,ARMO,ArmorMaterialDragonplate,,GetItemCount DPA_DragonPriestRobesHevnoraak >= 1.0
5,,5,,edid DPA_DragonPriest*,,29136:DragonPriestArmor.esp,DPA_UpgradeDragonPriestArmorHevnoraakLight,DragonPriestArmor.esp,CraftingSmithingForge,DPA_DragonPriestArmorHevnoraakLight,ARMO,ArmorMaterialDragonscale,,GetItemCount DPA_DragonPriestRobesHevnoraak >= 1.0
5,,5,,edid DPA_DragonPriest*,,aa45:DragonPriestArmor.esp,DPA_UpgradeDragonPriestArmorKonahrikHeavy,DragonPriestArmor.esp,CraftingSmithingForge,DPA_DragonPriestArmorKonahrikHeavy,ARMO,ArmorMaterialDragonplate,,GetItemCount DPA_DragonPriestRobesKonahrik >= 1.0
5,,5,,edid DPA_DragonPriest*,,29137:DragonPriestArmor.esp,DPA_UpgradeDragonPriestArmorKonahrikLight,DragonPriestArmor.esp,CraftingSmithingForge,DPA_DragonPriestArmorKonahrikLight,ARMO,ArmorMaterialDragonscale,,GetItemCount DPA_DragonPriestRobesKonahrik >= 1.0
5,,5,,edid DPA_DragonPriest*,,29138:DragonPriestArmor.esp,DPA_UpgradeDragonPriestArmorKrosisHeavy,DragonPriestArmor.esp,CraftingSmithingForge,DPA_DragonPriestArmorKrosisHeavy,ARMO,ArmorMaterialDragonplate,,GetItemCount DPA_DragonPriestRobesKrosis >= 1.0
5,,5,,edid DPA_DragonPriest*,,aa46:DragonPriestArmor.esp,DPA_UpgradeDragonPriestArmorKrosisLight,DragonPriestArmor.esp,CraftingSmithingForge,DPA_DragonPriestArmorKrosisLight,ARMO,ArmorMaterialDragonscale,,GetItemCount DPA_DragonPriestRobesKrosis >= 1.0
5,,5,,edid DPA_DragonPriest*,,aa4f:DragonPriestArmor.esp,DPA_UpgradeDragonPriestArmorMiraakHeavy,DragonPriestArmor.esp,CraftingSmithingForge,DPA_DragonPriestArmorMiraakHeavy,ARMO,ArmorMaterialDragonplate,,GetItemCount DLC2MKMiraakRobes3 >= 1.0; GetItemCount DLC2MKMiraakMask1H >= 1.0; GetItemCount DLC2MKMiraakMask2H >= 1.0; GetItemCount DLC2MKMiraakMask3H >= 1.0
5,,5,,edid DPA_DragonPriest*,,aa50:DragonPriestArmor.esp,DPA_UpgradeDragonPriestArmorMiraakLight,DragonPriestArmor.esp,CraftingSmithingForge,DPA_DragonPriestArmorMiraakLight,ARMO,ArmorMaterialDragonscale,,GetItemCount DLC2MKMiraakRobes3 >= 1.0; GetItemCount DLC2MKMiraakMask1L >= 1.0; GetItemCount DLC2MKMiraakMask2L >= 1.0; GetItemCount DLC2MKMiraakMask3L >= 1.0
5,,5,,edid DPA_DragonPriest*,,29139:DragonPriestArmor.esp,DPA_UpgradeDragonPriestArmorMorokeiHeavy,DragonPriestArmor.esp,CraftingSmithingForge,DPA_DragonPriestArmorMorokeiHeavy,ARMO,ArmorMaterialDragonplate,,GetItemCount DPA_DragonPriestRobesMorokei >= 1.0
5,,5,,edid DPA_DragonPriest*,,aa47:DragonPriestArmor.esp,DPA_UpgradeDragonPriestArmorMorokeiLight,DragonPriestArmor.esp,CraftingSmithingForge,DPA_DragonPriestArmorMorokeiLight,ARMO,ArmorMaterialDragonscale,,GetItemCount DPA_DragonPriestRobesMorokei >= 1.0
5,,5,,edid DPA_DragonPriest*,,aa48:DragonPriestArmor.esp,DPA_UpgradeDragonPriestArmorNahkriinHeavy,DragonPriestArmor.esp,CraftingSmithingForge,DPA_DragonPriestArmorNahkriinHeavy,ARMO,ArmorMaterialDragonplate,,GetItemCount DPA_DragonPriestRobesNahkriin >= 1.0
5,,5,,edid DPA_DragonPriest*,,2913a:DragonPriestArmor.esp,DPA_UpgradeDragonPriestArmorNahkriinLight,DragonPriestArmor.esp,CraftingSmithingForge,DPA_DragonPriestArmorNahkriinLight,ARMO,ArmorMaterialDragonscale,,GetItemCount DPA_DragonPriestRobesNahkriin >= 1.0
5,,5,,edid DPA_DragonPriest*,,aa49:DragonPriestArmor.esp,DPA_UpgradeDragonPriestArmorOtarHeavy,DragonPriestArmor.esp,CraftingSmithingForge,DPA_DragonPriestArmorOtarHeavy,ARMO,ArmorMaterialDragonplate,,GetItemCount DPA_DragonPriestRobesOtar >= 1.0
5,,5,,edid DPA_DragonPriest*,,2913b:DragonPriestArmor.esp,DPA_UpgradeDragonPriestArmorOtarLight,DragonPriestArmor.esp,CraftingSmithingForge,DPA_DragonPriestArmorOtarLight,ARMO,ArmorMaterialDragonscale,,GetItemCount DPA_DragonPriestRobesOtar >= 1.0
5,,5,,edid DPA_DragonPriest*,,aa4a:DragonPriestArmor.esp,DPA_UpgradeDragonPriestArmorRahgotHeavy,DragonPriestArmor.esp,CraftingSmithingForge,DPA_DragonPriestArmorRahgotHeavy,ARMO,ArmorMaterialDragonplate,,GetItemCount DPA_DragonPriestRobesRahgot >= 1.0
5,,5,,edid DPA_DragonPriest*,,2913c:DragonPriestArmor.esp,DPA_UpgradeDragonPriestArmorRahgotLight,DragonPriestArmor.esp,CraftingSmithingForge,DPA_DragonPriestArmorRahgotLight,ARMO,ArmorMaterialDragonscale,,GetItemCount DPA_DragonPriestRobesRahgot >= 1.0
5,,5,,edid DPA_DragonPriest*,,aa4b:DragonPriestArmor.esp,DPA_UpgradeDragonPriestArmorVahlokHeavy,DragonPriestArmor.esp,CraftingSmithingForge,DPA_DragonPriestArmorVahlokHeavy,ARMO,ArmorMaterialDragonplate,,GetItemCount DPA_DragonPriestRobesVahlok >= 1.0
5,,5,,edid DPA_DragonPriest*,,2913d:DragonPriestArmor.esp,DPA_UpgradeDragonPriestArmorVahlokLight,DragonPriestArmor.esp,CraftingSmithingForge,DPA_DragonPriestArmorVahlokLight,ARMO,ArmorMaterialDragonscale,,GetItemCount DPA_DragonPriestRobesVahlok >= 1.0
5,,5,,edid DPA_DragonPriest*,,aa4c:DragonPriestArmor.esp,DPA_UpgradeDragonPriestArmorVokunHeavy,DragonPriestArmor.esp,CraftingSmithingForge,DPA_DragonPriestArmorVokunHeavy,ARMO,ArmorMaterialDragonplate,,GetItemCount DPA_DragonPriestRobesVokun >= 1.0
5,,5,,edid DPA_DragonPriest*,,2913e:DragonPriestArmor.esp,DPA_UpgradeDragonPriestArmorVokunLight,DragonPriestArmor.esp,CraftingSmithingForge,DPA_DragonPriestArmorVokunLight,ARMO,ArmorMaterialDragonscale,,GetItemCount DPA_DragonPriestRobesVokun >= 1.0
5,,5,,edid DPA_DragonPriest*,,2913f:DragonPriestArmor.esp,DPA_UpgradeDragonPriestArmorVolsungHeavy,DragonPriestArmor.esp,CraftingSmithingForge,DPA_DragonPriestArmorVolsungHeavy,ARMO,ArmorMaterialDragonplate,,GetItemCount DPA_DragonPriestRobesVolsung >= 1.0
5,,5,,edid DPA_DragonPriest*,,aa4d:DragonPriestArmor.esp,DPA_UpgradeDragonPriestArmorVolsungLight,DragonPriestArmor.esp,CraftingSmithingForge,DPA_DragonPriestArmorVolsungLight,ARMO,ArmorMaterialDragonscale,,GetItemCount DPA_DragonPriestRobesVolsung >= 1.0
5,,5,,edid DPA_DragonPriest*,,aa4e:DragonPriestArmor.esp,DPA_UpgradeDragonPriestArmorZahkriisosHeavy,DragonPriestArmor.esp,CraftingSmithingForge,DPA_DragonPriestArmorZahkriisosHeavy,ARMO,ArmorMaterialDragonplate,,GetItemCount DPA_DragonPriestRobesZahkriisos >= 1.0
5,,5,,edid DPA_DragonPriest*,,29140:DragonPriestArmor.esp,DPA_UpgradeDragonPriestArmorZahkriisosLight,DragonPriestArmor.esp,CraftingSmithingForge,DPA_DragonPriestArmorZahkriisosLight,ARMO,ArmorMaterialDragonscale,,GetItemCount DPA_DragonPriestRobesZahkriisos >= 1.0
5,,5,,edid DPA_DragonPriest*,,333fd:DragonPriestArmor.esp,DPA_DowngradeDragonPriestBootsAhzidalHeavy,DragonPriestArmor.esp,CraftingSmithingForge,DPA_DragonPriestBootsAhzidal,ARMO,,,GetItemCount DPA_DragonPriestBootsAhzidalHeavy >= 1.0
5,,5,,edid DPA_DragonPriest*,,333fe:DragonPriestArmor.esp,DPA_DowngradeDragonPriestBootsAhzidalLight,DragonPriestArmor.esp,CraftingSmithingForge,DPA_DragonPriestBootsAhzidal,ARMO,,,GetItemCount DPA_DragonPriestBootsAhzidalLight >= 1.0
5,,5,,edid DPA_DragonPriest*,,2e29d:DragonPriestArmor.esp,DPA_UpgradeDragonPriestBootsAhzidalHeavy,DragonPriestArmor.esp,CraftingSmithingForge,DPA_DragonPriestBootsAhzidalHeavy,ARMO,ArmorMaterialDragonplate,,GetItemCount DPA_DragonPriestBootsAhzidal >= 1.0
5,,5,,edid DPA_DragonPriest*,,2e29e:DragonPriestArmor.esp,DPA_UpgradeDragonPriestBootsAhzidalLight,DragonPriestArmor.esp,CraftingSmithingForge,DPA_DragonPriestBootsAhzidalLight,ARMO,ArmorMaterialDragonscale,,GetItemCount DPA_DragonPriestBootsAhzidal >= 1.0
5,,5,,edid DPA_DragonPriest*,,333ff:DragonPriestArmor.esp,DPA_DowngradeDragonPriestBootsDukaanHeavy,DragonPriestArmor.esp,CraftingSmithingForge,DPA_DragonPriestBootsDukaan,ARMO,,,GetItemCount DPA_DragonPriestBootsDukaanHeavy >= 1.0
5,,5,,edid DPA_DragonPriest*,,33400:DragonPriestArmor.esp,DPA_DowngradeDragonPriestBootsDukaanLight,DragonPriestArmor.esp,CraftingSmithingForge,DPA_DragonPriestBootsDukaan,ARMO,,,GetItemCount DPA_DragonPriestBootsDukaanLight >= 1.0
5,,5,,edid DPA_DragonPriest*,,2e2a0:DragonPriestArmor.esp,DPA_UpgradeDragonPriestBootsDukaanHeavy,DragonPriestArmor.esp,CraftingSmithingForge,DPA_DragonPriestBootsDukaanHeavy,ARMO,ArmorMaterialDragonplate,,GetItemCount DPA_DragonPriestBootsDukaan >= 1.0
5,,5,,edid DPA_DragonPriest*,,2e29f:DragonPriestArmor.esp,DPA_UpgradeDragonPriestBootsDukaanLight,DragonPriestArmor.esp,CraftingSmithingForge,DPA_DragonPriestBootsDukaanLight,ARMO,ArmorMaterialDragonscale,,GetItemCount DPA_DragonPriestBootsDukaan >= 1.0
5,,5,,edid DPA_DragonPriest*,,33401:DragonPriestArmor.esp,DPA_DowngradeDragonPriestBootsHevnoraakHeavy,DragonPriestArmor.esp,CraftingSmithingForge,DPA_DragonPriestBootsHevnoraak,ARMO,,,GetItemCount DPA_DragonPriestBootsHevnoraakHeavy >= 1.0
5,,5,,edid DPA_DragonPriest*,,33402:DragonPriestArmor.esp,DPA_DowngradeDragonPriestBootsHevnoraakLight,DragonPriestArmor.esp,CraftingSmithingForge,DPA_DragonPriestBootsHevnoraak,ARMO,,,GetItemCount DPA_DragonPriestBootsHevnoraakLight >= 1.0
5,,5,,edid DPA_DragonPriest*,,2e2a2:DragonPriestArmor.esp,DPA_UpgradeDragonPriestBootsHevnoraakHeavy,DragonPriestArmor.esp,CraftingSmithingForge,DPA_DragonPriestBootsHevnoraakHeavy,ARMO,ArmorMaterialDragonplate,,GetItemCount DPA_DragonPriestBootsHevnoraak >= 1.0
5,,5,,edid DPA_DragonPriest*,,2e2a1:DragonPriestArmor.esp,DPA_UpgradeDragonPriestBootsHevnoraakLight,DragonPriestArmor.esp,CraftingSmithingForge,DPA_DragonPriestBootsHevnoraakLight,ARMO,ArmorMaterialDragonscale,,GetItemCount DPA_DragonPriestBootsHevnoraak >= 1.0
5,,5,,edid DPA_DragonPriest*,,33403:DragonPriestArmor.esp,DPA_DowngradeDragonPriestBootsKonahrikHeavy,DragonPriestArmor.esp,CraftingSmithingForge,DPA_DragonPriestBootsKonahrik,ARMO,,,GetItemCount DPA_DragonPriestBootsKonahrikHeavy >= 1.0
5,,5,,edid DPA_DragonPriest*,,33404:DragonPriestArmor.esp,DPA_DowngradeDragonPriestBootsKonahrikLight,DragonPriestArmor.esp,CraftingSmithingForge,DPA_DragonPriestBootsKonahrik,ARMO,,,GetItemCount DPA_DragonPriestBootsKonahrikLight >= 1.0
5,,5,,edid DPA_DragonPriest*,,2e2a4:DragonPriestArmor.esp,DPA_UpgradeDragonPriestBootsKonahrikHeavy,DragonPriestArmor.esp,CraftingSmithingForge,DPA_DragonPriestBootsKonahrikHeavy,ARMO,ArmorMaterialDragonplate,,GetItemCount DPA_DragonPriestBootsKonahrik >= 1.0
5,,5,,edid DPA_DragonPriest*,,2e2a3:DragonPriestArmor.esp,DPA_UpgradeDragonPriestBootsKonahrikLight,DragonPriestArmor.esp,CraftingSmithingForge,DPA_DragonPriestBootsKonahrikLight,ARMO,ArmorMaterialDragonscale,,GetItemCount DPA_DragonPriestBootsKonahrik >= 1.0
5,,5,,edid DPA_DragonPriest*,,33405:DragonPriestArmor.esp,DPA_DowngradeDragonPriestBootsKrosisHeavy,DragonPriestArmor.esp,CraftingSmithingForge,DPA_DragonPriestBootsKrosis,ARMO,,,GetItemCount DPA_DragonPriestBootsKrosisHeavy >= 1.0
5,,5,,edid DPA_DragonPriest*,,33406:DragonPriestArmor.esp,DPA_DowngradeDragonPriestBootsKrosisLight,DragonPriestArmor.esp,CraftingSmithingForge,DPA_DragonPriestBootsKrosis,ARMO,,,GetItemCount DPA_DragonPriestBootsKrosisLight >= 1.0
5,,5,,edid DPA_DragonPriest*,,2e2a6:DragonPriestArmor.esp,DPA_UpgradeDragonPriestBootsKrosisHeavy,DragonPriestArmor.esp,CraftingSmithingForge,DPA_DragonPriestBootsKrosisHeavy,ARMO,ArmorMaterialDragonplate,,GetItemCount DPA_DragonPriestBootsKrosis >= 1.0
5,,5,,edid DPA_DragonPriest*,,2e2a5:DragonPriestArmor.esp,DPA_UpgradeDragonPriestBootsKrosisLight,DragonPriestArmor.esp,CraftingSmithingForge,DPA_DragonPriestBootsKrosisLight,ARMO,ArmorMaterialDragonscale,,GetItemCount DPA_DragonPriestBootsKrosis >= 1.0
5,,5,,edid DPA_DragonPriest*,,aa53:DragonPriestArmor.esp,DPA_UpgradeDragonPriestBootsMiraakHeavy,DragonPriestArmor.esp,CraftingSmithingForge,DPA_DragonPriestBootsMiraakHeavy,ARMO,ArmorMaterialDragonplate,,GetItemCount DLC2ClothesMiraakBoots >= 1.0; GetItemCount DLC2MKMiraakMask1H >= 1.0; GetItemCount DLC2MKMiraakMask2H >= 1.0; GetItemCount DLC2MKMiraakMask3H >= 1.0
5,,5,,edid DPA_DragonPriest*,,aa54:DragonPriestArmor.esp,DPA_UpgradeDragonPriestBootsMiraakLight,DragonPriestArmor.esp,CraftingSmithingForge,DPA_DragonPriestBootsMiraakLight,ARMO,ArmorMaterialDragonscale,,GetItemCount DLC2ClothesMiraakBoots >= 1.0; GetItemCount DLC2MKMiraakMask1H >= 1.0; GetItemCount DLC2MKMiraakMask2H >= 1.0; GetItemCount DLC2MKMiraakMask3H >= 1.0
5,,5,,edid DPA_DragonPriest*,,33409:DragonPriestArmor.esp,DPA_DowngradeDragonPriestBootsMorokeiHeavy,DragonPriestArmor.esp,CraftingSmithingForge,DPA_DragonPriestBootsMorokei,ARMO,,,GetItemCount DPA_DragonPriestBootsMorokeiHeavy >= 1.0
5,,5,,edid DPA_DragonPriest*,,3340a:DragonPriestArmor.esp,DPA_DowngradeDragonPriestBootsMorokeiLight,DragonPriestArmor.esp,CraftingSmithingForge,DPA_DragonPriestBootsMorokei,ARMO,,,GetItemCount DPA_DragonPriestBootsMorokeiLight >= 1.0
5,,5,,edid DPA_DragonPriest*,,2e2a8:DragonPriestArmor.esp,DPA_UpgradeDragonPriestBootsMorokeiHeavy,DragonPriestArmor.esp,CraftingSmithingForge,DPA_DragonPriestBootsMorokeiHeavy,ARMO,ArmorMaterialDragonplate,,GetItemCount DPA_DragonPriestBootsMorokei >= 1.0
5,,5,,edid DPA_DragonPriest*,,2e2a7:DragonPriestArmor.esp,DPA_UpgradeDragonPriestBootsMorokeiLight,DragonPriestArmor.esp,CraftingSmithingForge,DPA_DragonPriestBootsMorokeiLight,ARMO,ArmorMaterialDragonscale,,GetItemCount DPA_DragonPriestBootsMorokei >= 1.0
5,,5,,edid DPA_DragonPriest*,,3340b:DragonPriestArmor.esp,DPA_DowngradeDragonPriestBootsNahkriinHeavy,DragonPriestArmor.esp,CraftingSmithingForge,DPA_DragonPriestBootsNahkriin,ARMO,,,GetItemCount DPA_DragonPriestBootsNahkriinHeavy >= 1.0
5,,5,,edid DPA_DragonPriest*,,3340c:DragonPriestArmor.esp,DPA_DowngradeDragonPriestBootsNahkriinLight,DragonPriestArmor.esp,CraftingSmithingForge,DPA_DragonPriestBootsNahkriin,ARMO,,,GetItemCount DPA_DragonPriestBootsNahkriinLight >= 1.0
5,,5,,edid DPA_DragonPriest*,,2e2aa:DragonPriestArmor.esp,DPA_UpgradeDragonPriestBootsNahkriinHeavy,DragonPriestArmor.esp,CraftingSmithingForge,DPA_DragonPriestBootsNahkriinHeavy,ARMO,ArmorMaterialDragonplate,,GetItemCount DPA_DragonPriestBootsNahkriin >= 1.0
5,,5,,edid DPA_DragonPriest*,,2e2a9:DragonPriestArmor.esp,DPA_UpgradeDragonPriestBootsNahkriinLight,DragonPriestArmor.esp,CraftingSmithingForge,DPA_DragonPriestBootsNahkriinLight,ARMO,ArmorMaterialDragonscale,,GetItemCount DPA_DragonPriestBootsNahkriin >= 1.0
5,,5,,edid DPA_DragonPriest*,,3340d:DragonPriestArmor.esp,DPA_DowngradeDragonPriestBootsOtarHeavy,DragonPriestArmor.esp,CraftingSmithingForge,DPA_DragonPriestBootsOtar,ARMO,,,GetItemCount DPA_DragonPriestBootsOtarHeavy >= 1.0
5,,5,,edid DPA_DragonPriest*,,3340e:DragonPriestArmor.esp,DPA_DowngradeDragonPriestBootsOtarLight,DragonPriestArmor.esp,CraftingSmithingForge,DPA_DragonPriestBootsOtar,ARMO,,,GetItemCount DPA_DragonPriestBootsOtarLight >= 1.0
5,,5,,edid DPA_DragonPriest*,,2e2ac:DragonPriestArmor.esp,DPA_UpgradeDragonPriestBootsOtarHeavy,DragonPriestArmor.esp,CraftingSmithingForge,DPA_DragonPriestBootsOtarHeavy,ARMO,ArmorMaterialDragonplate,,GetItemCount DPA_DragonPriestBootsOtar >= 1.0
5,,5,,edid DPA_DragonPriest*,,2e2ab:DragonPriestArmor.esp,DPA_UpgradeDragonPriestBootsOtarLight,DragonPriestArmor.esp,CraftingSmithingForge,DPA_DragonPriestBootsOtarLight,ARMO,ArmorMaterialDragonscale,,GetItemCount DPA_DragonPriestBootsOtar >= 1.0
5,,5,,edid DPA_DragonPriest*,,3340f:DragonPriestArmor.esp,DPA_DowngradeDragonPriestBootsRahgotHeavy,DragonPriestArmor.esp,CraftingSmithingForge,DPA_DragonPriestBootsRahgot,ARMO,,,GetItemCount DPA_DragonPriestBootsRahgotHeavy >= 1.0
5,,5,,edid DPA_DragonPriest*,,33410:DragonPriestArmor.esp,DPA_DowngradeDragonPriestBootsRahgotLight,DragonPriestArmor.esp,CraftingSmithingForge,DPA_DragonPriestBootsRahgot,ARMO,,,GetItemCount DPA_DragonPriestBootsRahgotLight >= 1.0
5,,5,,edid DPA_DragonPriest*,,2e2ae:DragonPriestArmor.esp,DPA_UpgradeDragonPriestBootsRahgotHeavy,DragonPriestArmor.esp,CraftingSmithingForge,DPA_DragonPriestBootsRahgotHeavy,ARMO,ArmorMaterialDragonplate,,GetItemCount DPA_DragonPriestBootsRahgot >= 1.0
5,,5,,edid DPA_DragonPriest*,,2e2ad:DragonPriestArmor.esp,DPA_UpgradeDragonPriestBootsRahgotLight,DragonPriestArmor.esp,CraftingSmithingForge,DPA_DragonPriestBootsRahgotLight,ARMO,ArmorMaterialDragonscale,,GetItemCount DPA_DragonPriestBootsRahgot >= 1.0
5,,5,,edid DPA_DragonPriest*,,33411:DragonPriestArmor.esp,DPA_DowngradeDragonPriestBootsVahlokHeavy,DragonPriestArmor.esp,CraftingSmithingForge,DPA_DragonPriestBootsVahlok,ARMO,,,GetItemCount DPA_DragonPriestBootsVahlokHeavy >= 1.0
5,,5,,edid DPA_DragonPriest*,,33412:DragonPriestArmor.esp,DPA_DowngradeDragonPriestBootsVahlokLight,DragonPriestArmor.esp,CraftingSmithingForge,DPA_DragonPriestBootsVahlok,ARMO,,,GetItemCount DPA_DragonPriestBootsVahlokLight >= 1.0
5,,5,,edid DPA_DragonPriest*,,2e2b0:DragonPriestArmor.esp,DPA_UpgradeDragonPriestBootsVahlokHeavy,DragonPriestArmor.esp,CraftingSmithingForge,DPA_DragonPriestBootsVahlokHeavy,ARMO,ArmorMaterialDragonplate,,GetItemCount DPA_DragonPriestBootsVahlok >= 1.0
5,,5,,edid DPA_DragonPriest*,,2e2af:DragonPriestArmor.esp,DPA_UpgradeDragonPriestBootsVahlokLight,DragonPriestArmor.esp,CraftingSmithingForge,DPA_DragonPriestBootsVahlokLight,ARMO,ArmorMaterialDragonscale,,GetItemCount DPA_DragonPriestBootsVahlok >= 1.0
5,,5,,edid DPA_DragonPriest*,,33413:DragonPriestArmor.esp,DPA_DowngradeDragonPriestBootsVokunHeavy,DragonPriestArmor.esp,CraftingSmithingForge,DPA_DragonPriestBootsVokun,ARMO,,,GetItemCount DPA_DragonPriestBootsVokunHeavy >= 1.0
5,,5,,edid DPA_DragonPriest*,,33414:DragonPriestArmor.esp,DPA_DowngradeDragonPriestBootsVokunLight,DragonPriestArmor.esp,CraftingSmithingForge,DPA_DragonPriestBootsVokun,ARMO,,,GetItemCount DPA_DragonPriestBootsVokunLight >= 1.0
5,,5,,edid DPA_DragonPriest*,,2e2b2:DragonPriestArmor.esp,DPA_UpgradeDragonPriestBootsVokunHeavy,DragonPriestArmor.esp,CraftingSmithingForge,DPA_DragonPriestBootsVokunHeavy,ARMO,ArmorMaterialDragonplate,,GetItemCount DPA_DragonPriestBootsVokun >= 1.0
5,,5,,edid DPA_DragonPriest*,,2e2b1:DragonPriestArmor.esp,DPA_UpgradeDragonPriestBootsVokunLight,DragonPriestArmor.esp,CraftingSmithingForge,DPA_DragonPriestBootsVokunLight,ARMO,ArmorMaterialDragonscale,,GetItemCount DPA_DragonPriestBootsVokun >= 1.0
5,,5,,edid DPA_DragonPriest*,,33415:DragonPriestArmor.esp,DPA_DowngradeDragonPriestBootsVolsungHeavy,DragonPriestArmor.esp,CraftingSmithingForge,DPA_DragonPriestBootsVolsung,ARMO,,,GetItemCount DPA_DragonPriestBootsVolsungHeavy >= 1.0
5,,5,,edid DPA_DragonPriest*,,33416:DragonPriestArmor.esp,DPA_DowngradeDragonPriestBootsVolsungLight,DragonPriestArmor.esp,CraftingSmithingForge,DPA_DragonPriestBootsVolsung,ARMO,,,GetItemCount DPA_DragonPriestBootsVolsungLight >= 1.0
5,,5,,edid DPA_DragonPriest*,,2e2b4:DragonPriestArmor.esp,DPA_UpgradeDragonPriestBootsVolsungHeavy,DragonPriestArmor.esp,CraftingSmithingForge,DPA_DragonPriestBootsVolsungHeavy,ARMO,ArmorMaterialDragonplate,,GetItemCount DPA_DragonPriestBootsVolsung >= 1.0
5,,5,,edid DPA_DragonPriest*,,2e2b3:DragonPriestArmor.esp,DPA_UpgradeDragonPriestBootsVolsungLight,DragonPriestArmor.esp,CraftingSmithingForge,DPA_DragonPriestBootsVolsungLight,ARMO,ArmorMaterialDragonscale,,GetItemCount DPA_DragonPriestBootsVolsung >= 1.0
5,,5,,edid DPA_DragonPriest*,,33417:DragonPriestArmor.esp,DPA_DowngradeDragonPriestBootsZahkriisosHeavy,DragonPriestArmor.esp,CraftingSmithingForge,DPA_DragonPriestBootsZahkriisos,ARMO,,,GetItemCount DPA_DragonPriestBootsZahkriisosHeavy >= 1.0
5,,5,,edid DPA_DragonPriest*,,33418:DragonPriestArmor.esp,DPA_DowngradeDragonPriestBootsZahkriisosLight,DragonPriestArmor.esp,CraftingSmithingForge,DPA_DragonPriestBootsZahkriisos,ARMO,,,GetItemCount DPA_DragonPriestBootsZahkriisosLight >= 1.0
5,,5,,edid DPA_DragonPriest*,,2e2b6:DragonPriestArmor.esp,DPA_UpgradeDragonPriestBootsZahkriisosHeavy,DragonPriestArmor.esp,CraftingSmithingForge,DPA_DragonPriestBootsZahkriisosHeavy,ARMO,ArmorMaterialDragonplate,,GetItemCount DPA_DragonPriestBootsZahkriisos >= 1.0
5,,5,,edid DPA_DragonPriest*,,2e2b5:DragonPriestArmor.esp,DPA_UpgradeDragonPriestBootsZahkriisosLight,DragonPriestArmor.esp,CraftingSmithingForge,DPA_DragonPriestBootsZahkriisosLight,ARMO,ArmorMaterialDragonscale,,GetItemCount DPA_DragonPriestBootsZahkriisos >= 1.0
5,,5,,edid DPA_DragonPriest*,,33419:DragonPriestArmor.esp,DPA_DowngradeDragonPriestGlovesAhzidalHeavy,DragonPriestArmor.esp,CraftingSmithingForge,DPA_DragonPriestGlovesAhzidal,ARMO,,,GetItemCount DPA_DragonPriestGlovesAhzidalHeavy >= 1.0
5,,5,,edid DPA_DragonPriest*,,3341a:DragonPriestArmor.esp,DPA_DowngradeDragonPriestGlovesAhzidalLight,DragonPriestArmor.esp,CraftingSmithingForge,DPA_DragonPriestGlovesAhzidal,ARMO,,,GetItemCount DPA_DragonPriestGlovesAhzidalLight >= 1.0
5,,5,,edid DPA_DragonPriest*,,2e2b7:DragonPriestArmor.esp,DPA_UpgradeDragonPriestGlovesAhzidalHeavy,DragonPriestArmor.esp,CraftingSmithingForge,DPA_DragonPriestGlovesAhzidalHeavy,ARMO,ArmorMaterialDragonplate,,GetItemCount DPA_DragonPriestGlovesAhzidal >= 1.0
5,,5,,edid DPA_DragonPriest*,,2e2c4:DragonPriestArmor.esp,DPA_UpgradeDragonPriestGlovesAhzidalLight,DragonPriestArmor.esp,CraftingSmithingForge,DPA_DragonPriestGlovesAhzidalLight,ARMO,ArmorMaterialDragonscale,,GetItemCount DPA_DragonPriestGlovesAhzidal >= 1.0
5,,5,,edid DPA_DragonPriest*,,3341b:DragonPriestArmor.esp,DPA_DowngradeDragonPriestGlovesDukaanHeavy,DragonPriestArmor.esp,CraftingSmithingForge,DPA_DragonPriestGlovesDukaan,ARMO,,,GetItemCount DPA_DragonPriestGlovesDukaanHeavy >= 1.0
5,,5,,edid DPA_DragonPriest*,,3341c:DragonPriestArmor.esp,DPA_DowngradeDragonPriestGlovesDukaanLight,DragonPriestArmor.esp,CraftingSmithingForge,DPA_DragonPriestGlovesDukaan,ARMO,,,GetItemCount DPA_DragonPriestGlovesDukaanLight >= 1.0
5,,5,,edid DPA_DragonPriest*,,2e2b8:DragonPriestArmor.esp,DPA_UpgradeDragonPriestGlovesDukaanHeavy,DragonPriestArmor.esp,CraftingSmithingForge,DPA_DragonPriestGlovesDukaanHeavy,ARMO,ArmorMaterialDragonplate,,GetItemCount DPA_DragonPriestGlovesDukaan >= 1.0
5,,5,,edid DPA_DragonPriest*,,2e2c5:DragonPriestArmor.esp,DPA_UpgradeDragonPriestGlovesDukaanLight,DragonPriestArmor.esp,CraftingSmithingForge,DPA_DragonPriestGlovesDukaanLight,ARMO,ArmorMaterialDragonscale,,GetItemCount DPA_DragonPriestGlovesDukaan >= 1.0
5,,5,,edid DPA_DragonPriest*,,3341d:DragonPriestArmor.esp,DPA_DowngradeDragonPriestGlovesHevnoraakHeavy,DragonPriestArmor.esp,CraftingSmithingForge,DPA_DragonPriestGlovesHevnoraak,ARMO,,,GetItemCount DPA_DragonPriestGlovesHevnoraakHeavy >= 1.0
5,,5,,edid DPA_DragonPriest*,,3341e:DragonPriestArmor.esp,DPA_DowngradeDragonPriestGlovesHevnoraakLight,DragonPriestArmor.esp,CraftingSmithingForge,DPA_DragonPriestGlovesHevnoraak,ARMO,,,GetItemCount DPA_DragonPriestGlovesHevnoraakLight >= 1.0
5,,5,,edid DPA_DragonPriest*,,2e2b9:DragonPriestArmor.esp,DPA_UpgradeDragonPriestGlovesHevnoraakHeavy,DragonPriestArmor.esp,CraftingSmithingForge,DPA_DragonPriestGlovesHevnoraakHeavy,ARMO,ArmorMaterialDragonplate,,GetItemCount DPA_DragonPriestGlovesHevnoraak >= 1.0
5,,5,,edid DPA_DragonPriest*,,2e2c6:DragonPriestArmor.esp,DPA_UpgradeDragonPriestGlovesHevnoraakLight,DragonPriestArmor.esp,CraftingSmithingForge,DPA_DragonPriestGlovesHevnoraakLight,ARMO,ArmorMaterialDragonscale,,GetItemCount DPA_DragonPriestGlovesHevnoraak >= 1.0
5,,5,,edid DPA_DragonPriest*,,3341f:DragonPriestArmor.esp,DPA_DowngradeDragonPriestGlovesKonahrikHeavy,DragonPriestArmor.esp,CraftingSmithingForge,DPA_DragonPriestGlovesKonahrik,ARMO,,,GetItemCount DPA_DragonPriestGlovesKonahrikHeavy >= 1.0
5,,5,,edid DPA_DragonPriest*,,33420:DragonPriestArmor.esp,DPA_DowngradeDragonPriestGlovesKonahrikLight,DragonPriestArmor.esp,CraftingSmithingForge,DPA_DragonPriestGlovesKonahrik,ARMO,,,GetItemCount DPA_DragonPriestGlovesKonahrikLight >= 1.0
5,,5,,edid DPA_DragonPriest*,,2e2ba:DragonPriestArmor.esp,DPA_UpgradeDragonPriestGlovesKonahrikHeavy,DragonPriestArmor.esp,CraftingSmithingForge,DPA_DragonPriestGlovesKonahrikHeavy,ARMO,ArmorMaterialDragonplate,,GetItemCount DPA_DragonPriestGlovesKonahrik >= 1.0
5,,5,,edid DPA_DragonPriest*,,2e2c7:DragonPriestArmor.esp,DPA_UpgradeDragonPriestGlovesKonahrikLight,DragonPriestArmor.esp,CraftingSmithingForge,DPA_DragonPriestGlovesKonahrikLight,ARMO,ArmorMaterialDragonscale,,GetItemCount DPA_DragonPriestGlovesKonahrik >= 1.0
5,,5,,edid DPA_DragonPriest*,,33421:DragonPriestArmor.esp,DPA_DowngradeDragonPriestGlovesKrosisHeavy,DragonPriestArmor.esp,CraftingSmithingForge,DPA_DragonPriestGlovesKrosis,ARMO,,,GetItemCount DPA_DragonPriestGlovesKrosisHeavy >= 1.0
5,,5,,edid DPA_DragonPriest*,,33422:DragonPriestArmor.esp,DPA_DowngradeDragonPriestGlovesKrosisLight,DragonPriestArmor.esp,CraftingSmithingForge,DPA_DragonPriestGlovesKrosis,ARMO,,,GetItemCount DPA_DragonPriestGlovesKrosisLight >= 1.0
5,,5,,edid DPA_DragonPriest*,,2e2bb:DragonPriestArmor.esp,DPA_UpgradeDragonPriestGlovesKrosisHeavy,DragonPriestArmor.esp,CraftingSmithingForge,DPA_DragonPriestGlovesKrosisHeavy,ARMO,ArmorMaterialDragonplate,,GetItemCount DPA_DragonPriestGlovesKrosis >= 1.0
5,,5,,edid DPA_DragonPriest*,,2e2c8:DragonPriestArmor.esp,DPA_UpgradeDragonPriestGlovesKrosisLight,DragonPriestArmor.esp,CraftingSmithingForge,DPA_DragonPriestGlovesKrosisLight,ARMO,ArmorMaterialDragonscale,,GetItemCount DPA_DragonPriestGlovesKrosis >= 1.0
5,,5,,edid DPA_DragonPriest*,,aa51:DragonPriestArmor.esp,DPA_UpgradeDragonPriestGlovesMiraakHeavy,DragonPriestArmor.esp,CraftingSmithingForge,DPA_DragonPriestGlovesMiraakHeavy,ARMO,ArmorMaterialDragonplate,,GetItemCount DLC2ClothesMiraakGloves >= 1.0; GetItemCount DLC2MKMiraakMask1H >= 1.0; GetItemCount DLC2MKMiraakMask2H >= 1.0; GetItemCount DLC2MKMiraakMask3H >= 1.0
5,,5,,edid DPA_DragonPriest*,,aa52:DragonPriestArmor.esp,DPA_UpgradeDragonPriestGlovesMiraakLight,DragonPriestArmor.esp,CraftingSmithingForge,DPA_DragonPriestGlovesMiraakLight,ARMO,ArmorMaterialDragonscale,,GetItemCount DLC2ClothesMiraakGloves >= 1.0; GetItemCount DLC2MKMiraakMask1L >= 1.0; GetItemCount DLC2MKMiraakMask2L >= 1.0; GetItemCount DLC2MKMiraakMask3L >= 1.0
5,,5,,edid DPA_DragonPriest*,,33425:DragonPriestArmor.esp,DPA_DowngradeDragonPriestGlovesMorokeiHeavy,DragonPriestArmor.esp,CraftingSmithingForge,DPA_DragonPriestGlovesMorokei,ARMO,,,GetItemCount DPA_DragonPriestGlovesMorokeiHeavy >= 1.0
5,,5,,edid DPA_DragonPriest*,,33426:DragonPriestArmor.esp,DPA_DowngradeDragonPriestGlovesMorokeiLight,DragonPriestArmor.esp,CraftingSmithingForge,DPA_DragonPriestGlovesMorokei,ARMO,,,GetItemCount DPA_DragonPriestGlovesMorokeiLight >= 1.0
5,,5,,edid DPA_DragonPriest*,,2e2bc:DragonPriestArmor.esp,DPA_UpgradeDragonPriestGlovesMorokeiHeavy,DragonPriestArmor.esp,CraftingSmithingForge,DPA_DragonPriestGlovesMorokeiHeavy,ARMO,ArmorMaterialDragonplate,,GetItemCount DPA_DragonPriestGlovesMorokei >= 1.0
5,,5,,edid DPA_DragonPriest*,,2e2c9:DragonPriestArmor.esp,DPA_UpgradeDragonPriestGlovesMorokeiLight,DragonPriestArmor.esp,CraftingSmithingForge,DPA_DragonPriestGlovesMorokeiLight,ARMO,ArmorMaterialDragonscale,,GetItemCount DPA_DragonPriestGlovesMorokei >= 1.0
5,,5,,edid DPA_DragonPriest*,,33427:DragonPriestArmor.esp,DPA_DowngradeDragonPriestGlovesNahkriinHeavy,DragonPriestArmor.esp,CraftingSmithingForge,DPA_DragonPriestGlovesNahkriin,ARMO,,,GetItemCount DPA_DragonPriestGlovesNahkriinHeavy >= 1.0
5,,5,,edid DPA_DragonPriest*,,33428:DragonPriestArmor.esp,DPA_DowngradeDragonPriestGlovesNahkriinLight,DragonPriestArmor.esp,CraftingSmithingForge,DPA_DragonPriestGlovesNahkriin,ARMO,,,GetItemCount DPA_DragonPriestGlovesNahkriinLight >= 1.0
5,,5,,edid DPA_DragonPriest*,,2e2bd:DragonPriestArmor.esp,DPA_UpgradeDragonPriestGlovesNahkriinHeavy,DragonPriestArmor.esp,CraftingSmithingForge,DPA_DragonPriestGlovesNahkriinHeavy,ARMO,ArmorMaterialDragonplate,,GetItemCount DPA_DragonPriestGlovesNahkriin >= 1.0
5,,5,,edid DPA_DragonPriest*,,2e2ca:DragonPriestArmor.esp,DPA_UpgradeDragonPriestGlovesNahkriinLight,DragonPriestArmor.esp,CraftingSmithingForge,DPA_DragonPriestGlovesNahkriinLight,ARMO,ArmorMaterialDragonscale,,GetItemCount DPA_DragonPriestGlovesNahkriin >= 1.0
5,,5,,edid DPA_DragonPriest*,,33429:DragonPriestArmor.esp,DPA_DowngradeDragonPriestGlovesOtarHeavy,DragonPriestArmor.esp,CraftingSmithingForge,DPA_DragonPriestGlovesOtar,ARMO,,,GetItemCount DPA_DragonPriestGlovesOtarHeavy >= 1.0
5,,5,,edid DPA_DragonPriest*,,3342a:DragonPriestArmor.esp,DPA_DowngradeDragonPriestGlovesOtarLight,DragonPriestArmor.esp,CraftingSmithingForge,DPA_DragonPriestGlovesOtar,ARMO,,,GetItemCount DPA_DragonPriestGlovesOtarLight >= 1.0
5,,5,,edid DPA_DragonPriest*,,2e2be:DragonPriestArmor.esp,DPA_UpgradeDragonPriestGlovesOtarHeavy,DragonPriestArmor.esp,CraftingSmithingForge,DPA_DragonPriestGlovesOtarHeavy,ARMO,ArmorMaterialDragonplate,,GetItemCount DPA_DragonPriestGlovesOtar >= 1.0
5,,5,,edid DPA_DragonPriest*,,2e2cb:DragonPriestArmor.esp,DPA_UpgradeDragonPriestGlovesOtarLight,DragonPriestArmor.esp,CraftingSmithingForge,DPA_DragonPriestGlovesOtarLight,ARMO,ArmorMaterialDragonscale,,GetItemCount DPA_DragonPriestGlovesOtar >= 1.0
5,,5,,edid DPA_DragonPriest*,,3342b:DragonPriestArmor.esp,DPA_DowngradeDragonPriestGlovesRahgotHeavy,DragonPriestArmor.esp,CraftingSmithingForge,DPA_DragonPriestGlovesRahgot,ARMO,,,GetItemCount DPA_DragonPriestGlovesRahgotHeavy >= 1.0
5,,5,,edid DPA_DragonPriest*,,3342c:DragonPriestArmor.esp,DPA_DowngradeDragonPriestGlovesRahgotLight,DragonPriestArmor.esp,CraftingSmithingForge,DPA_DragonPriestGlovesRahgot,ARMO,,,GetItemCount DPA_DragonPriestGlovesRahgotLight >= 1.0
5,,5,,edid DPA_DragonPriest*,,2e2bf:DragonPriestArmor.esp,DPA_UpgradeDragonPriestGlovesRahgotHeavy,DragonPriestArmor.esp,CraftingSmithingForge,DPA_DragonPriestGlovesRahgotHeavy,ARMO,ArmorMaterialDragonplate,,GetItemCount DPA_DragonPriestGlovesRahgot >= 1.0
5,,5,,edid DPA_DragonPriest*,,2e2cc:DragonPriestArmor.esp,DPA_UpgradeDragonPriestGlovesRahgotLight,DragonPriestArmor.esp,CraftingSmithingForge,DPA_DragonPriestGlovesRahgotLight,ARMO,ArmorMaterialDragonscale,,GetItemCount DPA_DragonPriestGlovesRahgot >= 1.0
5,,5,,edid DPA_DragonPriest*,,3342d:DragonPriestArmor.esp,DPA_DowngradeDragonPriestGlovesVahlokHeavy,DragonPriestArmor.esp,CraftingSmithingForge,DPA_DragonPriestGlovesVahlok,ARMO,,,GetItemCount DPA_DragonPriestGlovesVahlokHeavy >= 1.0
5,,5,,edid DPA_DragonPriest*,,3342e:DragonPriestArmor.esp,DPA_DowngradeDragonPriestGlovesVahlokLight,DragonPriestArmor.esp,CraftingSmithingForge,DPA_DragonPriestGlovesVahlok,ARMO,,,GetItemCount DPA_DragonPriestGlovesVahlokLight >= 1.0
5,,5,,edid DPA_DragonPriest*,,2e2c0:DragonPriestArmor.esp,DPA_UpgradeDragonPriestGlovesVahlokHeavy,DragonPriestArmor.esp,CraftingSmithingForge,DPA_DragonPriestGlovesVahlokHeavy,ARMO,ArmorMaterialDragonplate,,GetItemCount DPA_DragonPriestGlovesVahlok >= 1.0
5,,5,,edid DPA_DragonPriest*,,2e2cd:DragonPriestArmor.esp,DPA_UpgradeDragonPriestGlovesVahlokLight,DragonPriestArmor.esp,CraftingSmithingForge,DPA_DragonPriestGlovesVahlokLight,ARMO,ArmorMaterialDragonscale,,GetItemCount DPA_DragonPriestGlovesVahlok >= 1.0
5,,5,,edid DPA_DragonPriest*,,3342f:DragonPriestArmor.esp,DPA_DowngradeDragonPriestGlovesVokunHeavy,DragonPriestArmor.esp,CraftingSmithingForge,DPA_DragonPriestGlovesVokun,ARMO,,,GetItemCount DPA_DragonPriestGlovesVokunHeavy >= 1.0
5,,5,,edid DPA_DragonPriest*,,33430:DragonPriestArmor.esp,DPA_DowngradeDragonPriestGlovesVokunLight,DragonPriestArmor.esp,CraftingSmithingForge,DPA_DragonPriestGlovesVokun,ARMO,,,GetItemCount DPA_DragonPriestGlovesVokunLight >= 1.0
5,,5,,edid DPA_DragonPriest*,,2e2c1:DragonPriestArmor.esp,DPA_UpgradeDragonPriestGlovesVokunHeavy,DragonPriestArmor.esp,CraftingSmithingForge,DPA_DragonPriestGlovesVokunHeavy,ARMO,ArmorMaterialDragonplate,,GetItemCount DPA_DragonPriestGlovesVokun >= 1.0
5,,5,,edid DPA_DragonPriest*,,2e2ce:DragonPriestArmor.esp,DPA_UpgradeDragonPriestGlovesVokunLight,DragonPriestArmor.esp,CraftingSmithingForge,DPA_DragonPriestGlovesVokunLight,ARMO,ArmorMaterialDragonscale,,GetItemCount DPA_DragonPriestGlovesVokun >= 1.0
5,,5,,edid DPA_DragonPriest*,,33431:DragonPriestArmor.esp,DPA_DowngradeDragonPriestGlovesVolsungHeavy,DragonPriestArmor.esp,CraftingSmithingForge,DPA_DragonPriestGlovesVolsung,ARMO,,,GetItemCount DPA_DragonPriestGlovesVolsungHeavy >= 1.0
5,,5,,edid DPA_DragonPriest*,,33432:DragonPriestArmor.esp,DPA_DowngradeDragonPriestGlovesVolsungLight,DragonPriestArmor.esp,CraftingSmithingForge,DPA_DragonPriestGlovesVolsung,ARMO,,,GetItemCount DPA_DragonPriestGlovesVolsungLight >= 1.0
5,,5,,edid DPA_DragonPriest*,,2e2c2:DragonPriestArmor.esp,DPA_UpgradeDragonPriestGlovesVolsungHeavy,DragonPriestArmor.esp,CraftingSmithingForge,DPA_DragonPriestGlovesVolsungHeavy,ARMO,ArmorMaterialDragonplate,,GetItemCount DPA_DragonPriestGlovesVolsung >= 1.0
5,,5,,edid DPA_DragonPriest*,,2e2cf:DragonPriestArmor.esp,DPA_UpgradeDragonPriestGlovesVolsungLight,DragonPriestArmor.esp,CraftingSmithingForge,DPA_DragonPriestGlovesVolsungLight,ARMO,ArmorMaterialDragonscale,,GetItemCount DPA_DragonPriestGlovesVolsung >= 1.0
5,,5,,edid DPA_DragonPriest*,,33433:DragonPriestArmor.esp,DPA_DowngradeDragonPriestGlovesZahkriisosHeavy,DragonPriestArmor.esp,CraftingSmithingForge,DPA_DragonPriestGlovesZahkriisos,ARMO,,,GetItemCount DPA_DragonPriestGlovesZahkriisosHeavy >= 1.0
5,,5,,edid DPA_DragonPriest*,,33434:DragonPriestArmor.esp,DPA_DowngradeDragonPriestGlovesZahkriisosLight,DragonPriestArmor.esp,CraftingSmithingForge,DPA_DragonPriestGlovesZahkriisos,ARMO,,,GetItemCount DPA_DragonPriestGlovesZahkriisosLight >= 1.0
5,,5,,edid DPA_DragonPriest*,,2e2c3:DragonPriestArmor.esp,DPA_UpgradeDragonPriestGlovesZahkriisosHeavy,DragonPriestArmor.esp,CraftingSmithingForge,DPA_DragonPriestGlovesZahkriisosHeavy,ARMO,ArmorMaterialDragonplate,,GetItemCount DPA_DragonPriestGlovesZahkriisos >= 1.0
5,,5,,edid DPA_DragonPriest*,,2e2d0:DragonPriestArmor.esp,DPA_UpgradeDragonPriestGlovesZahkriisosLight,DragonPriestArmor.esp,CraftingSmithingForge,DPA_DragonPriestGlovesZahkriisosLight,ARMO,ArmorMaterialDragonscale,,GetItemCount DPA_DragonPriestGlovesZahkriisos >= 1.0
5,,5,,edid DPA_DragonPriest*,,333e1:DragonPriestArmor.esp,DPA_DowngradeDragonPriestArmorAhzidalHeavy,DragonPriestArmor.esp,CraftingSmithingForge,DPA_DragonPriestRobesAhzidal,ARMO,,,GetItemCount DPA_DragonPriestArmorAhzidalHeavy >= 1.0
5,,5,,edid DPA_DragonPriest*,,333e2:DragonPriestArmor.esp,DPA_DowngradeDragonPriestArmorAhzidalLight,DragonPriestArmor.esp,CraftingSmithingForge,DPA_DragonPriestRobesAhzidal,ARMO,,,GetItemCount DPA_DragonPriestArmorAhzidalLight >= 1.0
5,,5,,edid DPA_DragonPriest*,,333e3:DragonPriestArmor.esp,DPA_DowngradeDragonPriestArmorDukaanHeavy,DragonPriestArmor.esp,CraftingSmithingForge,DPA_DragonPriestRobesDukaan,ARMO,,,GetItemCount DPA_DragonPriestArmorDukaanHeavy >= 1.0
5,,5,,edid DPA_DragonPriest*,,333e4:DragonPriestArmor.esp,DPA_DowngradeDragonPriestArmorDukaanLight,DragonPriestArmor.esp,CraftingSmithingForge,DPA_DragonPriestRobesDukaan,ARMO,,,GetItemCount DPA_DragonPriestArmorDukaanLight >= 1.0
5,,5,,edid DPA_DragonPriest*,,333e5:DragonPriestArmor.esp,DPA_DowngradeDragonPriestArmorHevnoraakHeavy,DragonPriestArmor.esp,CraftingSmithingForge,DPA_DragonPriestRobesHevnoraak,ARMO,,,GetItemCount DPA_DragonPriestArmorHevnoraakHeavy >= 1.0
5,,5,,edid DPA_DragonPriest*,,333e6:DragonPriestArmor.esp,DPA_DowngradeDragonPriestArmorHevnoraakLight,DragonPriestArmor.esp,CraftingSmithingForge,DPA_DragonPriestRobesHevnoraak,ARMO,,,GetItemCount DPA_DragonPriestArmorHevnoraakLight >= 1.0
5,,5,,edid DPA_DragonPriest*,,333e7:DragonPriestArmor.esp,DPA_DowngradeDragonPriestArmorKonahrikHeavy,DragonPriestArmor.esp,CraftingSmithingForge,DPA_DragonPriestRobesKonahrik,ARMO,,,GetItemCount DPA_DragonPriestArmorKonahrikHeavy >= 1.0
5,,5,,edid DPA_DragonPriest*,,333e8:DragonPriestArmor.esp,DPA_DowngradeDragonPriestArmorKonahrikLight,DragonPriestArmor.esp,CraftingSmithingForge,DPA_DragonPriestRobesKonahrik,ARMO,,,GetItemCount DPA_DragonPriestArmorKonahrikLight >= 1.0
5,,5,,edid DPA_DragonPriest*,,333e9:DragonPriestArmor.esp,DPA_DowngradeDragonPriestArmorKrosisHeavy,DragonPriestArmor.esp,CraftingSmithingForge,DPA_DragonPriestRobesKrosis,ARMO,,,GetItemCount DPA_DragonPriestArmorKrosisHeavy >= 1.0
5,,5,,edid DPA_DragonPriest*,,333ea:DragonPriestArmor.esp,DPA_DowngradeDragonPriestArmorKrosisLight,DragonPriestArmor.esp,CraftingSmithingForge,DPA_DragonPriestRobesKrosis,ARMO,,,GetItemCount DPA_DragonPriestArmorKrosisLight >= 1.0
5,,5,,edid DPA_DragonPriest*,,333ed:DragonPriestArmor.esp,DPA_DowngradeDragonPriestArmorMorokeiHeavy,DragonPriestArmor.esp,CraftingSmithingForge,DPA_DragonPriestRobesMorokei,ARMO,,,GetItemCount DPA_DragonPriestArmorMorokeiHeavy >= 1.0
5,,5,,edid DPA_DragonPriest*,,333ee:DragonPriestArmor.esp,DPA_DowngradeDragonPriestArmorMorokeiLight,DragonPriestArmor.esp,CraftingSmithingForge,DPA_DragonPriestRobesMorokei,ARMO,,,GetItemCount DPA_DragonPriestArmorMorokeiLight >= 1.0
5,,5,,edid DPA_DragonPriest*,,333ef:DragonPriestArmor.esp,DPA_DowngradeDragonPriestArmorNahkriinHeavy,DragonPriestArmor.esp,CraftingSmithingForge,DPA_DragonPriestRobesNahkriin,ARMO,,,GetItemCount DPA_DragonPriestArmorNahkriinHeavy >= 1.0
5,,5,,edid DPA_DragonPriest*,,333f0:DragonPriestArmor.esp,DPA_DowngradeDragonPriestArmorNahkriinLight,DragonPriestArmor.esp,CraftingSmithingForge,DPA_DragonPriestRobesNahkriin,ARMO,,,GetItemCount DPA_DragonPriestArmorNahkriinLight >= 1.0
5,,5,,edid DPA_DragonPriest*,,333f1:DragonPriestArmor.esp,DPA_DowngradeDragonPriestArmorOtarHeavy,DragonPriestArmor.esp,CraftingSmithingForge,DPA_DragonPriestRobesOtar,ARMO,,,GetItemCount DPA_DragonPriestArmorOtarHeavy >= 1.0
5,,5,,edid DPA_DragonPriest*,,333f2:DragonPriestArmor.esp,DPA_DowngradeDragonPriestArmorOtarLight,DragonPriestArmor.esp,CraftingSmithingForge,DPA_DragonPriestRobesOtar,ARMO,,,GetItemCount DPA_DragonPriestArmorOtarLight >= 1.0
5,,5,,edid DPA_DragonPriest*,,333f3:DragonPriestArmor.esp,DPA_DowngradeDragonPriestArmorRahgotHeavy,DragonPriestArmor.esp,CraftingSmithingForge,DPA_DragonPriestRobesRahgot,ARMO,,,GetItemCount DPA_DragonPriestArmorRahgotHeavy >= 1.0
5,,5,,edid DPA_DragonPriest*,,333f4:DragonPriestArmor.esp,DPA_DowngradeDragonPriestArmorRahgotLight,DragonPriestArmor.esp,CraftingSmithingForge,DPA_DragonPriestRobesRahgot,ARMO,,,GetItemCount DPA_DragonPriestArmorRahgotLight >= 1.0
5,,5,,edid DPA_DragonPriest*,,333f5:DragonPriestArmor.esp,DPA_DowngradeDragonPriestArmorVahlokHeavy,DragonPriestArmor.esp,CraftingSmithingForge,DPA_DragonPriestRobesVahlok,ARMO,,,GetItemCount DPA_DragonPriestArmorVahlokHeavy >= 1.0
5,,5,,edid DPA_DragonPriest*,,333f6:DragonPriestArmor.esp,DPA_DowngradeDragonPriestArmorVahlokLight,DragonPriestArmor.esp,CraftingSmithingForge,DPA_DragonPriestRobesVahlok,ARMO,,,GetItemCount DPA_DragonPriestArmorVahlokLight >= 1.0
5,,5,,edid DPA_DragonPriest*,,333f7:DragonPriestArmor.esp,DPA_DowngradeDragonPriestArmorVokunHeavy,DragonPriestArmor.esp,CraftingSmithingForge,DPA_DragonPriestRobesVokun,ARMO,,,GetItemCount DPA_DragonPriestArmorVokunHeavy >= 1.0
5,,5,,edid DPA_DragonPriest*,,333f8:DragonPriestArmor.esp,DPA_DowngradeDragonPriestArmorVokunLight,DragonPriestArmor.esp,CraftingSmithingForge,DPA_DragonPriestRobesVokun,ARMO,,,GetItemCount DPA_DragonPriestArmorVokunLight >= 1.0
5,,5,,edid DPA_DragonPriest*,,333f9:DragonPriestArmor.esp,DPA_DowngradeDragonPriestArmorVolsungHeavy,DragonPriestArmor.esp,CraftingSmithingForge,DPA_DragonPriestRobesVolsung,ARMO,,,GetItemCount DPA_DragonPriestArmorVolsungHeavy >= 1.0
5,,5,,edid DPA_DragonPriest*,,333fa:DragonPriestArmor.esp,DPA_DowngradeDragonPriestArmorVolsungLight,DragonPriestArmor.esp,CraftingSmithingForge,DPA_DragonPriestRobesVolsung,ARMO,,,GetItemCount DPA_DragonPriestArmorVolsungLight >= 1.0
5,,5,,edid DPA_DragonPriest*,,333fb:DragonPriestArmor.esp,DPA_DowngradeDragonPriestArmorZahkriisosHeavy,DragonPriestArmor.esp,CraftingSmithingForge,DPA_DragonPriestRobesZahkriisos,ARMO,,,GetItemCount DPA_DragonPriestArmorZahkriisosHeavy >= 1.0
5,,5,,edid DPA_DragonPriest*,,333fc:DragonPriestArmor.esp,DPA_DowngradeDragonPriestArmorZahkriisosLight,DragonPriestArmor.esp,CraftingSmithingForge,DPA_DragonPriestRobesZahkriisos,ARMO,,,GetItemCount DPA_DragonPriestArmorZahkriisosLight >= 1.0
5,Dragon,5,Dragon,keyword ArmorMaterialDragonplate,,854:MoreCraftableEquipment.esp,MCERecipeArmorBoneCrown,MoreCraftableEquipment.esp,CraftingSmithingForge,MCEArmorBoneCrown,ARMO,ArmorMaterialDragonplate,DragonArmor,GetStageDone CW02A == 1.0; GetStageDone CW02B == 1.0
5,Daedric,5,Daedric,keyword ArmorMaterialDaedric,,dd992:Skyrim.esm,RecipeArmorDaedricBoots,Skyrim.esm,CraftingSmithingForge,ArmorDaedricBoots,ARMO,ArmorMaterialDaedric,DaedricSmithing,
5,Daedric,5,Daedric,keyword ArmorMaterialDaedric,,dd993:Skyrim.esm,RecipeArmorDaedricCuirass,Skyrim.esm,CraftingSmithingForge,ArmorDaedricCuirass,ARMO,ArmorMaterialDaedric,DaedricSmithing,
5,Daedric,5,Daedric,keyword ArmorMaterialDaedric,,dd994:Skyrim.esm,RecipeArmorDaedricGauntlets,Skyrim.esm,CraftingSmithingForge,ArmorDaedricGauntlets,ARMO,ArmorMaterialDaedric,DaedricSmithing,
5,Daedric,5,Daedric,keyword ArmorMaterialDaedric,,dd995:Skyrim.esm,RecipeArmorDaedricHelmet,Skyrim.esm,CraftingSmithingForge,ArmorDaedricHelmet,ARMO,ArmorMaterialDaedric,DaedricSmithing,
5,Daedric,5,Daedric,keyword ArmorMaterialDaedric,,dd996:Skyrim.esm,RecipeArmorDaedricShield,Skyrim.esm,CraftingSmithingForge,ArmorDaedricShield,ARMO,ArmorMaterialDaedric,DaedricSmithing,
5,Dragon,5,Dragon,keyword ArmorMaterialDragonplate,,dd98d:Skyrim.esm,RecipeArmorDragonplateBoots,Skyrim.esm,CraftingSmithingForge,ArmorDragonplateBoots,ARMO,ArmorMaterialDragonplate,DragonArmor,
5,Dragon,5,Dragon,keyword ArmorMaterialDragonplate,,dd98e:Skyrim.esm,RecipeArmorDragonplateCuirass,Skyrim.esm,CraftingSmithingForge,ArmorDragonplateCuirass,ARMO,ArmorMaterialDragonplate,DragonArmor,
5,Dragon,5,Dragon,keyword ArmorMaterialDragonplate,,dd98f:Skyrim.esm,RecipeArmorDragonplateGauntlets,Skyrim.esm,CraftingSmithingForge,ArmorDragonplateGauntlets,ARMO,ArmorMaterialDragonplate,DragonArmor,
5,Dragon,5,Dragon,keyword ArmorMaterialDragonplate,,dd990:Skyrim.esm,RecipeArmorDragonplateHelmet,Skyrim.esm,CraftingSmithingForge,ArmorDragonplateHelmet,ARMO,ArmorMaterialDragonplate,DragonArmor,
5,Dragon,5,Dragon,keyword ArmorMaterialDragonplate,,dd991:Skyrim.esm,RecipeArmorDragonplateShield,Skyrim.esm,CraftingSmithingForge,ArmorDragonplateShield,ARMO,ArmorMaterialDragonplate,DragonArmor,
5,Dragon,5,Dragon,keyword ArmorMaterialDragonscale,,dca13:Skyrim.esm,RecipeArmorDragonscaleBoots,Skyrim.esm,CraftingSmithingForge,ArmorDragonscaleBoots,ARMO,ArmorMaterialDragonscale,DragonArmor,
5,Dragon,5,Dragon,keyword ArmorMaterialDragonscale,,dca14:Skyrim.esm,RecipeArmorDragonscaleCuirass,Skyrim.esm,CraftingSmithingForge,ArmorDragonscaleCuirass,ARMO,ArmorMaterialDragonscale,DragonArmor,
5,Dragon,5,Dragon,keyword ArmorMaterialDragonscale,,dca15:Skyrim.esm,RecipeArmorDragonscaleGauntlets,Skyrim.esm,CraftingSmithingForge,ArmorDragonscaleGauntlets,ARMO,ArmorMaterialDragonscale,DragonArmor,
5,Dragon,5,Dragon,keyword ArmorMaterialDragonscale,,dca16:Skyrim.esm,RecipeArmorDragonscaleHelmet,Skyrim.esm,CraftingSmithingForge,ArmorDragonscaleHelmet,ARMO,ArmorMaterialDragonscale,DragonArmor,
5,Dragon,5,Dragon,keyword ArmorMaterialDragonscale,,dca17:Skyrim.esm,RecipeArmorDragonscaleShield,Skyrim.esm,CraftingSmithingForge,ArmorDragonscaleShield,ARMO,ArmorMaterialDragonscale,DragonArmor,
5,Daedric,5,Daedric,keyword WeapMaterialDaedric,,db8bf:Skyrim.esm,RecipeWeaponDaedricBattleAxe,Skyrim.esm,CraftingSmithingForge,DaedricBattleaxe,WEAP,WeapMaterialDaedric,DaedricSmithing,
5,Daedric,5,Daedric,keyword WeapMaterialDaedric,,108cf7:Skyrim.esm,RecipeWeaponDaedricBow,Skyrim.esm,CraftingSmithingForge,DaedricBow,WEAP,WeapMaterialDaedric,DaedricSmithing,
5,Daedric,5,Daedric,keyword WeapMaterialDaedric,,db8c0:Skyrim.esm,RecipeWeaponDaedricDagger,Skyrim.esm,CraftingSmithingForge,DaedricDagger,WEAP,WeapMaterialDaedric,DaedricSmithing,
5,Daedric,5,Daedric,keyword WeapMaterialDaedric,,db8c1:Skyrim.esm,RecipeWeaponDaedricGreatsword,Skyrim.esm,CraftingSmithingForge,DaedricGreatsword,WEAP,WeapMaterialDaedric,DaedricSmithing,
5,Daedric,5,Daedric,keyword WeapMaterialDaedric,,db8c2:Skyrim.esm,RecipeWeaponDaedricMace,Skyrim.esm,CraftingSmithingForge,DaedricMace,WEAP,WeapMaterialDaedric,DaedricSmithing,
5,Daedric,5,Daedric,keyword WeapMaterialDaedric,,db8c3:Skyrim.esm,RecipeWeaponDaedricSword,Skyrim.esm,CraftingSmithingForge,DaedricSword,WEAP,WeapMaterialDaedric,DaedricSmithing,
5,Daedric,5,Daedric,keyword WeapMaterialDaedric,,db8c4:Skyrim.esm,RecipeWeaponDaedricWarAxe,Skyrim.esm,CraftingSmithingForge,DaedricWarAxe,WEAP,WeapMaterialDaedric,DaedricSmithing,
5,Daedric,5,Daedric,keyword WeapMaterialDaedric,,db8c5:Skyrim.esm,RecipeWeaponDaedricWarhammer,Skyrim.esm,CraftingSmithingForge,DaedricWarhammer,WEAP,WeapMaterialDaedric,DaedricSmithing,
