# Written by make_tables.py tsv from cook_tiers.csv and forge_tiers.csv - edit those, never this file.
# origin plugin	local form id	recipe editor id	tier marker	manual marker (both HasSpell == 1; - = no manual)
[Kirax] Lost Ark Reborn Paladin Legendary.esp	000B99	RecipeWeaponLoARPalLegendaryAltThs	DBO_Skill_blacksmith_T5	DBO_Manual_Daedric
[Kirax] Lost Ark Reborn Paladin Legendary.esp	000B9A	RecipeWeaponLoARPalLegendaryAltOhs	DBO_Skill_blacksmith_T5	DBO_Manual_Daedric
[Kirax] Lost Ark Reborn Paladin Legendary.esp	000B9B	RecipeWeaponLoARPalLegendaryThs	DBO_Skill_blacksmith_T5	DBO_Manual_Daedric
[Kirax] Lost Ark Reborn Paladin Legendary.esp	000B9C	RecipeWeaponLoARPalLegendaryOhs	DBO_Skill_blacksmith_T5	DBO_Manual_Daedric
[Kirax] Lost Ark Reborn Paladin Legendary.esp	000B9D	RecipeArmorLoARPalLegendaryAltCloak	DBO_Skill_blacksmith_T5	DBO_Manual_Daedric
[Kirax] Lost Ark Reborn Paladin Legendary.esp	000B9E	RecipeArmorLoARPalLegendaryAltHelm	DBO_Skill_blacksmith_T5	DBO_Manual_Daedric
[Kirax] Lost Ark Reborn Paladin Legendary.esp	000B9F	RecipeArmorLoARPalLegendaryAltShoes	DBO_Skill_blacksmith_T5	DBO_Manual_Daedric
[Kirax] Lost Ark Reborn Paladin Legendary.esp	000BA0	RecipeArmorLoARPalLegendaryAltHands	DBO_Skill_blacksmith_T5	DBO_Manual_Daedric
[Kirax] Lost Ark Reborn Paladin Legendary.esp	000BA1	RecipeArmorLoARPalLegendaryAltMain	DBO_Skill_blacksmith_T5	DBO_Manual_Daedric
[Kirax] Lost Ark Reborn Paladin Legendary.esp	000BA2	RecipeArmorLoARPalLegendaryCloak	DBO_Skill_blacksmith_T5	DBO_Manual_Daedric
[Kirax] Lost Ark Reborn Paladin Legendary.esp	000BA3	RecipeArmorLoARPalLegendaryHelm	DBO_Skill_blacksmith_T5	DBO_Manual_Daedric
[Kirax] Lost Ark Reborn Paladin Legendary.esp	000BA4	RecipeArmorLoARPalLegendaryShoes	DBO_Skill_blacksmith_T5	DBO_Manual_Daedric
[Kirax] Lost Ark Reborn Paladin Legendary.esp	000BA5	RecipeArmorLoARPalLegendaryHands	DBO_Skill_blacksmith_T5	DBO_Manual_Daedric
[Kirax] Lost Ark Reborn Paladin Legendary.esp	000BA6	RecipeArmorLoARPalLegendaryMain	DBO_Skill_blacksmith_T5	DBO_Manual_Daedric
Armors of the Velothi Pt2.esp	000914	DLC2RecipeArmorAshlanderWarriorHelmetNew	DBO_Skill_blacksmith_T2	DBO_Manual_BoneAndChitin
Armors of the Velothi Pt2.esp	000916	DLC2RecipeArmorAshlanderWarriorBoots	DBO_Skill_blacksmith_T2	DBO_Manual_BoneAndChitin
Armors of the Velothi Pt2.esp	000917	DLC2RecipeArmorAshlanderWarriorCuirass	DBO_Skill_blacksmith_T2	DBO_Manual_BoneAndChitin
Armors of the Velothi Pt2.esp	000918	DLC2RecipeArmorAshlanderWarriorGauntlets	DBO_Skill_blacksmith_T2	DBO_Manual_BoneAndChitin
Armors of the Velothi Pt2.esp	000919	DLC2RecipeArmorAshlanderWarriorHelmet	DBO_Skill_blacksmith_T2	DBO_Manual_BoneAndChitin
Armors of the Velothi Pt2.esp	00091F	DLC2RecipeArmorAshlanderWarriorHelmet1	DBO_Skill_blacksmith_T2	DBO_Manual_BoneAndChitin
Armors of the Velothi.esp	00080D	AOTVRecipeArmorIndorilWayfarerCuirass1	DBO_Skill_blacksmith_T2	DBO_Manual_BoneAndChitin
Armors of the Velothi.esp	00087D	AOTVRecipeArmorBeetleBoots	DBO_Skill_blacksmith_T2	DBO_Manual_BoneAndChitin
Armors of the Velothi.esp	00087E	AOTVRecipeArmorBeetleCuirass	DBO_Skill_blacksmith_T2	DBO_Manual_BoneAndChitin
Armors of the Velothi.esp	00087F	AOTVRecipeArmorBeetleGauntlets	DBO_Skill_blacksmith_T2	DBO_Manual_BoneAndChitin
Armors of the Velothi.esp	000880	AOTVRecipeArmorBeetleHelmet	DBO_Skill_blacksmith_T2	DBO_Manual_BoneAndChitin
Armors of the Velothi.esp	000881	AOTVRecipeArmorBeetleHelmet1	DBO_Skill_blacksmith_T2	DBO_Manual_BoneAndChitin
Armors of the Velothi.esp	000882	AOTVRecipeArmorBeetleCuirass1	DBO_Skill_blacksmith_T2	DBO_Manual_BoneAndChitin
Armors of the Velothi.esp	000883	AOTVRecipeArmorBeetleCloak	DBO_Skill_blacksmith_T2	DBO_Manual_BoneAndChitin
Armors of the Velothi.esp	00088A	AOTVRecipeArmorIndorilWayfarerBoots	DBO_Skill_blacksmith_T2	DBO_Manual_BoneAndChitin
Armors of the Velothi.esp	00088B	AOTVRecipeArmorIndorilWayfarerCuirass	DBO_Skill_blacksmith_T2	DBO_Manual_BoneAndChitin
Armors of the Velothi.esp	00088C	AOTVRecipeArmorIndorilWayfarerGauntlets	DBO_Skill_blacksmith_T2	DBO_Manual_BoneAndChitin
Armors of the Velothi.esp	00088D	AOTVRecipeArmorIndorilWayfarerHelmet	DBO_Skill_blacksmith_T2	DBO_Manual_BoneAndChitin
Armors of the Velothi.esp	00088E	AOTVRecipeArmorIndorilWayfarerHelmet1	DBO_Skill_blacksmith_T2	DBO_Manual_BoneAndChitin
BSAssets.esm	601A65	BSKRecipe74wWoodClub	DBO_Skill_blacksmith_T1	-
BSAssets.esm	601A66	BSKRecipe74wWakizasSilver	DBO_Skill_blacksmith_T2	DBO_Manual_Silver
BSAssets.esm	601A67	BSKRecipe74wWakiSteel	DBO_Skill_blacksmith_T2	DBO_Manual_Steel
BSAssets.esm	601A68	BSKRecipe74wWakIron	DBO_Skill_blacksmith_T1	-
BSAssets.esm	601A69	BSKRecipe74wWakiDaedric	DBO_Skill_blacksmith_T5	DBO_Manual_Daedric
BSAssets.esm	601A6A	BSKRecipe74wTantoSteel	DBO_Skill_blacksmith_T2	DBO_Manual_Steel
BSAssets.esm	601A6B	BSKRecipe74wTantoSilver	DBO_Skill_blacksmith_T2	DBO_Manual_Silver
BSAssets.esm	601A6C	BSKRecipe74wTantDaedric	DBO_Skill_blacksmith_T5	DBO_Manual_Daedric
BSAssets.esm	601A6D	BSKRecipe74wTanIron	DBO_Skill_blacksmith_T1	-
BSAssets.esm	601A6E	BSKRecipe74wSteelSword	DBO_Skill_blacksmith_T2	DBO_Manual_Steel
BSAssets.esm	601A6F	BSKRecipe74wSteelScimitar	DBO_Skill_blacksmith_T2	DBO_Manual_Steel
BSAssets.esm	601A70	BSKRecipe74wSteelSaber	DBO_Skill_blacksmith_T2	DBO_Manual_Steel
BSAssets.esm	601A71	BSKRecipe74wSteelClub	DBO_Skill_blacksmith_T2	DBO_Manual_Steel
BSAssets.esm	601A72	BSKRecipe74wStaffWood	DBO_Skill_blacksmith_T1	-
BSAssets.esm	601A73	BSKRecipe74wStaffSteel	DBO_Skill_blacksmith_T2	DBO_Manual_Steel
BSAssets.esm	601A74	BSKRecipe74wStaffSilver2	DBO_Skill_blacksmith_T2	DBO_Manual_Silver
BSAssets.esm	601A75	BSKRecipe74wStaffSilver	DBO_Skill_blacksmith_T2	DBO_Manual_Silver
BSAssets.esm	601A76	BSKRecipe74wStaffIron	DBO_Skill_blacksmith_T1	-
BSAssets.esm	601A77	BSKRecipe74wStaffGlass	DBO_Skill_blacksmith_T4	DBO_Manual_Glass
BSAssets.esm	601A78	BSKRecipe74wStaffEbony	DBO_Skill_blacksmith_T4	DBO_Manual_Ebony
BSAssets.esm	601A7A	BSKRecipe74wSilver2HAxe2	DBO_Skill_blacksmith_T2	DBO_Manual_Silver
BSAssets.esm	601A7B	BSKRecipe74wSilver2HAxe	DBO_Skill_blacksmith_T2	DBO_Manual_Silver
BSAssets.esm	601A7C	BSKRecipe74wSilver1HAxe2	DBO_Skill_blacksmith_T2	DBO_Manual_Silver
BSAssets.esm	601A7D	BSKRecipe74wSilver1HAxe	DBO_Skill_blacksmith_T2	DBO_Manual_Silver
BSAssets.esm	601A7E	BSKRecipe74wScimitarSilver2	DBO_Skill_blacksmith_T2	DBO_Manual_Silver
BSAssets.esm	601A7F	BSKRecipe74wScimitarSilver	DBO_Skill_blacksmith_T2	DBO_Manual_Silver
BSAssets.esm	601A80	BSKRecipe74wNodachiSteel	DBO_Skill_blacksmith_T2	DBO_Manual_Steel
BSAssets.esm	601A81	BSKRecipe74wNodachiSilver	DBO_Skill_blacksmith_T2	DBO_Manual_Silver
BSAssets.esm	601A82	BSKRecipe74wNodachiIron	DBO_Skill_blacksmith_T1	-
BSAssets.esm	601A83	BSKRecipe74wNodachiDaedric	DBO_Skill_blacksmith_T5	DBO_Manual_Daedric
BSAssets.esm	601A84	BSKRecipe74wLongswordSteel	DBO_Skill_blacksmith_T2	DBO_Manual_Steel
BSAssets.esm	601A85	BSKRecipe74wLongswordSilver2	DBO_Skill_blacksmith_T2	DBO_Manual_Silver
BSAssets.esm	601A86	BSKRecipe74wLongswordSilver	DBO_Skill_blacksmith_T2	DBO_Manual_Silver
BSAssets.esm	601A87	BSKRecipe74wLongswordOrcish	DBO_Skill_blacksmith_T3	DBO_Manual_Orcish
BSAssets.esm	601A8A	BSKRecipe74wKatIron	DBO_Skill_blacksmith_T1	-
BSAssets.esm	601A8B	BSKRecipe74wKatanaSteel	DBO_Skill_blacksmith_T2	DBO_Manual_Steel
BSAssets.esm	601A8C	BSKRecipe74wKatanaSilver	DBO_Skill_blacksmith_T2	DBO_Manual_Silver
BSAssets.esm	601A8D	BSKRecipe74wKatanaDaedric	DBO_Skill_blacksmith_T5	DBO_Manual_Daedric
BSAssets.esm	601A8E	BSKRecipe74wIronScimitar	DBO_Skill_blacksmith_T1	-
BSAssets.esm	601A8F	BSKRecipe74wIronSaber	DBO_Skill_blacksmith_T1	-
BSAssets.esm	601A90	BSKRecipe74wIronClub	DBO_Skill_blacksmith_T1	-
BSAssets.esm	601A91	BSKRecipe74wGlassSword	DBO_Skill_blacksmith_T4	DBO_Manual_Glass
BSAssets.esm	601A92	BSKRecipe74wEbonySword2	DBO_Skill_blacksmith_T4	DBO_Manual_Ebony
BSAssets.esm	601A93	BSKRecipe74wEbonyScimi	DBO_Skill_blacksmith_T4	DBO_Manual_Ebony
BSAssets.esm	601A94	BSKRecipe74wDaedricSword	DBO_Skill_blacksmith_T5	DBO_Manual_Daedric
BSAssets.esm	60240F	BSKRecipeJewelryNecklaceBronze	DBO_Skill_blacksmith_T1	-
BSAssets.esm	602410	BSKRecipeJewelryNecklaceCopper	DBO_Skill_blacksmith_T1	-
BSAssets.esm	602411	BSKRecipeJewelryRingBrass	DBO_Skill_blacksmith_T1	-
BSAssets.esm	602412	BSKRecipeJewelryRingBrassPearl	DBO_Skill_blacksmith_T1	-
BSAssets.esm	602413	BSKRecipeJewelryRingCopper	DBO_Skill_blacksmith_T1	-
BSAssets.esm	602414	BSKRecipeJewelryRingCopperPearl	DBO_Skill_blacksmith_T1	-
BSAssets.esm	602415	BSKRecipeJewelryRingCopperRuby	DBO_Skill_blacksmith_T1	-
BSAssets.esm	602416	BSKRecipeJewelryRingEbony	DBO_Skill_blacksmith_T4	-
BSAssets.esm	602417	BSKRecipeJewelryRingEbonyDiamond	DBO_Skill_blacksmith_T4	-
BSAssets.esm	602418	BSKRecipeJewelryRingEbonyEmerald	DBO_Skill_blacksmith_T4	-
BSAssets.esm	602419	BSKRecipeJewelryRingBrassTopaz	DBO_Skill_blacksmith_T1	-
BSAssets.esm	60241A	BSKRecipeJewelryRingCopperTopaz	DBO_Skill_blacksmith_T1	-
BSAssets.esm	60241B	BSKRecipeJewelryRingJade	DBO_Skill_blacksmith_T3	-
BSAssets.esm	60241C	BSKRecipeJewelryRingJadeRuby	DBO_Skill_blacksmith_T3	-
BSAssets.esm	60241D	BSKRecipeJewelryRingJadeSapphire	DBO_Skill_blacksmith_T3	-
BSAssets.esm	60241E	BSKRecipeJewelryRingJadeTopaz	DBO_Skill_blacksmith_T3	-
BSAssets.esm	60280D	BSKRecipeFoodEggBoiled	DBO_Skill_cook_T1	-
BSAssets.esm	6028C8	BSKRecipeFoodLambCooked	DBO_Skill_cook_T2	-
BSAssets.esm	602920	BSKRecipeJewelryRingSilverSapphire	DBO_Skill_blacksmith_T2	-
BSAssets.esm	602921	BSKRecipeJewelryRingSilverEmerald	DBO_Skill_blacksmith_T2	-
BSAssets.esm	602944	BSKRecipeFoodCabbageRoll	DBO_Skill_cook_T2	-
BSAssets.esm	60298F	BSKRecipeFoodCoffeeTankard	DBO_Skill_cook_T4	-
BSAssets.esm	602990	BSKRecipeFoodCoffeeTankard02	DBO_Skill_cook_T4	-
BSHeartland.esm	071A15	CYRRecipeFoodTurkeyCooked	DBO_Skill_cook_T1	-
BSHeartland.esm	071A86	CYRRecipeFoodSaladWatermelon	DBO_Skill_cook_T5	-
BSHeartland.esm	0721CC	CYRRecipeFoodJuggedRabbit	DBO_Skill_cook_T2	-
BSHeartland.esm	0721CD	CYRRecipeFoodTroutCooked	DBO_Skill_cook_T1	-
BSHeartland.esm	0721CE	CYRRecipeFoodGarlicCarrots	DBO_Skill_cook_T1	-
BSHeartland.esm	0B6C57	CYRRecipeFoodAppleBaked	DBO_Skill_cook_T1	-
BSHeartland.esm	0CBE2A	CYRRecipeWeaponSteelBattleAxe	DBO_Skill_blacksmith_T2	DBO_Manual_Steel
BSHeartland.esm	0CBE2B	CYRRecipeWeaponSteelDagger	DBO_Skill_blacksmith_T2	DBO_Manual_Steel
BSHeartland.esm	0CBE2C	CYRRecipeWeaponSteelGreatsword	DBO_Skill_blacksmith_T2	DBO_Manual_Steel
BSHeartland.esm	0CBE2D	CYRRecipeWeaponSteelMace	DBO_Skill_blacksmith_T2	DBO_Manual_Steel
BSHeartland.esm	0CBE2E	CYRRecipeWeaponSteelSword	DBO_Skill_blacksmith_T2	DBO_Manual_Steel
BSHeartland.esm	0CBE2F	CYRRecipeWeaponSteelWarAxe	DBO_Skill_blacksmith_T2	DBO_Manual_Steel
BSHeartland.esm	0CBE30	CYRRecipeWeaponSteelWarhammer	DBO_Skill_blacksmith_T2	DBO_Manual_Steel
BSHeartland.esm	0CC282	CYRRecipeFoodRatCooked	DBO_Skill_cook_T1	-
BSHeartland.esm	0CC289	CYRRecipeArmorIronShield	DBO_Skill_blacksmith_T1	-
BSHeartland.esm	0CC28C	CYRRecipeWeaponWornElvenSwordConversion	DBO_Skill_blacksmith_T2	DBO_Manual_Elven
BSHeartland.esm	0CC28D	CYRRecipeWeaponWornAkaviriKatanaConversion	DBO_Skill_blacksmith_T2	DBO_Manual_Steel
BSHeartland.esm	0CC297	CYRRecipeHorseShoe	DBO_Skill_blacksmith_T1	-
BSHeartland.esm	0CC298	CYRRecipeWeaponIronClub	DBO_Skill_blacksmith_T1	-
BSHeartland.esm	0CC299	CYRRecipeWeaponIronFalchion	DBO_Skill_blacksmith_T1	-
BSHeartland.esm	0CC29A	CYRRecipeWeaponIronWarHammer	DBO_Skill_blacksmith_T1	-
BSHeartland.esm	0CC29B	CYRRecipeWeaponIronWarAxe	DBO_Skill_blacksmith_T1	-
BSHeartland.esm	0CC29C	CYRRecipeWeaponIronSword	DBO_Skill_blacksmith_T1	-
BSHeartland.esm	0CC29D	CYRRecipeWeaponIronMace	DBO_Skill_blacksmith_T1	-
BSHeartland.esm	0CC29E	CYRRecipeWeaponIronGreatSword	DBO_Skill_blacksmith_T1	-
BSHeartland.esm	0CC29F	CYRRecipeWeaponIronDagger	DBO_Skill_blacksmith_T1	-
BSHeartland.esm	0CC2A0	CYRRecipeWeaponIronBattleAxe	DBO_Skill_blacksmith_T1	-
BSHeartland.esm	0CC2AE	CYRRecipeArmorLeatherHelmet	DBO_Skill_blacksmith_T1	-
BSHeartland.esm	0CC2AF	CYRRecipeArmorLeatherGauntlets	DBO_Skill_blacksmith_T1	-
BSHeartland.esm	0CC2B0	CYRRecipeArmorLeatherCuirass	DBO_Skill_blacksmith_T1	-
BSHeartland.esm	0CC2B1	CYRRecipeArmorLeatherBoots	DBO_Skill_blacksmith_T1	-
BSHeartland.esm	0CC2B2	CYRRecipeArmorIronHelmet	DBO_Skill_blacksmith_T1	-
BSHeartland.esm	0CC2B3	CYRRecipeArmorIronGauntlets	DBO_Skill_blacksmith_T1	-
BSHeartland.esm	0CC2B4	CYRRecipeArmorIronCuirass	DBO_Skill_blacksmith_T1	-
BSHeartland.esm	0CC2B5	CYRRecipeArmorIronBoots	DBO_Skill_blacksmith_T1	-
BSHeartland.esm	0CC2B6	CYRRecipeArmorFurHelmet	DBO_Skill_blacksmith_T1	-
BSHeartland.esm	0CC2B7	CYRRecipeArmorUniqueColovianFurHelm	DBO_Skill_blacksmith_T1	-
BSHeartland.esm	0CC2B8	CYRRecipeArmorFurGauntlets	DBO_Skill_blacksmith_T1	-
BSHeartland.esm	0CC2B9	CYRRecipeArmorFurCuirass02	DBO_Skill_blacksmith_T1	-
BSHeartland.esm	0CC2BA	CYRRecipeArmorFurCuirass01	DBO_Skill_blacksmith_T1	-
BSHeartland.esm	0CC2BB	CYRRecipeArmorFurBoots	DBO_Skill_blacksmith_T1	-
BSHeartland.esm	0CC2D3	CYRRecipeFoodImperialCityStew	DBO_Skill_cook_T4	-
BSHeartland.esm	0D3900	CYRdunFrostfireQSTRefinedFrostSaltsConstructible	DBO_Skill_cook_T3	-
BSHeartland.esm	0D5225	CYRRecipeArmorIronHeavyCuirass	DBO_Skill_blacksmith_T1	-
BSHeartland.esm	0D6A47	CYRRecipeArmorChainmailCuirass	DBO_Skill_blacksmith_T2	DBO_Manual_Chainmail
BSHeartland.esm	0D6A48	CYRRecipeArmorChainmailBoots	DBO_Skill_blacksmith_T2	DBO_Manual_Chainmail
BSHeartland.esm	0D6A49	CYRRecipeArmorChainmailGauntlets	DBO_Skill_blacksmith_T2	DBO_Manual_Chainmail
BSHeartland.esm	0D6A4A	CYRRecipeArmorChainmailHelmet	DBO_Skill_blacksmith_T2	DBO_Manual_Chainmail
BSHeartland.esm	0DEFAF	CYRRecipeFoodSoupFish	DBO_Skill_cook_T4	-
BSHeartland.esm	0ED4AD	CYRRecipeArmorLeatherShield	DBO_Skill_blacksmith_T1	-
ccBGSSSE001-Fish.esm	0008A7	ccBGSSSE001_RecipeFoodVampireFishCooked	DBO_Skill_cook_T3	-
ccBGSSSE001-Fish.esm	0008A8	ccBGSSSE001_RecipeFoodTunaSalmonCooked	DBO_Skill_cook_T1	-
ccBGSSSE001-Fish.esm	0008A9	ccBGSSSE001_RecipeFoodTripodFishCooked	DBO_Skill_cook_T3	-
ccBGSSSE001-Fish.esm	0008AA	ccBGSSSE001_RecipeFoodPinnateSpadefishCooked	DBO_Skill_cook_T3	-
ccBGSSSE001-Fish.esm	0008AB	ccBGSSSE001_RecipeFoodAnglerCooked	DBO_Skill_cook_T3	-
ccBGSSSE001-Fish.esm	0008AC	ccBGSSSE001_RecipeFoodArcticCharCooked	DBO_Skill_cook_T3	-
ccBGSSSE001-Fish.esm	0008AD	ccBGSSSE001_RecipeFoodArcticGraylingCooked	DBO_Skill_cook_T1	-
ccBGSSSE001-Fish.esm	0008AE	ccBGSSSE001_RecipeFoodSalmonCooked	DBO_Skill_cook_T1	-
ccBGSSSE001-Fish.esm	0008AF	ccBGSSSE001_RecipeFoodAsiaticGlassfishCooked	DBO_Skill_cook_T1	-
ccBGSSSE001-Fish.esm	0008B0	ccBGSSSE001_RecipeFoodAtlanticCodCooked	DBO_Skill_cook_T3	-
ccBGSSSE001-Fish.esm	0008B1	ccBGSSSE001_RecipeFoodAustrolebiasCooked	DBO_Skill_cook_T3	-
ccBGSSSE001-Fish.esm	0008B2	ccBGSSSE001_RecipeFoodBucketFishCooked	DBO_Skill_cook_T1	-
ccBGSSSE001-Fish.esm	0008B3	ccBGSSSE001_RecipeFoodCabezonCooked	DBO_Skill_cook_T3	-
ccBGSSSE001-Fish.esm	0008B4	ccBGSSSE001_RecipeFoodCarpCooked	DBO_Skill_cook_T1	-
ccBGSSSE001-Fish.esm	0008B5	ccBGSSSE001_RecipeFoodCuckooCatfishCooked	DBO_Skill_cook_T1	-
ccBGSSSE001-Fish.esm	0008B6	ccBGSSSE001_RecipeFoodDragonfishCooked	DBO_Skill_cook_T1	-
ccBGSSSE001-Fish.esm	0008B7	ccBGSSSE001_RecipeFoodFlameAnglerfishCooked	DBO_Skill_cook_T3	-
ccBGSSSE001-Fish.esm	0008B8	ccBGSSSE001_RecipeFoodGlassCatfishCooked	DBO_Skill_cook_T1	-
ccBGSSSE001-Fish.esm	0008B9	ccBGSSSE001_RecipeFoodGoldfishCooked	DBO_Skill_cook_T3	-
ccBGSSSE001-Fish.esm	0008BA	ccBGSSSE001_RecipeFoodLyretailAnthiasCooked	DBO_Skill_cook_T3	-
ccBGSSSE001-Fish.esm	0008BB	ccBGSSSE001_RecipeFoodPygmySunfishCooked	DBO_Skill_cook_T1	-
ccBGSSSE001-Fish.esm	0008BC	ccBGSSSE001_RecipeFoodAnglerLarvaeCooked	DBO_Skill_cook_T1	-
ccBGSSSE001-Fish.esm	0008FA	ccBGSSSE001_RecipeFoodJuvenileMudcrabCooked	DBO_Skill_cook_T3	-
ccBGSSSE001-Fish.esm	000AE5	ccBGSSSE001_RecipeWeaponDwarvenFishingRod	DBO_Skill_blacksmith_T1	-
ccBGSSSE001-Fish.esm	000E94	ccBGSSSE001_RecipeWeaponAlikriFishingRod	DBO_Skill_blacksmith_T1	-
ccBGSSSE001-Fish.esm	000E95	ccBGSSSE001_RecipeWeaponArgonianFishingRod	DBO_Skill_blacksmith_T1	-
ccBGSSSE001-Fish.esm	000E96	ccBGSSSE001_RecipeWeaponImperialFishingRod	DBO_Skill_blacksmith_T1	-
ccBGSSSE001-Fish.esm	000F01	ccBGSSSE001_RecipeFoodCreamyCrabBisque	DBO_Skill_cook_T5	-
ccBGSSSE001-Fish.esm	000F03	ccBGSSSE001_RecipeFoodRoastedTomatoCrabBisque	DBO_Skill_cook_T4	-
ccBGSSSE001-Fish.esm	000F05	ccBGSSSE001_RecipeFoodPotatoCrabChowder	DBO_Skill_cook_T2	-
ccBGSSSE001-Fish.esm	000F0D	ccBGSSSE001_RecipeFoodPotatoCrabChowderHOT	DBO_Skill_cook_T3	-
ccBGSSSE001-Fish.esm	000F0E	ccBGSSSE001_RecipeFoodRoastedTomatoCrabBisqueHOT	DBO_Skill_cook_T4	-
ccBGSSSE001-Fish.esm	000F0F	ccBGSSSE001_RecipeFoodCreamyCrabBisqueHOT	DBO_Skill_cook_T5	-
ccBGSSSE001-Fish.esm	000F26	ccBGSSSE001_RecipeFoodSlaughterfishCooked	DBO_Skill_cook_T1	-
ccBGSSSE001-Fish.esm	000F79	ccBGSSSE001_RecipeFoodCrabStew	DBO_Skill_cook_T4	-
ccBGSSSE001-Fish.esm	000F7A	ccBGSSSE001_RecipeFoodCrabStewHOT	DBO_Skill_cook_T4	-
ccBGSSSE001-Fish.esm	000F7B	ccBGSSSE001_RecipeFoodCrabCakes	DBO_Skill_cook_T4	-
ccBGSSSE001-Fish.esm	000F7C	ccBGSSSE001_RecipeFoodAnglerLarvaeCookedCamping	DBO_Skill_cook_T1	-
ccBGSSSE001-Fish.esm	000F7D	ccBGSSSE001_RecipeFoodArcticCharCookedCamping	DBO_Skill_cook_T3	-
ccBGSSSE001-Fish.esm	000F7E	ccBGSSSE001_RecipeFoodArcticGraylingCookedCamping	DBO_Skill_cook_T1	-
ccBGSSSE001-Fish.esm	000F7F	ccBGSSSE001_RecipeFoodAsiaticGlassfishCookedCamping	DBO_Skill_cook_T1	-
ccBGSSSE001-Fish.esm	000F80	ccBGSSSE001_RecipeFoodAtlanticCodCookedCamping	DBO_Skill_cook_T3	-
ccBGSSSE001-Fish.esm	000F81	ccBGSSSE001_RecipeFoodAustrolebiasCookedCamping	DBO_Skill_cook_T3	-
ccBGSSSE001-Fish.esm	000F82	ccBGSSSE001_RecipeFoodBucketFishCookedCamping	DBO_Skill_cook_T1	-
ccBGSSSE001-Fish.esm	000F83	ccBGSSSE001_RecipeFoodCabezonCookedCamping	DBO_Skill_cook_T3	-
ccBGSSSE001-Fish.esm	000F84	ccBGSSSE001_RecipeFoodCarpCookedCamping	DBO_Skill_cook_T1	-
ccBGSSSE001-Fish.esm	000F86	ccBGSSSE001_RecipeFoodVampireFishCookedCamping	DBO_Skill_cook_T3	-
ccBGSSSE001-Fish.esm	000F87	ccBGSSSE001_RecipeFoodTunaSalmonCookedCamping	DBO_Skill_cook_T1	-
ccBGSSSE001-Fish.esm	000F88	ccBGSSSE001_RecipeFoodTripodFishCookedCamping	DBO_Skill_cook_T3	-
ccBGSSSE001-Fish.esm	000F89	ccBGSSSE001_RecipeFoodSlaughterfishCookedCamping	DBO_Skill_cook_T1	-
ccBGSSSE001-Fish.esm	000F8A	ccBGSSSE001_RecipeFoodSalmonCookedCamping	DBO_Skill_cook_T1	-
ccBGSSSE001-Fish.esm	000F8B	ccBGSSSE001_RecipeFoodPinnateSpadefishCookedCamping	DBO_Skill_cook_T3	-
ccBGSSSE001-Fish.esm	000F8C	ccBGSSSE001_RecipeFoodPygmySunfishCookedCamping	DBO_Skill_cook_T1	-
ccBGSSSE001-Fish.esm	000F8D	ccBGSSSE001_RecipeFoodLyretailAnthiasCookedCamping	DBO_Skill_cook_T3	-
ccBGSSSE001-Fish.esm	000F8E	ccBGSSSE001_RecipeFoodJuvenileMudcrabCookedCamping	DBO_Skill_cook_T3	-
ccBGSSSE001-Fish.esm	000F8F	ccBGSSSE001_RecipeFoodGoldfishCookedCamping	DBO_Skill_cook_T3	-
ccBGSSSE001-Fish.esm	000F90	ccBGSSSE001_RecipeFoodGlassCatfishCookedCamping	DBO_Skill_cook_T1	-
ccBGSSSE001-Fish.esm	000F91	ccBGSSSE001_RecipeFoodFlameAnglerfishCookedCamping	DBO_Skill_cook_T3	-
ccBGSSSE001-Fish.esm	000F92	ccBGSSSE001_RecipeFoodDragonfishCookedCamping	DBO_Skill_cook_T1	-
ccBGSSSE001-Fish.esm	000F93	ccBGSSSE001_RecipeFoodCuckooCatfishCookedCamping	DBO_Skill_cook_T1	-
ccBGSSSE001-Fish.esm	000F94	ccBGSSSE001_RecipeFoodAnglerCookedCamping	DBO_Skill_cook_T3	-
ccBGSSSE001-Fish.esm	0850DA	ccBGSSSE001_RecipeWeaponSpecialDwarvenAxe	DBO_Skill_blacksmith_T2	DBO_Manual_Dwarven
ccBGSSSE001-Fish.esm	08A1F3	ccBGSSSE001_RecipeWeaponSkyforgeDagger	DBO_Skill_blacksmith_T2	DBO_Manual_AncientNord
ccBGSSSE001-Fish.esm	08A1F4	ccBGSSSE001_RecipeWeaponSkyforgeMace	DBO_Skill_blacksmith_T2	DBO_Manual_AncientNord
ccBGSSSE001-Fish.esm	08A1F5	ccBGSSSE001_RecipeWeaponSkyforgeWarhammer	DBO_Skill_blacksmith_T2	DBO_Manual_AncientNord
ccBGSSSE025-AdvDSGS.esm	00088A	ccBGSSSE025_RecipeWeaponDarkSeducerSword	DBO_Skill_blacksmith_T5	DBO_Manual_Daedric
ccBGSSSE025-AdvDSGS.esm	00088B	ccBGSSSE025_RecipeWeaponDarkSeducerWarAxe	DBO_Skill_blacksmith_T5	DBO_Manual_Daedric
ccBGSSSE025-AdvDSGS.esm	00088C	ccBGSSSE025_RecipeWeaponDarkSeducerWarhammer	DBO_Skill_blacksmith_T5	DBO_Manual_Daedric
ccBGSSSE025-AdvDSGS.esm	000890	ccBGSSSE025_RecipeArmorGoldenSaintBoots	DBO_Skill_blacksmith_T5	DBO_Manual_Daedric
ccBGSSSE025-AdvDSGS.esm	000891	ccBGSSSE025_RecipeArmorGoldenSaintCuirass	DBO_Skill_blacksmith_T5	DBO_Manual_Daedric
ccBGSSSE025-AdvDSGS.esm	000892	ccBGSSSE025_RecipeArmorGoldenSaintGauntlets	DBO_Skill_blacksmith_T5	DBO_Manual_Daedric
ccBGSSSE025-AdvDSGS.esm	000893	ccBGSSSE025_RecipeArmorGoldenSaintHelmet	DBO_Skill_blacksmith_T5	DBO_Manual_Daedric
ccBGSSSE025-AdvDSGS.esm	000894	ccBGSSSE025_RecipeArmorGoldenSaintShield	DBO_Skill_blacksmith_T5	DBO_Manual_Daedric
ccBGSSSE025-AdvDSGS.esm	000895	ccBGSSSE025_RecipeArmorDarkSeducerBoots	DBO_Skill_blacksmith_T5	DBO_Manual_Daedric
ccBGSSSE025-AdvDSGS.esm	000896	ccBGSSSE025_RecipeArmorDarkSeducerCuirass	DBO_Skill_blacksmith_T5	DBO_Manual_Daedric
ccBGSSSE025-AdvDSGS.esm	000897	ccBGSSSE025_RecipeArmorDarkSeducerGauntlets	DBO_Skill_blacksmith_T5	DBO_Manual_Daedric
ccBGSSSE025-AdvDSGS.esm	000898	ccBGSSSE025_RecipeArmorDarkSeducerHelmet	DBO_Skill_blacksmith_T5	DBO_Manual_Daedric
ccBGSSSE025-AdvDSGS.esm	000899	ccBGSSSE025_RecipeArmorDarkSeducerShield	DBO_Skill_blacksmith_T5	DBO_Manual_Daedric
ccBGSSSE025-AdvDSGS.esm	0008A6	ccBGSSSE025_RecipeWeaponGoldenSaintBattleAxe	DBO_Skill_blacksmith_T5	DBO_Manual_Daedric
ccBGSSSE025-AdvDSGS.esm	0008A7	ccBGSSSE025_RecipeWeaponGoldenSaintBow	DBO_Skill_blacksmith_T5	DBO_Manual_Daedric
ccBGSSSE025-AdvDSGS.esm	0008A8	ccBGSSSE025_RecipeWeaponGoldenSaintDagger	DBO_Skill_blacksmith_T5	DBO_Manual_Daedric
ccBGSSSE025-AdvDSGS.esm	0008A9	ccBGSSSE025_RecipeWeaponGoldenSaintGreatsword	DBO_Skill_blacksmith_T5	DBO_Manual_Daedric
ccBGSSSE025-AdvDSGS.esm	0008AA	ccBGSSSE025_RecipeWeaponGoldenSaintSword	DBO_Skill_blacksmith_T5	DBO_Manual_Daedric
ccBGSSSE025-AdvDSGS.esm	0008AB	ccBGSSSE025_RecipeWeaponGoldenSaintWarAxe	DBO_Skill_blacksmith_T5	DBO_Manual_Daedric
ccBGSSSE025-AdvDSGS.esm	0008AC	ccBGSSSE025_RecipeWeaponGoldenSaintWarhammer	DBO_Skill_blacksmith_T5	DBO_Manual_Daedric
ccBGSSSE025-AdvDSGS.esm	0008AD	ccBGSSSE025_RecipeWeaponGoldenSaintMace	DBO_Skill_blacksmith_T5	DBO_Manual_Daedric
ccBGSSSE025-AdvDSGS.esm	0008AE	ccBGSSSE025_RecipeAmmoDarkSeducerArrow	DBO_Skill_blacksmith_T5	DBO_Manual_Daedric
ccBGSSSE025-AdvDSGS.esm	0008AF	ccBGSSSE025_RecipeAmmoGoldenSaintArrow	DBO_Skill_blacksmith_T5	DBO_Manual_Daedric
ccBGSSSE025-AdvDSGS.esm	0008B0	ccBGSSSE025_RecipeWeaponDarkSeducerBattleAxe	DBO_Skill_blacksmith_T5	DBO_Manual_Daedric
ccBGSSSE025-AdvDSGS.esm	0008B1	ccBGSSSE025_RecipeWeaponDarkSeducerBow	DBO_Skill_blacksmith_T5	DBO_Manual_Daedric
ccBGSSSE025-AdvDSGS.esm	0008B2	ccBGSSSE025_RecipeWeaponDarkSeducerDagger	DBO_Skill_blacksmith_T5	DBO_Manual_Daedric
ccBGSSSE025-AdvDSGS.esm	0008B3	ccBGSSSE025_RecipeWeaponDarkSeducerGreatsword	DBO_Skill_blacksmith_T5	DBO_Manual_Daedric
ccBGSSSE025-AdvDSGS.esm	0008B4	ccBGSSSE025_RecipeWeaponDarkSeducerMace	DBO_Skill_blacksmith_T5	DBO_Manual_Daedric
ccBGSSSE025-AdvDSGS.esm	000C00	ccBGSSSE025_RecipeAmmoAmberArrow	DBO_Skill_blacksmith_T4	DBO_Manual_ShiveringIsles
ccBGSSSE025-AdvDSGS.esm	000C01	ccBGSSSE025_RecipeAmmoMadnessArrow	DBO_Skill_blacksmith_T5	DBO_Manual_ShiveringIsles
ccBGSSSE025-AdvDSGS.esm	000C04	ccBGSSSE025_RecipeArmorAmberBoots	DBO_Skill_blacksmith_T4	DBO_Manual_ShiveringIsles
ccBGSSSE025-AdvDSGS.esm	000C05	ccBGSSSE025_RecipeArmorAmberCuirass	DBO_Skill_blacksmith_T4	DBO_Manual_ShiveringIsles
ccBGSSSE025-AdvDSGS.esm	000C06	ccBGSSSE025_RecipeArmorAmberGauntlets	DBO_Skill_blacksmith_T4	DBO_Manual_ShiveringIsles
ccBGSSSE025-AdvDSGS.esm	000C07	ccBGSSSE025_RecipeArmorAmberHelmet	DBO_Skill_blacksmith_T4	DBO_Manual_ShiveringIsles
ccBGSSSE025-AdvDSGS.esm	000C08	ccBGSSSE025_RecipeArmorAmberShield	DBO_Skill_blacksmith_T4	DBO_Manual_ShiveringIsles
ccBGSSSE025-AdvDSGS.esm	000C09	ccBGSSSE025_RecipeArmorMadnessBoots	DBO_Skill_blacksmith_T5	DBO_Manual_ShiveringIsles
ccBGSSSE025-AdvDSGS.esm	000C0A	ccBGSSSE025_RecipeArmorMadnessCuirass	DBO_Skill_blacksmith_T5	DBO_Manual_ShiveringIsles
ccBGSSSE025-AdvDSGS.esm	000C0B	ccBGSSSE025_RecipeArmorMadnessGauntlets	DBO_Skill_blacksmith_T5	DBO_Manual_ShiveringIsles
ccBGSSSE025-AdvDSGS.esm	000C0C	ccBGSSSE025_RecipeArmorMadnessHelmet	DBO_Skill_blacksmith_T5	DBO_Manual_ShiveringIsles
ccBGSSSE025-AdvDSGS.esm	000C0D	ccBGSSSE025_RecipeArmorMadnessShield	DBO_Skill_blacksmith_T5	DBO_Manual_ShiveringIsles
ccBGSSSE025-AdvDSGS.esm	000C0E	ccBGSSSE025_RecipeWeaponAmberBattleAxe	DBO_Skill_blacksmith_T4	DBO_Manual_ShiveringIsles
ccBGSSSE025-AdvDSGS.esm	000C0F	ccBGSSSE025_RecipeWeaponAmberBow	DBO_Skill_blacksmith_T4	DBO_Manual_ShiveringIsles
ccBGSSSE025-AdvDSGS.esm	000C10	ccBGSSSE025_RecipeWeaponAmberDagger	DBO_Skill_blacksmith_T4	DBO_Manual_ShiveringIsles
ccBGSSSE025-AdvDSGS.esm	000C11	ccBGSSSE025_RecipeWeaponAmberGreatsword	DBO_Skill_blacksmith_T4	DBO_Manual_ShiveringIsles
ccBGSSSE025-AdvDSGS.esm	000C12	ccBGSSSE025_RecipeWeaponAmberMace	DBO_Skill_blacksmith_T4	DBO_Manual_ShiveringIsles
ccBGSSSE025-AdvDSGS.esm	000C13	ccBGSSSE025_RecipeWeaponAmberSword	DBO_Skill_blacksmith_T4	DBO_Manual_ShiveringIsles
ccBGSSSE025-AdvDSGS.esm	000C14	ccBGSSSE025_RecipeWeaponAmberWarAxe	DBO_Skill_blacksmith_T4	DBO_Manual_ShiveringIsles
ccBGSSSE025-AdvDSGS.esm	000C15	ccBGSSSE025_RecipeWeaponAmberWarhammer	DBO_Skill_blacksmith_T4	DBO_Manual_ShiveringIsles
ccBGSSSE025-AdvDSGS.esm	000C16	ccBGSSSE025_RecipeWeaponMadnessBattleAxe	DBO_Skill_blacksmith_T5	DBO_Manual_ShiveringIsles
ccBGSSSE025-AdvDSGS.esm	000C17	ccBGSSSE025_RecipeWeaponMadnessBow	DBO_Skill_blacksmith_T5	DBO_Manual_ShiveringIsles
ccBGSSSE025-AdvDSGS.esm	000C18	ccBGSSSE025_RecipeWeaponMadnessDagger	DBO_Skill_blacksmith_T5	DBO_Manual_ShiveringIsles
ccBGSSSE025-AdvDSGS.esm	000C19	ccBGSSSE025_RecipeWeaponMadnessGreatsword	DBO_Skill_blacksmith_T5	DBO_Manual_ShiveringIsles
ccBGSSSE025-AdvDSGS.esm	000C1A	ccBGSSSE025_RecipeWeaponMadnessMace	DBO_Skill_blacksmith_T5	DBO_Manual_ShiveringIsles
ccBGSSSE025-AdvDSGS.esm	000C1B	ccBGSSSE025_RecipeWeaponMadnessSword	DBO_Skill_blacksmith_T5	DBO_Manual_ShiveringIsles
ccBGSSSE025-AdvDSGS.esm	000C1C	ccBGSSSE025_RecipeWeaponMadnessWarAxe	DBO_Skill_blacksmith_T5	DBO_Manual_ShiveringIsles
ccBGSSSE025-AdvDSGS.esm	000C1D	ccBGSSSE025_RecipeWeaponMadnessWarhammer	DBO_Skill_blacksmith_T5	DBO_Manual_ShiveringIsles
ccBGSSSE037-Curios.esl	000834	ccBGSSSE037_RecipeBoltCorkbulb	DBO_Skill_blacksmith_T1	-
ccBGSSSE037-Curios.esl	000842	ccBGSSSE037_RecipeBoltSilver	DBO_Skill_blacksmith_T2	DBO_Manual_Silver
ccBGSSSE037-Curios.esl	000843	ccBGSSSE037_RecipeBoltOrcish	DBO_Skill_blacksmith_T3	DBO_Manual_Orcish
ccBGSSSE037-Curios.esl	000844	ccBGSSSE037_RecipeBoltBonemold	DBO_Skill_blacksmith_T2	DBO_Manual_BoneAndChitin
ccBGSSSE037-Curios.esl	000845	ccBGSSSE037_RecipeBoltIron	DBO_Skill_blacksmith_T1	-
ccBGSSSE037-Curios.esl	00084A	ccBGSSSE037_RecipeFoodPoisonedAppleGreen	DBO_Skill_cook_T3	-
ccBGSSSE037-Curios.esl	000853	ccBGSSSE037_RecipeArrowCorkbulb	DBO_Skill_blacksmith_T1	-
ccBGSSSE037-Curios.esl	000D9A	ccBGSSSE037_RecipeFoodPoisonedAppleRed	DBO_Skill_cook_T3	-
ccQDRSSE001-SurvivalMode.esl	000919	Survival_RecipeFoodBoarCooked	DBO_Skill_cook_T3	-
ccQDRSSE001-SurvivalMode.esl	0009D5	Survival_BYOHRecipeFoodSoupClamChowder	DBO_Skill_cook_T3	-
ccQDRSSE001-SurvivalMode.esl	0009D6	Survival_RecipeFoodSoupCabbagePotato	DBO_Skill_cook_T2	-
ccQDRSSE001-SurvivalMode.esl	0009D7	Survival_RecipeFoodSoupPotato	DBO_Skill_cook_T1	-
ccQDRSSE001-SurvivalMode.esl	0009D8	Survival_RecipeFoodSoupTomato	DBO_Skill_cook_T2	-
ccQDRSSE001-SurvivalMode.esl	0009D9	Survival_RecipeFoodSoupVegetable	DBO_Skill_cook_T4	-
ccQDRSSE001-SurvivalMode.esl	0009DA	Survival_DLC2RecipeFoodStewCabbage	DBO_Skill_cook_T1	-
ccQDRSSE001-SurvivalMode.esl	0009DD	Survival_RecipeFoodStewBeef	DBO_Skill_cook_T5	-
ccQDRSSE001-SurvivalMode.esl	0009DE	Survival_RecipeFoodStewHorker	DBO_Skill_cook_T3	-
ccQDRSSE001-SurvivalMode.esl	0009DF	Survival_RecipeFoodStewVenison	DBO_Skill_cook_T4	-
ccQDRSSE001-SurvivalMode.esl	000A09	Survival_RecipeFoodElsweyrFondue	DBO_Skill_cook_T5	-
ccQDRSSE001-SurvivalMode.esl	000A18	Survival_DLC2RecipeFoodStewHorkerAshYam	DBO_Skill_cook_T2	-
ccQDRSSE001-SurvivalMode.esl	000A19	Survival_RecipeFoodStewAppleCabbage	DBO_Skill_cook_T2	-
Dawnguard.esm	003987	DLC1RecipeArrowDaedric	DBO_Skill_blacksmith_T5	DBO_Manual_Daedric
Dawnguard.esm	006928	DLC1RecipeArrowDragonbone	DBO_Skill_blacksmith_T5	DBO_Manual_Dragon
Dawnguard.esm	00B64F	DLC1RecipeArrowIron	DBO_Skill_blacksmith_T1	-
Dawnguard.esm	00B650	DLC1RecipeArrowSteel	DBO_Skill_blacksmith_T2	DBO_Manual_Steel
Dawnguard.esm	00B651	DLC1RecipeArrowEbony	DBO_Skill_blacksmith_T4	DBO_Manual_Ebony
Dawnguard.esm	00B652	DLC1RecipeArrowDwarven	DBO_Skill_blacksmith_T2	DBO_Manual_Dwarven
Dawnguard.esm	00B653	DLC1RecipeArrowGlass	DBO_Skill_blacksmith_T4	DBO_Manual_Glass
Dawnguard.esm	00B654	DLC1RecipeArrowOrcish	DBO_Skill_blacksmith_T3	DBO_Manual_Orcish
Dawnguard.esm	00B655	DLC1RecipeArrowElven	DBO_Skill_blacksmith_T2	DBO_Manual_Elven
Dawnguard.esm	00F807	DLC1RecipeTechBoltSteelExplodingFire	DBO_Skill_blacksmith_T2	DBO_Manual_Steel
Dawnguard.esm	00F808	DLC1RecipeTechBoltSteelExplodingIce	DBO_Skill_blacksmith_T2	DBO_Manual_Steel
Dawnguard.esm	00F809	DLC1RecipeTechBoltSteelExplodingShock	DBO_Skill_blacksmith_T2	DBO_Manual_Steel
Dawnguard.esm	00F80A	DLC1RecipeTechBoltDwarvenExplodingFire	DBO_Skill_blacksmith_T2	DBO_Manual_Dwarven
Dawnguard.esm	00F80B	DLC1RecipeTechBoltDwarvenExplodingIce	DBO_Skill_blacksmith_T2	DBO_Manual_Dwarven
Dawnguard.esm	00F80C	DLC1RecipeTechBoltDwarvenExplodingShock	DBO_Skill_blacksmith_T2	DBO_Manual_Dwarven
Dawnguard.esm	00F80D	DLC1RecipeTechSteelCrossbowEnhanced	DBO_Skill_blacksmith_T2	DBO_Manual_Steel
Dawnguard.esm	00F80E	DLC1RecipeTechSteelCrossbow	DBO_Skill_blacksmith_T2	DBO_Manual_Steel
Dawnguard.esm	00F80F	DLC1RecipeTechDwarvenCrossbowEnhanced	DBO_Skill_blacksmith_T2	DBO_Manual_Dwarven
Dawnguard.esm	00F810	DLC1RecipeTechDwarvenCrossbow	DBO_Skill_blacksmith_T2	DBO_Manual_Dwarven
Dawnguard.esm	00F813	DLC1RecipeTechBoltSteel	DBO_Skill_blacksmith_T2	DBO_Manual_Steel
Dawnguard.esm	00F814	DLC1RecipeTechBoltDwarven	DBO_Skill_blacksmith_T2	DBO_Manual_Dwarven
Dawnguard.esm	010D87	DLC1RecipeBoneHawkAmulet	DBO_Skill_blacksmith_T1	-
Dawnguard.esm	0145C2	DLC1RecipeArmorShellbugHelmet	DBO_Skill_blacksmith_T1	-
Dawnguard.esm	019823	DLC1RecipeWeaponDragonboneBattleaxe	DBO_Skill_blacksmith_T5	DBO_Manual_Dragon
Dawnguard.esm	019824	DLC1RecipeWeaponDragonboneBow	DBO_Skill_blacksmith_T5	DBO_Manual_Dragon
Dawnguard.esm	019825	DLC1RecipeWeaponDragonboneDagger	DBO_Skill_blacksmith_T5	DBO_Manual_Dragon
Dawnguard.esm	019826	DLC1RecipeWeaponDragonboneGreatsword	DBO_Skill_blacksmith_T5	DBO_Manual_Dragon
Dawnguard.esm	019827	DLC1RecipeWeaponDragonboneMace	DBO_Skill_blacksmith_T5	DBO_Manual_Dragon
Dawnguard.esm	019828	DLC1RecipeWeaponDragonboneSword	DBO_Skill_blacksmith_T5	DBO_Manual_Dragon
Dawnguard.esm	019829	DLC1RecipeWeaponDragonboneWarAxe	DBO_Skill_blacksmith_T5	DBO_Manual_Dragon
Dawnguard.esm	01982A	DLC1RecipeWeaponDragonboneWarhammer	DBO_Skill_blacksmith_T5	DBO_Manual_Dragon
DIS_Heavy_Legion.esp	0053C7	RecipeArmorImperialStuddedCuirass	DBO_Skill_blacksmith_T2	DBO_Manual_Steel
DIS_Heavy_Legion.esp	005939	RecipeArmorImperialGauntletsMedium	DBO_Skill_blacksmith_T2	DBO_Manual_Steel
DIS_Heavy_Legion.esp	005941	RecipeArmorImperialHelmetMedium	DBO_Skill_blacksmith_T2	DBO_Manual_Steel
DIS_Heavy_Legion.esp	005EC3	RecipeDIS_Old_Boots	DBO_Skill_blacksmith_T1	-
DIS_Heavy_Legion.esp	005EC5	RecipeDIS_Old_Cuirass	DBO_Skill_blacksmith_T1	-
DIS_Heavy_Legion.esp	005EC8	RecipeDIS_Old_Gauntlets	DBO_Skill_blacksmith_T1	-
DIS_Heavy_Legion.esp	005ECA	RecipeDIS_Old_Helmet	DBO_Skill_blacksmith_T1	-
DIS_Heavy_Legion.esp	005ECC	RecipeDIS_Old_Shield	DBO_Skill_blacksmith_T1	-
DIS_Heavy_Legion.esp	006EFF	RecipeDIS_Old_Captain_Helmet	DBO_Skill_blacksmith_T1	-
DIS_Heavy_Legion.esp	006F00	RecipeDIS_Old_Helmet1	DBO_Skill_blacksmith_T1	-
Dragonborn.esm	02B04F	DLC2RecipeArmorChitinLightBoots	DBO_Skill_blacksmith_T2	DBO_Manual_BoneAndChitin
Dragonborn.esm	02B050	DLC2RecipeArmorChitinLightCuirass	DBO_Skill_blacksmith_T2	DBO_Manual_BoneAndChitin
Dragonborn.esm	02B051	DLC2RecipeArmorChitinLightGauntlets	DBO_Skill_blacksmith_T2	DBO_Manual_BoneAndChitin
Dragonborn.esm	02B052	DLC2RecipeArmorChitinHeavyHelmet	DBO_Skill_blacksmith_T2	DBO_Manual_BoneAndChitin
Dragonborn.esm	02B053	DLC2RecipeArmorChitinShield	DBO_Skill_blacksmith_T2	DBO_Manual_BoneAndChitin
Dragonborn.esm	02B054	DLC2RecipeArmorChitinLightHelmet	DBO_Skill_blacksmith_T2	DBO_Manual_BoneAndChitin
Dragonborn.esm	02B055	DLC2RecipeArmorChitinHeavyBoots	DBO_Skill_blacksmith_T2	DBO_Manual_BoneAndChitin
Dragonborn.esm	02B056	DLC2RecipeArmorChitinHeavyCuirass	DBO_Skill_blacksmith_T2	DBO_Manual_BoneAndChitin
Dragonborn.esm	02B057	DLC2RecipeArmorChitinHeavyGauntlets	DBO_Skill_blacksmith_T2	DBO_Manual_BoneAndChitin
Dragonborn.esm	02B058	DLC2RecipeArmorBonemoldBoots	DBO_Skill_blacksmith_T2	DBO_Manual_BoneAndChitin
Dragonborn.esm	02B059	DLC2RecipeArmorBonemoldCuirass	DBO_Skill_blacksmith_T2	DBO_Manual_BoneAndChitin
Dragonborn.esm	02B05A	DLC2RecipeArmorBonemoldGauntlets	DBO_Skill_blacksmith_T2	DBO_Manual_BoneAndChitin
Dragonborn.esm	02B05B	DLC2RecipeArmorBonemoldHelmet	DBO_Skill_blacksmith_T2	DBO_Manual_BoneAndChitin
Dragonborn.esm	02B05C	DLC2RecipeArmorBonemoldShield	DBO_Skill_blacksmith_T2	DBO_Manual_BoneAndChitin
Dragonborn.esm	02B065	DLC2RecipeArmorNordicShield	DBO_Skill_blacksmith_T3	DBO_Manual_Nordic
Dragonborn.esm	02B066	DLC2RecipeArmorNordicHeavyBoots	DBO_Skill_blacksmith_T3	DBO_Manual_Nordic
Dragonborn.esm	02B067	DLC2RecipeArmorNordicHeavyCuirass	DBO_Skill_blacksmith_T3	DBO_Manual_Nordic
Dragonborn.esm	02B068	DLC2RecipeArmorNordicHeavyGauntlets	DBO_Skill_blacksmith_T3	DBO_Manual_Nordic
Dragonborn.esm	02B069	DLC2RecipeArmorNordicHeavyHelmet	DBO_Skill_blacksmith_T3	DBO_Manual_Nordic
Dragonborn.esm	02B06A	DLC2RecipeArmorStalhrimLightBoots	DBO_Skill_blacksmith_T4	DBO_Manual_Stalhrim
Dragonborn.esm	02B06C	DLC2RecipeArmorStalhrimLightCuirass	DBO_Skill_blacksmith_T4	DBO_Manual_Stalhrim
Dragonborn.esm	02B06D	DLC2RecipeArmorStalhrimLightGauntlets	DBO_Skill_blacksmith_T4	DBO_Manual_Stalhrim
Dragonborn.esm	02B06E	DLC2RecipeArmorStalhrimLightHelmet	DBO_Skill_blacksmith_T4	DBO_Manual_Stalhrim
Dragonborn.esm	02B06F	DLC2RecipeArmorStalhrimShield	DBO_Skill_blacksmith_T4	DBO_Manual_Stalhrim
Dragonborn.esm	02B070	DLC2RecipeArmorStalhrimHeavyBoots	DBO_Skill_blacksmith_T4	DBO_Manual_Stalhrim
Dragonborn.esm	02B071	DLC2RecipeArmorStalhrimHeavyCuirass	DBO_Skill_blacksmith_T4	DBO_Manual_Stalhrim
Dragonborn.esm	02B072	DLC2RecipeArmorStalhrimHeavyGauntlets	DBO_Skill_blacksmith_T4	DBO_Manual_Stalhrim
Dragonborn.esm	02B075	DLC2RecipeArmorStalhrimHeavyHelmet	DBO_Skill_blacksmith_T4	DBO_Manual_Stalhrim
Dragonborn.esm	02B076	DLC2RecipeWeaponStalhrimBattleAxe	DBO_Skill_blacksmith_T4	DBO_Manual_Stalhrim
Dragonborn.esm	02B077	DLC2RecipeWeaponStalhrimBow	DBO_Skill_blacksmith_T4	DBO_Manual_Stalhrim
Dragonborn.esm	02B078	DLC2RecipeWeaponStalhrimDagger	DBO_Skill_blacksmith_T4	DBO_Manual_Stalhrim
Dragonborn.esm	02B079	DLC2RecipeWeaponStalhrimGreatsword	DBO_Skill_blacksmith_T4	DBO_Manual_Stalhrim
Dragonborn.esm	02B07A	DLC2RecipeWeaponStalhrimMace	DBO_Skill_blacksmith_T4	DBO_Manual_Stalhrim
Dragonborn.esm	02B07B	DLC2RecipeWeaponStalhrimSword	DBO_Skill_blacksmith_T4	DBO_Manual_Stalhrim
Dragonborn.esm	02B07C	DLC2RecipeWeaponStalhrimWarAxe	DBO_Skill_blacksmith_T4	DBO_Manual_Stalhrim
Dragonborn.esm	02B07D	DLC2RecipeWeaponStalhrimWarhammer	DBO_Skill_blacksmith_T4	DBO_Manual_Stalhrim
Dragonborn.esm	02B07E	DLC2RecipeWeaponNordicBattleAxe	DBO_Skill_blacksmith_T3	DBO_Manual_Nordic
Dragonborn.esm	02B07F	DLC2RecipeWeaponNordicBow	DBO_Skill_blacksmith_T3	DBO_Manual_Nordic
Dragonborn.esm	02B080	DLC2RecipeWeaponNordicDagger	DBO_Skill_blacksmith_T3	DBO_Manual_Nordic
Dragonborn.esm	02B081	DLC2RecipeWeaponNordicGreatsword	DBO_Skill_blacksmith_T3	DBO_Manual_Nordic
Dragonborn.esm	02B082	DLC2RecipeWeaponNordicMace	DBO_Skill_blacksmith_T3	DBO_Manual_Nordic
Dragonborn.esm	02B083	DLC2RecipeWeaponNordicSword	DBO_Skill_blacksmith_T3	DBO_Manual_Nordic
Dragonborn.esm	02B084	DLC2RecipeWeaponNordicWarAxe	DBO_Skill_blacksmith_T3	DBO_Manual_Nordic
Dragonborn.esm	02B085	DLC2RecipeWeaponNordicWarhammer	DBO_Skill_blacksmith_T3	DBO_Manual_Nordic
Dragonborn.esm	03AB28	DLC2RecipeArmorBonemoldImprovedBoots	DBO_Skill_blacksmith_T2	DBO_Manual_BoneAndChitin
Dragonborn.esm	03AB29	DLC2RecipeArmorBonemoldImprovedCuirass	DBO_Skill_blacksmith_T2	DBO_Manual_BoneAndChitin
Dragonborn.esm	03AB2A	DLC2RecipeArmorBonemoldImprovedGauntlets	DBO_Skill_blacksmith_T2	DBO_Manual_BoneAndChitin
Dragonborn.esm	03AB2B	DLC2RecipeArmorBonemoldImprovedHelmet	DBO_Skill_blacksmith_T2	DBO_Manual_BoneAndChitin
Dragonborn.esm	03AB2C	DLC2RecipeArmorBonemoldImprovedShield	DBO_Skill_blacksmith_T2	DBO_Manual_BoneAndChitin
Dragonborn.esm	03CD5C	DLC2RecipeFoodStewCabbage	DBO_Skill_cook_T1	-
Dragonborn.esm	03CD5D	DLC2RecipeFoodStewHorkerAshYam	DBO_Skill_cook_T2	-
Dragonborn.esm	03CF53	DLC2RecipeArrowNordic	DBO_Skill_blacksmith_T3	DBO_Manual_Nordic
Dragonborn.esm	03CF54	DLC2RecipeArrowStalhrim	DBO_Skill_blacksmith_T4	DBO_Manual_Stalhrim
Dragonborn.esm	03D2DD	DLC2RecipeArmorBonemoldCuirassVariant	DBO_Skill_blacksmith_T2	DBO_Manual_BoneAndChitin
Dragonborn.esm	03D581	DLC2RecipeArmorBonemoldCuirassGuard	DBO_Skill_blacksmith_T2	DBO_Manual_BoneAndChitin
DragonBreak.esp	001DF5	USKPRecipeArmorScaledCuirassB	DBO_Skill_blacksmith_T3	DBO_Manual_PlateAndScale
DragonBreak.esp	021721	USKPRecipeWeaponImperialBow	DBO_Skill_blacksmith_T2	DBO_Manual_Steel
DragonBreak.esp	0272C2	USKPRecipeWeaponImperialSword	DBO_Skill_blacksmith_T2	DBO_Manual_Steel
DragonBreak.esp	0273B1	UDGPDLC1RecipeArrowNordHero	DBO_Skill_blacksmith_T3	DBO_Manual_AncientNord
DragonBreak.esp	053C98	UDGPDLC1RecipeBoneHawkRing	DBO_Skill_blacksmith_T1	-
DragonPriestArmor.esp	00AA42	DPA_UpgradeDragonPriestArmorAhzidalHeavy	DBO_Skill_blacksmith_T5	-
DragonPriestArmor.esp	00AA43	DPA_UpgradeDragonPriestArmorDukaanHeavy	DBO_Skill_blacksmith_T5	-
DragonPriestArmor.esp	00AA44	DPA_UpgradeDragonPriestArmorHevnoraakHeavy	DBO_Skill_blacksmith_T5	-
DragonPriestArmor.esp	00AA45	DPA_UpgradeDragonPriestArmorKonahrikHeavy	DBO_Skill_blacksmith_T5	-
DragonPriestArmor.esp	00AA46	DPA_UpgradeDragonPriestArmorKrosisLight	DBO_Skill_blacksmith_T5	-
DragonPriestArmor.esp	00AA47	DPA_UpgradeDragonPriestArmorMorokeiLight	DBO_Skill_blacksmith_T5	-
DragonPriestArmor.esp	00AA48	DPA_UpgradeDragonPriestArmorNahkriinHeavy	DBO_Skill_blacksmith_T5	-
DragonPriestArmor.esp	00AA49	DPA_UpgradeDragonPriestArmorOtarHeavy	DBO_Skill_blacksmith_T5	-
DragonPriestArmor.esp	00AA4A	DPA_UpgradeDragonPriestArmorRahgotHeavy	DBO_Skill_blacksmith_T5	-
DragonPriestArmor.esp	00AA4B	DPA_UpgradeDragonPriestArmorVahlokHeavy	DBO_Skill_blacksmith_T5	-
DragonPriestArmor.esp	00AA4C	DPA_UpgradeDragonPriestArmorVokunHeavy	DBO_Skill_blacksmith_T5	-
DragonPriestArmor.esp	00AA4D	DPA_UpgradeDragonPriestArmorVolsungLight	DBO_Skill_blacksmith_T5	-
DragonPriestArmor.esp	00AA4E	DPA_UpgradeDragonPriestArmorZahkriisosHeavy	DBO_Skill_blacksmith_T5	-
DragonPriestArmor.esp	00AA4F	DPA_UpgradeDragonPriestArmorMiraakHeavy	DBO_Skill_blacksmith_T5	-
DragonPriestArmor.esp	00AA50	DPA_UpgradeDragonPriestArmorMiraakLight	DBO_Skill_blacksmith_T5	-
DragonPriestArmor.esp	00AA51	DPA_UpgradeDragonPriestGlovesMiraakHeavy	DBO_Skill_blacksmith_T5	-
DragonPriestArmor.esp	00AA52	DPA_UpgradeDragonPriestGlovesMiraakLight	DBO_Skill_blacksmith_T5	-
DragonPriestArmor.esp	00AA53	DPA_UpgradeDragonPriestBootsMiraakHeavy	DBO_Skill_blacksmith_T5	-
DragonPriestArmor.esp	00AA54	DPA_UpgradeDragonPriestBootsMiraakLight	DBO_Skill_blacksmith_T5	-
DragonPriestArmor.esp	029134	DPA_UpgradeDragonPriestArmorAhzidalLight	DBO_Skill_blacksmith_T5	-
DragonPriestArmor.esp	029135	DPA_UpgradeDragonPriestArmorDukaanLight	DBO_Skill_blacksmith_T5	-
DragonPriestArmor.esp	029136	DPA_UpgradeDragonPriestArmorHevnoraakLight	DBO_Skill_blacksmith_T5	-
DragonPriestArmor.esp	029137	DPA_UpgradeDragonPriestArmorKonahrikLight	DBO_Skill_blacksmith_T5	-
DragonPriestArmor.esp	029138	DPA_UpgradeDragonPriestArmorKrosisHeavy	DBO_Skill_blacksmith_T5	-
DragonPriestArmor.esp	029139	DPA_UpgradeDragonPriestArmorMorokeiHeavy	DBO_Skill_blacksmith_T5	-
DragonPriestArmor.esp	02913A	DPA_UpgradeDragonPriestArmorNahkriinLight	DBO_Skill_blacksmith_T5	-
DragonPriestArmor.esp	02913B	DPA_UpgradeDragonPriestArmorOtarLight	DBO_Skill_blacksmith_T5	-
DragonPriestArmor.esp	02913C	DPA_UpgradeDragonPriestArmorRahgotLight	DBO_Skill_blacksmith_T5	-
DragonPriestArmor.esp	02913D	DPA_UpgradeDragonPriestArmorVahlokLight	DBO_Skill_blacksmith_T5	-
DragonPriestArmor.esp	02913E	DPA_UpgradeDragonPriestArmorVokunLight	DBO_Skill_blacksmith_T5	-
DragonPriestArmor.esp	02913F	DPA_UpgradeDragonPriestArmorVolsungHeavy	DBO_Skill_blacksmith_T5	-
DragonPriestArmor.esp	029140	DPA_UpgradeDragonPriestArmorZahkriisosLight	DBO_Skill_blacksmith_T5	-
DragonPriestArmor.esp	02E29D	DPA_UpgradeDragonPriestBootsAhzidalHeavy	DBO_Skill_blacksmith_T5	-
DragonPriestArmor.esp	02E29E	DPA_UpgradeDragonPriestBootsAhzidalLight	DBO_Skill_blacksmith_T5	-
DragonPriestArmor.esp	02E29F	DPA_UpgradeDragonPriestBootsDukaanLight	DBO_Skill_blacksmith_T5	-
DragonPriestArmor.esp	02E2A0	DPA_UpgradeDragonPriestBootsDukaanHeavy	DBO_Skill_blacksmith_T5	-
DragonPriestArmor.esp	02E2A1	DPA_UpgradeDragonPriestBootsHevnoraakLight	DBO_Skill_blacksmith_T5	-
DragonPriestArmor.esp	02E2A2	DPA_UpgradeDragonPriestBootsHevnoraakHeavy	DBO_Skill_blacksmith_T5	-
DragonPriestArmor.esp	02E2A3	DPA_UpgradeDragonPriestBootsKonahrikLight	DBO_Skill_blacksmith_T5	-
DragonPriestArmor.esp	02E2A4	DPA_UpgradeDragonPriestBootsKonahrikHeavy	DBO_Skill_blacksmith_T5	-
DragonPriestArmor.esp	02E2A5	DPA_UpgradeDragonPriestBootsKrosisLight	DBO_Skill_blacksmith_T5	-
DragonPriestArmor.esp	02E2A6	DPA_UpgradeDragonPriestBootsKrosisHeavy	DBO_Skill_blacksmith_T5	-
DragonPriestArmor.esp	02E2A7	DPA_UpgradeDragonPriestBootsMorokeiLight	DBO_Skill_blacksmith_T5	-
DragonPriestArmor.esp	02E2A8	DPA_UpgradeDragonPriestBootsMorokeiHeavy	DBO_Skill_blacksmith_T5	-
DragonPriestArmor.esp	02E2A9	DPA_UpgradeDragonPriestBootsNahkriinLight	DBO_Skill_blacksmith_T5	-
DragonPriestArmor.esp	02E2AA	DPA_UpgradeDragonPriestBootsNahkriinHeavy	DBO_Skill_blacksmith_T5	-
DragonPriestArmor.esp	02E2AB	DPA_UpgradeDragonPriestBootsOtarLight	DBO_Skill_blacksmith_T5	-
DragonPriestArmor.esp	02E2AC	DPA_UpgradeDragonPriestBootsOtarHeavy	DBO_Skill_blacksmith_T5	-
DragonPriestArmor.esp	02E2AD	DPA_UpgradeDragonPriestBootsRahgotLight	DBO_Skill_blacksmith_T5	-
DragonPriestArmor.esp	02E2AE	DPA_UpgradeDragonPriestBootsRahgotHeavy	DBO_Skill_blacksmith_T5	-
DragonPriestArmor.esp	02E2AF	DPA_UpgradeDragonPriestBootsVahlokLight	DBO_Skill_blacksmith_T5	-
DragonPriestArmor.esp	02E2B0	DPA_UpgradeDragonPriestBootsVahlokHeavy	DBO_Skill_blacksmith_T5	-
DragonPriestArmor.esp	02E2B1	DPA_UpgradeDragonPriestBootsVokunLight	DBO_Skill_blacksmith_T5	-
DragonPriestArmor.esp	02E2B2	DPA_UpgradeDragonPriestBootsVokunHeavy	DBO_Skill_blacksmith_T5	-
DragonPriestArmor.esp	02E2B3	DPA_UpgradeDragonPriestBootsVolsungLight	DBO_Skill_blacksmith_T5	-
DragonPriestArmor.esp	02E2B4	DPA_UpgradeDragonPriestBootsVolsungHeavy	DBO_Skill_blacksmith_T5	-
DragonPriestArmor.esp	02E2B5	DPA_UpgradeDragonPriestBootsZahkriisosLight	DBO_Skill_blacksmith_T5	-
DragonPriestArmor.esp	02E2B6	DPA_UpgradeDragonPriestBootsZahkriisosHeavy	DBO_Skill_blacksmith_T5	-
DragonPriestArmor.esp	02E2B7	DPA_UpgradeDragonPriestGlovesAhzidalHeavy	DBO_Skill_blacksmith_T5	-
DragonPriestArmor.esp	02E2B8	DPA_UpgradeDragonPriestGlovesDukaanHeavy	DBO_Skill_blacksmith_T5	-
DragonPriestArmor.esp	02E2B9	DPA_UpgradeDragonPriestGlovesHevnoraakHeavy	DBO_Skill_blacksmith_T5	-
DragonPriestArmor.esp	02E2BA	DPA_UpgradeDragonPriestGlovesKonahrikHeavy	DBO_Skill_blacksmith_T5	-
DragonPriestArmor.esp	02E2BB	DPA_UpgradeDragonPriestGlovesKrosisHeavy	DBO_Skill_blacksmith_T5	-
DragonPriestArmor.esp	02E2BC	DPA_UpgradeDragonPriestGlovesMorokeiHeavy	DBO_Skill_blacksmith_T5	-
DragonPriestArmor.esp	02E2BD	DPA_UpgradeDragonPriestGlovesNahkriinHeavy	DBO_Skill_blacksmith_T5	-
DragonPriestArmor.esp	02E2BE	DPA_UpgradeDragonPriestGlovesOtarHeavy	DBO_Skill_blacksmith_T5	-
DragonPriestArmor.esp	02E2BF	DPA_UpgradeDragonPriestGlovesRahgotHeavy	DBO_Skill_blacksmith_T5	-
DragonPriestArmor.esp	02E2C0	DPA_UpgradeDragonPriestGlovesVahlokHeavy	DBO_Skill_blacksmith_T5	-
DragonPriestArmor.esp	02E2C1	DPA_UpgradeDragonPriestGlovesVokunHeavy	DBO_Skill_blacksmith_T5	-
DragonPriestArmor.esp	02E2C2	DPA_UpgradeDragonPriestGlovesVolsungHeavy	DBO_Skill_blacksmith_T5	-
DragonPriestArmor.esp	02E2C3	DPA_UpgradeDragonPriestGlovesZahkriisosHeavy	DBO_Skill_blacksmith_T5	-
DragonPriestArmor.esp	02E2C4	DPA_UpgradeDragonPriestGlovesAhzidalLight	DBO_Skill_blacksmith_T5	-
DragonPriestArmor.esp	02E2C5	DPA_UpgradeDragonPriestGlovesDukaanLight	DBO_Skill_blacksmith_T5	-
DragonPriestArmor.esp	02E2C6	DPA_UpgradeDragonPriestGlovesHevnoraakLight	DBO_Skill_blacksmith_T5	-
DragonPriestArmor.esp	02E2C7	DPA_UpgradeDragonPriestGlovesKonahrikLight	DBO_Skill_blacksmith_T5	-
DragonPriestArmor.esp	02E2C8	DPA_UpgradeDragonPriestGlovesKrosisLight	DBO_Skill_blacksmith_T5	-
DragonPriestArmor.esp	02E2C9	DPA_UpgradeDragonPriestGlovesMorokeiLight	DBO_Skill_blacksmith_T5	-
DragonPriestArmor.esp	02E2CA	DPA_UpgradeDragonPriestGlovesNahkriinLight	DBO_Skill_blacksmith_T5	-
DragonPriestArmor.esp	02E2CB	DPA_UpgradeDragonPriestGlovesOtarLight	DBO_Skill_blacksmith_T5	-
DragonPriestArmor.esp	02E2CC	DPA_UpgradeDragonPriestGlovesRahgotLight	DBO_Skill_blacksmith_T5	-
DragonPriestArmor.esp	02E2CD	DPA_UpgradeDragonPriestGlovesVahlokLight	DBO_Skill_blacksmith_T5	-
DragonPriestArmor.esp	02E2CE	DPA_UpgradeDragonPriestGlovesVokunLight	DBO_Skill_blacksmith_T5	-
DragonPriestArmor.esp	02E2CF	DPA_UpgradeDragonPriestGlovesVolsungLight	DBO_Skill_blacksmith_T5	-
DragonPriestArmor.esp	02E2D0	DPA_UpgradeDragonPriestGlovesZahkriisosLight	DBO_Skill_blacksmith_T5	-
DragonPriestArmor.esp	0333E1	DPA_DowngradeDragonPriestArmorAhzidalHeavy	DBO_Skill_blacksmith_T5	-
DragonPriestArmor.esp	0333E2	DPA_DowngradeDragonPriestArmorAhzidalLight	DBO_Skill_blacksmith_T5	-
DragonPriestArmor.esp	0333E3	DPA_DowngradeDragonPriestArmorDukaanHeavy	DBO_Skill_blacksmith_T5	-
DragonPriestArmor.esp	0333E4	DPA_DowngradeDragonPriestArmorDukaanLight	DBO_Skill_blacksmith_T5	-
DragonPriestArmor.esp	0333E5	DPA_DowngradeDragonPriestArmorHevnoraakHeavy	DBO_Skill_blacksmith_T5	-
DragonPriestArmor.esp	0333E6	DPA_DowngradeDragonPriestArmorHevnoraakLight	DBO_Skill_blacksmith_T5	-
DragonPriestArmor.esp	0333E7	DPA_DowngradeDragonPriestArmorKonahrikHeavy	DBO_Skill_blacksmith_T5	-
DragonPriestArmor.esp	0333E8	DPA_DowngradeDragonPriestArmorKonahrikLight	DBO_Skill_blacksmith_T5	-
DragonPriestArmor.esp	0333E9	DPA_DowngradeDragonPriestArmorKrosisHeavy	DBO_Skill_blacksmith_T5	-
DragonPriestArmor.esp	0333EA	DPA_DowngradeDragonPriestArmorKrosisLight	DBO_Skill_blacksmith_T5	-
DragonPriestArmor.esp	0333EB	DPA_DowngradeDragonPriestArmorMiraakHeavy	DBO_Skill_blacksmith_T5	-
DragonPriestArmor.esp	0333EC	DPA_DowngradeDragonPriestArmorMiraakLight	DBO_Skill_blacksmith_T5	-
DragonPriestArmor.esp	0333ED	DPA_DowngradeDragonPriestArmorMorokeiHeavy	DBO_Skill_blacksmith_T5	-
DragonPriestArmor.esp	0333EE	DPA_DowngradeDragonPriestArmorMorokeiLight	DBO_Skill_blacksmith_T5	-
DragonPriestArmor.esp	0333EF	DPA_DowngradeDragonPriestArmorNahkriinHeavy	DBO_Skill_blacksmith_T5	-
DragonPriestArmor.esp	0333F0	DPA_DowngradeDragonPriestArmorNahkriinLight	DBO_Skill_blacksmith_T5	-
DragonPriestArmor.esp	0333F1	DPA_DowngradeDragonPriestArmorOtarHeavy	DBO_Skill_blacksmith_T5	-
DragonPriestArmor.esp	0333F2	DPA_DowngradeDragonPriestArmorOtarLight	DBO_Skill_blacksmith_T5	-
DragonPriestArmor.esp	0333F3	DPA_DowngradeDragonPriestArmorRahgotHeavy	DBO_Skill_blacksmith_T5	-
DragonPriestArmor.esp	0333F4	DPA_DowngradeDragonPriestArmorRahgotLight	DBO_Skill_blacksmith_T5	-
DragonPriestArmor.esp	0333F5	DPA_DowngradeDragonPriestArmorVahlokHeavy	DBO_Skill_blacksmith_T5	-
DragonPriestArmor.esp	0333F6	DPA_DowngradeDragonPriestArmorVahlokLight	DBO_Skill_blacksmith_T5	-
DragonPriestArmor.esp	0333F7	DPA_DowngradeDragonPriestArmorVokunHeavy	DBO_Skill_blacksmith_T5	-
DragonPriestArmor.esp	0333F8	DPA_DowngradeDragonPriestArmorVokunLight	DBO_Skill_blacksmith_T5	-
DragonPriestArmor.esp	0333F9	DPA_DowngradeDragonPriestArmorVolsungHeavy	DBO_Skill_blacksmith_T5	-
DragonPriestArmor.esp	0333FA	DPA_DowngradeDragonPriestArmorVolsungLight	DBO_Skill_blacksmith_T5	-
DragonPriestArmor.esp	0333FB	DPA_DowngradeDragonPriestArmorZahkriisosHeavy	DBO_Skill_blacksmith_T5	-
DragonPriestArmor.esp	0333FC	DPA_DowngradeDragonPriestArmorZahkriisosLight	DBO_Skill_blacksmith_T5	-
DragonPriestArmor.esp	0333FD	DPA_DowngradeDragonPriestBootsAhzidalHeavy	DBO_Skill_blacksmith_T5	-
DragonPriestArmor.esp	0333FE	DPA_DowngradeDragonPriestBootsAhzidalLight	DBO_Skill_blacksmith_T5	-
DragonPriestArmor.esp	0333FF	DPA_DowngradeDragonPriestBootsDukaanHeavy	DBO_Skill_blacksmith_T5	-
DragonPriestArmor.esp	033400	DPA_DowngradeDragonPriestBootsDukaanLight	DBO_Skill_blacksmith_T5	-
DragonPriestArmor.esp	033401	DPA_DowngradeDragonPriestBootsHevnoraakHeavy	DBO_Skill_blacksmith_T5	-
DragonPriestArmor.esp	033402	DPA_DowngradeDragonPriestBootsHevnoraakLight	DBO_Skill_blacksmith_T5	-
DragonPriestArmor.esp	033403	DPA_DowngradeDragonPriestBootsKonahrikHeavy	DBO_Skill_blacksmith_T5	-
DragonPriestArmor.esp	033404	DPA_DowngradeDragonPriestBootsKonahrikLight	DBO_Skill_blacksmith_T5	-
DragonPriestArmor.esp	033405	DPA_DowngradeDragonPriestBootsKrosisHeavy	DBO_Skill_blacksmith_T5	-
DragonPriestArmor.esp	033406	DPA_DowngradeDragonPriestBootsKrosisLight	DBO_Skill_blacksmith_T5	-
DragonPriestArmor.esp	033407	DPA_DowngradeDragonPriestBootsMiraakHeavy	DBO_Skill_blacksmith_T5	-
DragonPriestArmor.esp	033408	DPA_DowngradeDragonPriestBootsMiraakLight	DBO_Skill_blacksmith_T5	-
DragonPriestArmor.esp	033409	DPA_DowngradeDragonPriestBootsMorokeiHeavy	DBO_Skill_blacksmith_T5	-
DragonPriestArmor.esp	03340A	DPA_DowngradeDragonPriestBootsMorokeiLight	DBO_Skill_blacksmith_T5	-
DragonPriestArmor.esp	03340B	DPA_DowngradeDragonPriestBootsNahkriinHeavy	DBO_Skill_blacksmith_T5	-
DragonPriestArmor.esp	03340C	DPA_DowngradeDragonPriestBootsNahkriinLight	DBO_Skill_blacksmith_T5	-
DragonPriestArmor.esp	03340D	DPA_DowngradeDragonPriestBootsOtarHeavy	DBO_Skill_blacksmith_T5	-
DragonPriestArmor.esp	03340E	DPA_DowngradeDragonPriestBootsOtarLight	DBO_Skill_blacksmith_T5	-
DragonPriestArmor.esp	03340F	DPA_DowngradeDragonPriestBootsRahgotHeavy	DBO_Skill_blacksmith_T5	-
DragonPriestArmor.esp	033410	DPA_DowngradeDragonPriestBootsRahgotLight	DBO_Skill_blacksmith_T5	-
DragonPriestArmor.esp	033411	DPA_DowngradeDragonPriestBootsVahlokHeavy	DBO_Skill_blacksmith_T5	-
DragonPriestArmor.esp	033412	DPA_DowngradeDragonPriestBootsVahlokLight	DBO_Skill_blacksmith_T5	-
DragonPriestArmor.esp	033413	DPA_DowngradeDragonPriestBootsVokunHeavy	DBO_Skill_blacksmith_T5	-
DragonPriestArmor.esp	033414	DPA_DowngradeDragonPriestBootsVokunLight	DBO_Skill_blacksmith_T5	-
DragonPriestArmor.esp	033415	DPA_DowngradeDragonPriestBootsVolsungHeavy	DBO_Skill_blacksmith_T5	-
DragonPriestArmor.esp	033416	DPA_DowngradeDragonPriestBootsVolsungLight	DBO_Skill_blacksmith_T5	-
DragonPriestArmor.esp	033417	DPA_DowngradeDragonPriestBootsZahkriisosHeavy	DBO_Skill_blacksmith_T5	-
DragonPriestArmor.esp	033418	DPA_DowngradeDragonPriestBootsZahkriisosLight	DBO_Skill_blacksmith_T5	-
DragonPriestArmor.esp	033419	DPA_DowngradeDragonPriestGlovesAhzidalHeavy	DBO_Skill_blacksmith_T5	-
DragonPriestArmor.esp	03341A	DPA_DowngradeDragonPriestGlovesAhzidalLight	DBO_Skill_blacksmith_T5	-
DragonPriestArmor.esp	03341B	DPA_DowngradeDragonPriestGlovesDukaanHeavy	DBO_Skill_blacksmith_T5	-
DragonPriestArmor.esp	03341C	DPA_DowngradeDragonPriestGlovesDukaanLight	DBO_Skill_blacksmith_T5	-
DragonPriestArmor.esp	03341D	DPA_DowngradeDragonPriestGlovesHevnoraakHeavy	DBO_Skill_blacksmith_T5	-
DragonPriestArmor.esp	03341E	DPA_DowngradeDragonPriestGlovesHevnoraakLight	DBO_Skill_blacksmith_T5	-
DragonPriestArmor.esp	03341F	DPA_DowngradeDragonPriestGlovesKonahrikHeavy	DBO_Skill_blacksmith_T5	-
DragonPriestArmor.esp	033420	DPA_DowngradeDragonPriestGlovesKonahrikLight	DBO_Skill_blacksmith_T5	-
DragonPriestArmor.esp	033421	DPA_DowngradeDragonPriestGlovesKrosisHeavy	DBO_Skill_blacksmith_T5	-
DragonPriestArmor.esp	033422	DPA_DowngradeDragonPriestGlovesKrosisLight	DBO_Skill_blacksmith_T5	-
DragonPriestArmor.esp	033423	DPA_DowngradeDragonPriestGlovesMiraakHeavy	DBO_Skill_blacksmith_T5	-
DragonPriestArmor.esp	033424	DPA_DowngradeDragonPriestGlovesMiraakLight	DBO_Skill_blacksmith_T5	-
DragonPriestArmor.esp	033425	DPA_DowngradeDragonPriestGlovesMorokeiHeavy	DBO_Skill_blacksmith_T5	-
DragonPriestArmor.esp	033426	DPA_DowngradeDragonPriestGlovesMorokeiLight	DBO_Skill_blacksmith_T5	-
DragonPriestArmor.esp	033427	DPA_DowngradeDragonPriestGlovesNahkriinHeavy	DBO_Skill_blacksmith_T5	-
DragonPriestArmor.esp	033428	DPA_DowngradeDragonPriestGlovesNahkriinLight	DBO_Skill_blacksmith_T5	-
DragonPriestArmor.esp	033429	DPA_DowngradeDragonPriestGlovesOtarHeavy	DBO_Skill_blacksmith_T5	-
DragonPriestArmor.esp	03342A	DPA_DowngradeDragonPriestGlovesOtarLight	DBO_Skill_blacksmith_T5	-
DragonPriestArmor.esp	03342B	DPA_DowngradeDragonPriestGlovesRahgotHeavy	DBO_Skill_blacksmith_T5	-
DragonPriestArmor.esp	03342C	DPA_DowngradeDragonPriestGlovesRahgotLight	DBO_Skill_blacksmith_T5	-
DragonPriestArmor.esp	03342D	DPA_DowngradeDragonPriestGlovesVahlokHeavy	DBO_Skill_blacksmith_T5	-
DragonPriestArmor.esp	03342E	DPA_DowngradeDragonPriestGlovesVahlokLight	DBO_Skill_blacksmith_T5	-
DragonPriestArmor.esp	03342F	DPA_DowngradeDragonPriestGlovesVokunHeavy	DBO_Skill_blacksmith_T5	-
DragonPriestArmor.esp	033430	DPA_DowngradeDragonPriestGlovesVokunLight	DBO_Skill_blacksmith_T5	-
DragonPriestArmor.esp	033431	DPA_DowngradeDragonPriestGlovesVolsungHeavy	DBO_Skill_blacksmith_T5	-
DragonPriestArmor.esp	033432	DPA_DowngradeDragonPriestGlovesVolsungLight	DBO_Skill_blacksmith_T5	-
DragonPriestArmor.esp	033433	DPA_DowngradeDragonPriestGlovesZahkriisosHeavy	DBO_Skill_blacksmith_T5	-
DragonPriestArmor.esp	033434	DPA_DowngradeDragonPriestGlovesZahkriisosLight	DBO_Skill_blacksmith_T5	-
HearthFires.esm	000A11	BYOHRecipeFoodBraidedBread	DBO_Skill_cook_T4	-
HearthFires.esm	000A12	BYOHRecipeFoodGarlicBread	DBO_Skill_cook_T4	-
HearthFires.esm	003036	BYOHRecipeFittings	DBO_Skill_blacksmith_T1	-
HearthFires.esm	00306D	BYOHRecipeNails	DBO_Skill_blacksmith_T1	-
HearthFires.esm	00306E	BYOHRecipeHinge	DBO_Skill_blacksmith_T1	-
HearthFires.esm	00306F	BYOHRecipeLock	DBO_Skill_blacksmith_T1	-
HearthFires.esm	003542	RecipeFoodSoupPotato	DBO_Skill_cook_T1	-
HearthFires.esm	003543	BYOHRecipeFoodSoupClamChowder	DBO_Skill_cook_T2	-
HearthFires.esm	003544	BYOHRecipeFoodMudcrabLegsCooked	DBO_Skill_cook_T1	-
HearthFires.esm	0117F6	BYOHRecipeFoodBread	DBO_Skill_cook_T3	-
HearthFires.esm	0117F8	BYOHRecipeFoodPotatoBread	DBO_Skill_cook_T3	-
HearthFires.esm	0117F9	BYOHRecipeFoodAppleDumplings	DBO_Skill_cook_T4	-
HearthFires.esm	0117FA	BYOHRecipeFoodJazbayCrostata	DBO_Skill_cook_T3	-
HearthFires.esm	0117FB	BYOHRecipeFoodSweetRoll	DBO_Skill_cook_T3	-
HearthFires.esm	0117FC	BYOHRecipeFoodJuniperberryCrostata	DBO_Skill_cook_T4	-
HearthFires.esm	0117FD	BYOHRecipeFoodSnowberryCrostata	DBO_Skill_cook_T4	-
HearthFires.esm	0117FE	BYOHRecipeFoodApplePie	DBO_Skill_cook_T3	-
HearthFires.esm	011800	BYOHRecipeFoodChickenDumplings	DBO_Skill_cook_T4	-
HearthFires.esm	011802	BYOHRecipeFoodLavenderDumplings	DBO_Skill_cook_T4	-
Hothtrooper44_ArmorCompilation.esp	000D9A	IARFalkreathBoots	DBO_Skill_blacksmith_T3	DBO_Manual_PlateAndScale
Hothtrooper44_ArmorCompilation.esp	000D9C	IARFalkreathCrown	DBO_Skill_blacksmith_T3	DBO_Manual_PlateAndScale
Hothtrooper44_ArmorCompilation.esp	000D9D	IARFalkreathCuirass	DBO_Skill_blacksmith_T3	DBO_Manual_PlateAndScale
Hothtrooper44_ArmorCompilation.esp	000D9E	IARFalkreathGauntlets	DBO_Skill_blacksmith_T3	DBO_Manual_PlateAndScale
Hothtrooper44_ArmorCompilation.esp	000D9F	IARFalkreathHelmet	DBO_Skill_blacksmith_T3	DBO_Manual_PlateAndScale
Hothtrooper44_ArmorCompilation.esp	000DA0	IARFalkreathShield	DBO_Skill_blacksmith_T3	DBO_Manual_PlateAndScale
Hothtrooper44_ArmorCompilation.esp	000DA1	IARHedgeKnightBoots	DBO_Skill_blacksmith_T3	DBO_Manual_PlateAndScale
Hothtrooper44_ArmorCompilation.esp	000DA2	IARHedgeKnightCuirass	DBO_Skill_blacksmith_T3	DBO_Manual_PlateAndScale
Hothtrooper44_ArmorCompilation.esp	000DA3	IARHedgeKnightGauntlets	DBO_Skill_blacksmith_T3	DBO_Manual_PlateAndScale
Hothtrooper44_ArmorCompilation.esp	000DA4	IARHedgeKnightHelmet	DBO_Skill_blacksmith_T3	DBO_Manual_PlateAndScale
Hothtrooper44_ArmorCompilation.esp	000DA5	IARRedguardKnightHeavyBoots	DBO_Skill_blacksmith_T2	DBO_Manual_Dwarven
Hothtrooper44_ArmorCompilation.esp	000DA6	IARRedguardKnightLightBoots	DBO_Skill_blacksmith_T2	DBO_Manual_Elven
Hothtrooper44_ArmorCompilation.esp	000DA7	IARRedguardKnightHeavyCoif	DBO_Skill_blacksmith_T2	DBO_Manual_Dwarven
Hothtrooper44_ArmorCompilation.esp	000DA8	IARRedguardKnightLightCoif	DBO_Skill_blacksmith_T2	DBO_Manual_Elven
Hothtrooper44_ArmorCompilation.esp	000DA9	IARRedguardKnightHeavyGauntlets	DBO_Skill_blacksmith_T2	DBO_Manual_Dwarven
Hothtrooper44_ArmorCompilation.esp	000DAA	IARRedguardKnightLightGauntlets	DBO_Skill_blacksmith_T2	DBO_Manual_Elven
Hothtrooper44_ArmorCompilation.esp	000DAD	IARRedguardKnightHeavyCuirass	DBO_Skill_blacksmith_T2	DBO_Manual_Dwarven
Hothtrooper44_ArmorCompilation.esp	000DAE	IARRedguardKnightLightCuirass	DBO_Skill_blacksmith_T2	DBO_Manual_Elven
Hothtrooper44_ArmorCompilation.esp	000DAF	IARVagabondCrimsonBoots	DBO_Skill_blacksmith_T4	DBO_Manual_Glass
Hothtrooper44_ArmorCompilation.esp	000DB0	IARVagabondLeatherBoots	DBO_Skill_blacksmith_T4	DBO_Manual_Glass
Hothtrooper44_ArmorCompilation.esp	000DB1	IARVagabondDuskBoots	DBO_Skill_blacksmith_T4	DBO_Manual_Glass
Hothtrooper44_ArmorCompilation.esp	000DB2	IARVagabondCrimsonCuirass	DBO_Skill_blacksmith_T4	DBO_Manual_Glass
Hothtrooper44_ArmorCompilation.esp	000DB3	IARVagabondLeatherCuirass	DBO_Skill_blacksmith_T4	DBO_Manual_Glass
Hothtrooper44_ArmorCompilation.esp	000DB4	IARVagabondDuskCuirass	DBO_Skill_blacksmith_T4	DBO_Manual_Glass
Hothtrooper44_ArmorCompilation.esp	000DB5	IARVagabondCrimsonGauntlets	DBO_Skill_blacksmith_T4	DBO_Manual_Glass
Hothtrooper44_ArmorCompilation.esp	000DB6	IARVagabondLeatherGauntlets	DBO_Skill_blacksmith_T4	DBO_Manual_Glass
Hothtrooper44_ArmorCompilation.esp	000DB7	IARVagabondDuskGauntlets	DBO_Skill_blacksmith_T4	DBO_Manual_Glass
Hothtrooper44_ArmorCompilation.esp	000DB8	IARVagabondHelmet	DBO_Skill_blacksmith_T4	DBO_Manual_Glass
Hothtrooper44_ArmorCompilation.esp	000DBB	IARVanguardPlateBoots	DBO_Skill_blacksmith_T3	DBO_Manual_PlateAndScale
Hothtrooper44_ArmorCompilation.esp	000DBC	IARVanguardPlateCuirass	DBO_Skill_blacksmith_T3	DBO_Manual_PlateAndScale
Hothtrooper44_ArmorCompilation.esp	000DBD	IARVanguardPlateGauntlets	DBO_Skill_blacksmith_T3	DBO_Manual_PlateAndScale
Hothtrooper44_ArmorCompilation.esp	000DBE	IARVanguardPlateHelmet	DBO_Skill_blacksmith_T3	DBO_Manual_PlateAndScale
Hothtrooper44_ArmorCompilation.esp	000DBF	IARVanguardPlateHelmetCLOSED	DBO_Skill_blacksmith_T3	DBO_Manual_PlateAndScale
Hothtrooper44_ArmorCompilation.esp	000DC0	IARWarchiefHeavyBattlecrown	DBO_Skill_blacksmith_T4	DBO_Manual_Ebony
Hothtrooper44_ArmorCompilation.esp	000DC1	IARWarchiefLightBattlecrown	DBO_Skill_blacksmith_T3	DBO_Manual_Orcish
Hothtrooper44_ArmorCompilation.esp	000DC2	IARWarchiefHeavyBulwark	DBO_Skill_blacksmith_T4	DBO_Manual_Ebony
Hothtrooper44_ArmorCompilation.esp	000DC3	IARWarchiefLightBulwark	DBO_Skill_blacksmith_T3	DBO_Manual_Orcish
Hothtrooper44_ArmorCompilation.esp	000DC6	IARWarchiefHeavyGrips	DBO_Skill_blacksmith_T4	DBO_Manual_Ebony
Hothtrooper44_ArmorCompilation.esp	000DC7	IARWarchiefLightGrips	DBO_Skill_blacksmith_T3	DBO_Manual_Orcish
Hothtrooper44_ArmorCompilation.esp	000DC8	IARWarchiefHeavyHeaddress	DBO_Skill_blacksmith_T4	DBO_Manual_Ebony
Hothtrooper44_ArmorCompilation.esp	000DC9	IARWarchiefLightHeaddress	DBO_Skill_blacksmith_T3	DBO_Manual_Orcish
Hothtrooper44_ArmorCompilation.esp	000DCA	IARWarchiefHeavyStompers	DBO_Skill_blacksmith_T4	DBO_Manual_Ebony
Hothtrooper44_ArmorCompilation.esp	000DCB	IARWarchiefLightStompers	DBO_Skill_blacksmith_T3	DBO_Manual_Orcish
Hothtrooper44_ArmorCompilation.esp	0012E1	IAREinherjarPlateLightGauntlets	DBO_Skill_blacksmith_T3	DBO_Manual_PlateAndScale
Hothtrooper44_ArmorCompilation.esp	0012E2	IAREinherjarPlateDarkBoots	DBO_Skill_blacksmith_T3	DBO_Manual_PlateAndScale
Hothtrooper44_ArmorCompilation.esp	0012E5	IAREinherjarPlateLightHood	DBO_Skill_blacksmith_T3	DBO_Manual_PlateAndScale
Hothtrooper44_ArmorCompilation.esp	0012E7	IAREinherjarPlateLightCuirass	DBO_Skill_blacksmith_T3	DBO_Manual_PlateAndScale
Hothtrooper44_ArmorCompilation.esp	00182A	IARArmorHeavyFurHoodWhite	DBO_Skill_blacksmith_T3	DBO_Manual_PlateAndScale
Hothtrooper44_ArmorCompilation.esp	001D90	IARFurHoodWhite	DBO_Skill_blacksmith_T3	DBO_Manual_PlateAndScale
Hothtrooper44_ArmorCompilation.esp	001D91	IARArmorLightFurHoodWhite	DBO_Skill_blacksmith_T3	DBO_Manual_PlateAndScale
Hothtrooper44_ArmorCompilation.esp	0022F7	IARPaladinBoots	DBO_Skill_blacksmith_T4	DBO_Manual_Ebony
Hothtrooper44_ArmorCompilation.esp	0022F8	IARArmorHeavyFurHoodBlack	DBO_Skill_blacksmith_T3	DBO_Manual_PlateAndScale
Hothtrooper44_ArmorCompilation.esp	0022F9	IARPaladinGauntlets	DBO_Skill_blacksmith_T4	DBO_Manual_Ebony
Hothtrooper44_ArmorCompilation.esp	0022FA	IARPaladinHelmet	DBO_Skill_blacksmith_T4	DBO_Manual_Ebony
Hothtrooper44_ArmorCompilation.esp	0022FB	IARPaladinShield	DBO_Skill_blacksmith_T4	DBO_Manual_Ebony
Hothtrooper44_ArmorCompilation.esp	0022FE	IARFurHoodBlack	DBO_Skill_blacksmith_T3	DBO_Manual_PlateAndScale
Hothtrooper44_ArmorCompilation.esp	0022FF	IARArmorLightFurHoodBlack	DBO_Skill_blacksmith_T3	DBO_Manual_PlateAndScale
Hothtrooper44_ArmorCompilation.esp	002863	IARSeadogBoots	DBO_Skill_blacksmith_T3	DBO_Manual_PlateAndScale
Hothtrooper44_ArmorCompilation.esp	002864	IARSeadogCuirass	DBO_Skill_blacksmith_T3	DBO_Manual_PlateAndScale
Hothtrooper44_ArmorCompilation.esp	002865	IARSeadogGloves	DBO_Skill_blacksmith_T3	DBO_Manual_PlateAndScale
Hothtrooper44_ArmorCompilation.esp	002866	IARSeadogTricorne	DBO_Skill_blacksmith_T3	DBO_Manual_PlateAndScale
Hothtrooper44_ArmorCompilation.esp	002867	IARSeadogTricorneFeathered	DBO_Skill_blacksmith_T3	DBO_Manual_PlateAndScale
Hothtrooper44_ArmorCompilation.esp	002869	IARSeadogEarrings	DBO_Skill_blacksmith_T3	DBO_Manual_PlateAndScale
Hothtrooper44_ArmorCompilation.esp	00286A	IARSeadogEyepatch	DBO_Skill_blacksmith_T1	-
Hothtrooper44_ArmorCompilation.esp	002DD7	IARSeadogCape	DBO_Skill_blacksmith_T2	DBO_Manual_Steel
Hothtrooper44_ArmorCompilation.esp	003886	IARHunterBoots	DBO_Skill_blacksmith_T3	DBO_Manual_PlateAndScale
Hothtrooper44_ArmorCompilation.esp	003888	IARHunterCuirass	DBO_Skill_blacksmith_T3	DBO_Manual_PlateAndScale
Hothtrooper44_ArmorCompilation.esp	003889	IARHunterGauntlets	DBO_Skill_blacksmith_T3	DBO_Manual_PlateAndScale
Hothtrooper44_ArmorCompilation.esp	003DEE	IARPaladinGreatHelm	DBO_Skill_blacksmith_T4	DBO_Manual_Ebony
Hothtrooper44_ArmorCompilation.esp	003E39	IAREinherjarBrigandineDarkBoots	DBO_Skill_blacksmith_T3	DBO_Manual_PlateAndScale
Hothtrooper44_ArmorCompilation.esp	003E3A	IAREinherjarBrigandineLightBoots	DBO_Skill_blacksmith_T3	DBO_Manual_PlateAndScale
Hothtrooper44_ArmorCompilation.esp	003E3F	IAREinherjarBrigandineDarkGauntlets	DBO_Skill_blacksmith_T3	DBO_Manual_PlateAndScale
Hothtrooper44_ArmorCompilation.esp	003E40	IAREinherjarBrigandineLightGauntlets	DBO_Skill_blacksmith_T3	DBO_Manual_PlateAndScale
Hothtrooper44_ArmorCompilation.esp	003E49	IAREinherjarBrigandineDarkHood	DBO_Skill_blacksmith_T3	DBO_Manual_PlateAndScale
Hothtrooper44_ArmorCompilation.esp	003E4A	IAREinherjarBrigandineLightHood	DBO_Skill_blacksmith_T3	DBO_Manual_PlateAndScale
Hothtrooper44_ArmorCompilation.esp	003E50	IAREinherjarBrigandineDarkCuirass	DBO_Skill_blacksmith_T3	DBO_Manual_PlateAndScale
Hothtrooper44_ArmorCompilation.esp	003E51	IAREinherjarBrigandineLightCuirass	DBO_Skill_blacksmith_T3	DBO_Manual_PlateAndScale
Hothtrooper44_ArmorCompilation.esp	003ECC	IARNordMailHeavyBoots	DBO_Skill_blacksmith_T2	DBO_Manual_Steel
Hothtrooper44_ArmorCompilation.esp	003ECD	IARNordMailHeavyHauberk	DBO_Skill_blacksmith_T2	DBO_Manual_Steel
Hothtrooper44_ArmorCompilation.esp	003ECE	IARNordMailHeavyBracers	DBO_Skill_blacksmith_T2	DBO_Manual_Steel
Hothtrooper44_ArmorCompilation.esp	003ECF	IARNordMailHeavyHelmet	DBO_Skill_blacksmith_T2	DBO_Manual_Steel
Hothtrooper44_ArmorCompilation.esp	003ED1	IARNordMailHeavySpectacleHelmet	DBO_Skill_blacksmith_T2	DBO_Manual_Steel
Hothtrooper44_ArmorCompilation.esp	003ED2	IARNordMailLightBoots	DBO_Skill_blacksmith_T2	DBO_Manual_Chainmail
Hothtrooper44_ArmorCompilation.esp	003ED3	IARNordMailLightShirt	DBO_Skill_blacksmith_T2	DBO_Manual_Chainmail
Hothtrooper44_ArmorCompilation.esp	003ED4	IARNordMailLightBracers	DBO_Skill_blacksmith_T2	DBO_Manual_Chainmail
Hothtrooper44_ArmorCompilation.esp	003ED5	IARNordMailLightHelmet	DBO_Skill_blacksmith_T2	DBO_Manual_Chainmail
Hothtrooper44_ArmorCompilation.esp	003ED7	IARNordMailLightSpectacleHelmet	DBO_Skill_blacksmith_T2	DBO_Manual_Chainmail
Hothtrooper44_ArmorCompilation.esp	0048B9	IARApotheusHood	DBO_Skill_blacksmith_T3	DBO_Manual_PlateAndScale
Hothtrooper44_ArmorCompilation.esp	004E4E	IARArmorHeavyFurHoodPlainScarf	DBO_Skill_blacksmith_T3	DBO_Manual_PlateAndScale
Hothtrooper44_ArmorCompilation.esp	004F25	IARAkaviriSamuraiBoots	DBO_Skill_blacksmith_T4	DBO_Manual_Ebony
Hothtrooper44_ArmorCompilation.esp	004F26	IARAkaviriSamuraiCuirass	DBO_Skill_blacksmith_T4	DBO_Manual_Ebony
Hothtrooper44_ArmorCompilation.esp	004F27	IARAkaviriSamuraiGauntlets	DBO_Skill_blacksmith_T4	DBO_Manual_Ebony
Hothtrooper44_ArmorCompilation.esp	004F28	IARAkaviriSamuraiHelmet	DBO_Skill_blacksmith_T4	DBO_Manual_Ebony
Hothtrooper44_ArmorCompilation.esp	004F3D	IARDragonhideHeavyBoots	DBO_Skill_blacksmith_T5	DBO_Manual_Dragon
Hothtrooper44_ArmorCompilation.esp	004F3E	IARDragonhideHeavyRobe	DBO_Skill_blacksmith_T5	DBO_Manual_Dragon
Hothtrooper44_ArmorCompilation.esp	004F3F	IARDragonhideHeavyGloves	DBO_Skill_blacksmith_T5	DBO_Manual_Dragon
Hothtrooper44_ArmorCompilation.esp	004F41	IARDragonhideHeavyHood	DBO_Skill_blacksmith_T5	DBO_Manual_Dragon
Hothtrooper44_ArmorCompilation.esp	0053B1	IARArmorHeavyFurHoodBlackScarf	DBO_Skill_blacksmith_T3	DBO_Manual_PlateAndScale
Hothtrooper44_ArmorCompilation.esp	0053B2	IARArmorHeavyFurHoodWhiteScarf	DBO_Skill_blacksmith_T3	DBO_Manual_PlateAndScale
Hothtrooper44_ArmorCompilation.esp	0053B3	IARFurHoodPlainScarf	DBO_Skill_blacksmith_T3	DBO_Manual_PlateAndScale
Hothtrooper44_ArmorCompilation.esp	0053B4	IARArmorLightFurHoodPlainScarf	DBO_Skill_blacksmith_T3	DBO_Manual_PlateAndScale
Hothtrooper44_ArmorCompilation.esp	0053B5	IARFurHoodBlackScarf	DBO_Skill_blacksmith_T3	DBO_Manual_PlateAndScale
Hothtrooper44_ArmorCompilation.esp	0053B6	IARArmorLightFurHoodBlackScarf	DBO_Skill_blacksmith_T3	DBO_Manual_PlateAndScale
Hothtrooper44_ArmorCompilation.esp	0053B7	IARFurHoodWhiteScarf	DBO_Skill_blacksmith_T3	DBO_Manual_PlateAndScale
Hothtrooper44_ArmorCompilation.esp	0053B8	IARArmorLightFurHoodWhiteScarf	DBO_Skill_blacksmith_T3	DBO_Manual_PlateAndScale
Hothtrooper44_ArmorCompilation.esp	005A0C	IARMercenaryBoots	DBO_Skill_blacksmith_T3	DBO_Manual_PlateAndScale
Hothtrooper44_ArmorCompilation.esp	005A0D	IARMercenaryCuirass	DBO_Skill_blacksmith_T3	DBO_Manual_PlateAndScale
Hothtrooper44_ArmorCompilation.esp	005A0E	IARMercenaryGauntlets	DBO_Skill_blacksmith_T3	DBO_Manual_PlateAndScale
Hothtrooper44_ArmorCompilation.esp	005A1C	IARHeroicImperialBoots	DBO_Skill_blacksmith_T3	DBO_Manual_PlateAndScale
Hothtrooper44_ArmorCompilation.esp	005A1D	IARHeroicImperialCuirass	DBO_Skill_blacksmith_T3	DBO_Manual_PlateAndScale
Hothtrooper44_ArmorCompilation.esp	005A1E	IARHeroicImperialGauntlets	DBO_Skill_blacksmith_T3	DBO_Manual_PlateAndScale
Hothtrooper44_ArmorCompilation.esp	005A2A	IARDwarvenMageHeavyBoots	DBO_Skill_blacksmith_T2	DBO_Manual_Dwarven
Hothtrooper44_ArmorCompilation.esp	005A2B	IARDwarvenMageHeavyRobe	DBO_Skill_blacksmith_T2	DBO_Manual_Dwarven
Hothtrooper44_ArmorCompilation.esp	005A2C	IARDwarvenMageHeavyGauntlets	DBO_Skill_blacksmith_T2	DBO_Manual_Dwarven
Hothtrooper44_ArmorCompilation.esp	005A2D	IARDwarvenMageHeavyHood	DBO_Skill_blacksmith_T2	DBO_Manual_Dwarven
Hothtrooper44_ArmorCompilation.esp	005A45	IARPrimitiveNordHeavyBoots	DBO_Skill_blacksmith_T3	DBO_Manual_PlateAndScale
Hothtrooper44_ArmorCompilation.esp	005A46	IARPrimitiveNordHeavyCuirass	DBO_Skill_blacksmith_T3	DBO_Manual_PlateAndScale
Hothtrooper44_ArmorCompilation.esp	005A47	IARPrimitiveNordHeavyGauntlets	DBO_Skill_blacksmith_T3	DBO_Manual_PlateAndScale
Hothtrooper44_ArmorCompilation.esp	005A48	IARPrimitiveNordHeavyHelmet	DBO_Skill_blacksmith_T3	DBO_Manual_PlateAndScale
Hothtrooper44_ArmorCompilation.esp	005A49	IARPrimitiveNordLightBoots	DBO_Skill_blacksmith_T2	DBO_Manual_Chainmail
Hothtrooper44_ArmorCompilation.esp	005A4A	IARPrimitiveNordLightCuirass	DBO_Skill_blacksmith_T2	DBO_Manual_Chainmail
Hothtrooper44_ArmorCompilation.esp	005A4B	IARPrimitiveNordLightGauntlets	DBO_Skill_blacksmith_T2	DBO_Manual_Chainmail
Hothtrooper44_ArmorCompilation.esp	005A4C	IARPrimitiveNordLightHelmet	DBO_Skill_blacksmith_T2	DBO_Manual_Chainmail
Hothtrooper44_ArmorCompilation.esp	005A5F	IARBarbarianBoots	DBO_Skill_blacksmith_T1	-
Hothtrooper44_ArmorCompilation.esp	005A60	IARBarbarianCuirass	DBO_Skill_blacksmith_T1	-
Hothtrooper44_ArmorCompilation.esp	005A61	IARBarbarianGauntlets	DBO_Skill_blacksmith_T1	-
Hothtrooper44_ArmorCompilation.esp	005A62	IARBarbarianHelmet	DBO_Skill_blacksmith_T1	-
Hothtrooper44_ArmorCompilation.esp	005A72	IARRangerBoots	DBO_Skill_blacksmith_T1	-
Hothtrooper44_ArmorCompilation.esp	005A73	IARRangerCuirass	DBO_Skill_blacksmith_T1	-
Hothtrooper44_ArmorCompilation.esp	005A74	IARRangerBracers	DBO_Skill_blacksmith_T1	-
Hothtrooper44_ArmorCompilation.esp	005A75	IARRangerHood	DBO_Skill_blacksmith_T1	-
Hothtrooper44_ArmorCompilation.esp	008042	IAREinherjarPlateDarkCuirass	DBO_Skill_blacksmith_T3	DBO_Manual_PlateAndScale
Hothtrooper44_ArmorCompilation.esp	008043	IAREinherjarPlateDarkHood	DBO_Skill_blacksmith_T3	DBO_Manual_PlateAndScale
Hothtrooper44_ArmorCompilation.esp	008044	IAREinherjarPlateDarkGauntlets	DBO_Skill_blacksmith_T3	DBO_Manual_PlateAndScale
Hothtrooper44_ArmorCompilation.esp	008045	IAREinherjarPlateLightBoots	DBO_Skill_blacksmith_T3	DBO_Manual_PlateAndScale
Hothtrooper44_ArmorCompilation.esp	008B10	IARGildergreenHAegis	DBO_Skill_blacksmith_T5	DBO_Manual_Daedric
Hothtrooper44_ArmorCompilation.esp	00AB6D	IARPaladinCuirass	DBO_Skill_blacksmith_T4	DBO_Manual_Ebony
Hothtrooper44_ArmorCompilation.esp	00AB72	IARHeroicStormcloakHelmet	DBO_Skill_blacksmith_T3	DBO_Manual_PlateAndScale
Hothtrooper44_ArmorCompilation.esp	00AB73	IARHeroicStormcloakGauntlets	DBO_Skill_blacksmith_T3	DBO_Manual_PlateAndScale
Hothtrooper44_ArmorCompilation.esp	00AB74	IARHeroicStormcloakCuirass	DBO_Skill_blacksmith_T3	DBO_Manual_PlateAndScale
Hothtrooper44_ArmorCompilation.esp	00AB75	IARHeroicStormcloakBoots	DBO_Skill_blacksmith_T3	DBO_Manual_PlateAndScale
Hothtrooper44_ArmorCompilation.esp	00B651	IARApotheusHelm	DBO_Skill_blacksmith_T3	DBO_Manual_PlateAndScale
Hothtrooper44_ArmorCompilation.esp	00B652	IARApotheusGloves	DBO_Skill_blacksmith_T3	DBO_Manual_PlateAndScale
Hothtrooper44_ArmorCompilation.esp	00B653	IARApotheusCuirass	DBO_Skill_blacksmith_T3	DBO_Manual_PlateAndScale
Hothtrooper44_ArmorCompilation.esp	00B654	IARApotheusBoots	DBO_Skill_blacksmith_T3	DBO_Manual_PlateAndScale
Hothtrooper44_ArmorCompilation.esp	00C695	IARWitchplateCuirass	DBO_Skill_blacksmith_T3	DBO_Manual_PlateAndScale
Hothtrooper44_ArmorCompilation.esp	00C696	IARWitchplateBoots	DBO_Skill_blacksmith_T3	DBO_Manual_PlateAndScale
Hothtrooper44_ArmorCompilation.esp	00C697	IARWitchplateGauntlets	DBO_Skill_blacksmith_T3	DBO_Manual_PlateAndScale
Hothtrooper44_ArmorCompilation.esp	00C698	IARWitchplateHood	DBO_Skill_blacksmith_T3	DBO_Manual_PlateAndScale
Hothtrooper44_ArmorCompilation.esp	00D175	IARSpellbinderCrimsonBoots	DBO_Skill_blacksmith_T3	DBO_Manual_PlateAndScale
Hothtrooper44_ArmorCompilation.esp	00D176	IARSpellbinderCrimsonCuirass	DBO_Skill_blacksmith_T3	DBO_Manual_PlateAndScale
Hothtrooper44_ArmorCompilation.esp	00D177	IARSpellbinderCrimsonGauntlets	DBO_Skill_blacksmith_T3	DBO_Manual_PlateAndScale
Hothtrooper44_ArmorCompilation.esp	00D178	IARSpellbinderCrimsonHelmet	DBO_Skill_blacksmith_T3	DBO_Manual_PlateAndScale
Hothtrooper44_ArmorCompilation.esp	00D17D	IARSpellbinderRunicBoots	DBO_Skill_blacksmith_T3	DBO_Manual_PlateAndScale
Hothtrooper44_ArmorCompilation.esp	00D17E	IARSpellbinderRunicCuirass	DBO_Skill_blacksmith_T3	DBO_Manual_PlateAndScale
Hothtrooper44_ArmorCompilation.esp	00D17F	IARSpellbinderRunicGauntlets	DBO_Skill_blacksmith_T3	DBO_Manual_PlateAndScale
Hothtrooper44_ArmorCompilation.esp	00D180	IARSpellbinderRunicHelmet	DBO_Skill_blacksmith_T3	DBO_Manual_PlateAndScale
Hothtrooper44_ArmorCompilation.esp	00F74D	IARRedguardKnightCape	DBO_Skill_blacksmith_T1	-
Hothtrooper44_ArmorCompilation.esp	020DD5	IARShieldOvalPaintHeavyBasic	DBO_Skill_blacksmith_T1	-
Hothtrooper44_ArmorCompilation.esp	020DD6	IARShieldKitePaintHeavyBasic	DBO_Skill_blacksmith_T1	-
Hothtrooper44_ArmorCompilation.esp	020DD7	IARShieldOvalPaintLightBasic	DBO_Skill_blacksmith_T1	-
Hothtrooper44_ArmorCompilation.esp	020DD8	IARShieldRoundPaintHeavyBasic	DBO_Skill_blacksmith_T1	-
Hothtrooper44_ArmorCompilation.esp	020DD9	IARShieldRoundPaintLightBasic	DBO_Skill_blacksmith_T1	-
Hothtrooper44_ArmorCompilation.esp	020DDC	IARShieldKitePaintLightBasic	DBO_Skill_blacksmith_T1	-
Hothtrooper44_ArmorCompilation.esp	021470	IARBucklerDaedric	DBO_Skill_blacksmith_T5	DBO_Manual_Daedric
Hothtrooper44_ArmorCompilation.esp	021471	IARBucklerDragonhide	DBO_Skill_blacksmith_T5	DBO_Manual_Dragon
Hothtrooper44_ArmorCompilation.esp	021472	IARBucklerDwarven	DBO_Skill_blacksmith_T2	DBO_Manual_Dwarven
Hothtrooper44_ArmorCompilation.esp	021473	IARBucklerEbony	DBO_Skill_blacksmith_T4	DBO_Manual_Ebony
Hothtrooper44_ArmorCompilation.esp	021474	IARBucklerGlass	DBO_Skill_blacksmith_T4	DBO_Manual_Glass
Hothtrooper44_ArmorCompilation.esp	021475	IARBucklerHide	DBO_Skill_blacksmith_T1	-
Hothtrooper44_ArmorCompilation.esp	021476	IARBucklerImperial	DBO_Skill_blacksmith_T2	DBO_Manual_Steel
Hothtrooper44_ArmorCompilation.esp	021477	IARBucklerIron	DBO_Skill_blacksmith_T1	-
Hothtrooper44_ArmorCompilation.esp	021478	IARBucklerOrcish	DBO_Skill_blacksmith_T3	DBO_Manual_Orcish
Hothtrooper44_ArmorCompilation.esp	021479	IARBucklerSithis	DBO_Skill_blacksmith_T4	DBO_Manual_Glass
Hothtrooper44_ArmorCompilation.esp	02147A	IARBucklerSteel	DBO_Skill_blacksmith_T2	DBO_Manual_Steel
Hothtrooper44_ArmorCompilation.esp	02147B	IARBucklerWinterhold	DBO_Skill_blacksmith_T4	DBO_Manual_Ebony
Hothtrooper44_ArmorCompilation.esp	02147C	IARBucklerYsgramor	DBO_Skill_blacksmith_T3	DBO_Manual_PlateAndScale
Hothtrooper44_ArmorCompilation.esp	02147D	IARShieldSithis	DBO_Skill_blacksmith_T4	DBO_Manual_Glass
Hothtrooper44_ArmorCompilation.esp	02147E	IARShieldWinterhold	DBO_Skill_blacksmith_T4	DBO_Manual_Ebony
Hothtrooper44_ArmorCompilation.esp	02147F	IARShieldYsgramor	DBO_Skill_blacksmith_T3	DBO_Manual_PlateAndScale
Hothtrooper44_ArmorCompilation.esp	0214A2	IARNordicDwemerShield	DBO_Skill_blacksmith_T3	DBO_Manual_PlateAndScale
Hothtrooper44_ArmorCompilation.esp	0214A3	IARNordicEbonyLightShield	DBO_Skill_blacksmith_T3	DBO_Manual_PlateAndScale
Hothtrooper44_ArmorCompilation.esp	0214A4	IARNordicEbonyShield	DBO_Skill_blacksmith_T3	DBO_Manual_PlateAndScale
Hothtrooper44_ArmorCompilation.esp	0214A5	IARNordicMoonstoneShield	DBO_Skill_blacksmith_T3	DBO_Manual_PlateAndScale
Hothtrooper44_ArmorCompilation.esp	0214A6	IARNordicOrichalcumLightShield	DBO_Skill_blacksmith_T3	DBO_Manual_PlateAndScale
Hothtrooper44_ArmorCompilation.esp	0214A7	IARNordicOrichalcumShield	DBO_Skill_blacksmith_T3	DBO_Manual_PlateAndScale
Hothtrooper44_ArmorCompilation.esp	0214A8	IARShieldSkyforgeLight	DBO_Skill_blacksmith_T3	DBO_Manual_PlateAndScale
Hothtrooper44_ArmorCompilation.esp	0214A9	IARShieldSkyforgeHeavy	DBO_Skill_blacksmith_T3	DBO_Manual_PlateAndScale
Hothtrooper44_ArmorCompilation.esp	0214AA	IARShieldWolf	DBO_Skill_blacksmith_T3	DBO_Manual_PlateAndScale
Hothtrooper44_ArmorCompilation.esp	021F7F	IAROrcishMaskHelm	DBO_Skill_blacksmith_T3	DBO_Manual_Orcish
Hothtrooper44_ArmorCompilation.esp	021F92	IARRitualBoethiahBoots	DBO_Skill_blacksmith_T5	DBO_Manual_Dragon
Hothtrooper44_ArmorCompilation.esp	021F93	IARRitualBoethiahCuirass	DBO_Skill_blacksmith_T5	DBO_Manual_Dragon
Hothtrooper44_ArmorCompilation.esp	021F94	IARRitualBoethiahGloves	DBO_Skill_blacksmith_T5	DBO_Manual_Dragon
Hothtrooper44_ArmorCompilation.esp	021F95	IARRitualBoethiahHelm	DBO_Skill_blacksmith_T5	DBO_Manual_Dragon
Hothtrooper44_ArmorCompilation.esp	021F96	IARRitualBoethiahMask	DBO_Skill_blacksmith_T2	DBO_Manual_Elven
Hothtrooper44_ArmorCompilation.esp	021F97	IARRitualBoethiahShroud	DBO_Skill_blacksmith_T4	DBO_Manual_Ebony
Hothtrooper44_ArmorCompilation.esp	021FF5	IARDragonEbonBulkyBoots	DBO_Skill_blacksmith_T5	DBO_Manual_Dragon
Hothtrooper44_ArmorCompilation.esp	021FF6	IARDragonEbonSleekBoots	DBO_Skill_blacksmith_T5	DBO_Manual_Dragon
Hothtrooper44_ArmorCompilation.esp	021FF7	IARDragonEbonBulkyCuirass	DBO_Skill_blacksmith_T5	DBO_Manual_Dragon
Hothtrooper44_ArmorCompilation.esp	021FF8	IARDragonEbonSleekCuirass	DBO_Skill_blacksmith_T5	DBO_Manual_Dragon
Hothtrooper44_ArmorCompilation.esp	021FF9	IARDragonEbonBulkyGauntlets	DBO_Skill_blacksmith_T5	DBO_Manual_Dragon
Hothtrooper44_ArmorCompilation.esp	021FFA	IARDragonEbonSleekGauntlets	DBO_Skill_blacksmith_T5	DBO_Manual_Dragon
Hothtrooper44_ArmorCompilation.esp	021FFB	IARDragonEbonHHelmStout	DBO_Skill_blacksmith_T5	DBO_Manual_Dragon
Hothtrooper44_ArmorCompilation.esp	021FFC	IARDragonEbonHHelmStoutVeil	DBO_Skill_blacksmith_T5	DBO_Manual_Dragon
Hothtrooper44_ArmorCompilation.esp	021FFD	IARDragonEbonHHelmGrand	DBO_Skill_blacksmith_T5	DBO_Manual_Dragon
Hothtrooper44_ArmorCompilation.esp	021FFE	IARDragonEbonHHelmGrandVeil	DBO_Skill_blacksmith_T5	DBO_Manual_Dragon
Hothtrooper44_ArmorCompilation.esp	021FFF	IARDragonEbonHHelmHorn	DBO_Skill_blacksmith_T5	DBO_Manual_Dragon
Hothtrooper44_ArmorCompilation.esp	022000	IARDragonEbonHHelmHornVeil	DBO_Skill_blacksmith_T5	DBO_Manual_Dragon
Hothtrooper44_ArmorCompilation.esp	022001	IARDragonEbonHHelmClassic	DBO_Skill_blacksmith_T5	DBO_Manual_Dragon
Hothtrooper44_ArmorCompilation.esp	022002	IARDragonEbonHHelmClassicVeil	DBO_Skill_blacksmith_T5	DBO_Manual_Dragon
Hothtrooper44_ArmorCompilation.esp	022003	IARDragonEbonHHelmClaw	DBO_Skill_blacksmith_T5	DBO_Manual_Dragon
Hothtrooper44_ArmorCompilation.esp	022004	IARDragonEbonHHelmClawVeil	DBO_Skill_blacksmith_T5	DBO_Manual_Dragon
Hothtrooper44_ArmorCompilation.esp	022005	IARDragonEbonHHood	DBO_Skill_blacksmith_T5	DBO_Manual_Dragon
Hothtrooper44_ArmorCompilation.esp	022006	IARDragonEbonHShield	DBO_Skill_blacksmith_T5	DBO_Manual_Dragon
Hothtrooper44_ArmorCompilation.esp	023062	IARFurCollar	DBO_Skill_blacksmith_T1	-
Hothtrooper44_ArmorCompilation.esp	023063	IARFurCollarTight	DBO_Skill_blacksmith_T1	-
Hothtrooper44_ArmorCompilation.esp	02308F	IARTrollbaneLightBoots	DBO_Skill_blacksmith_T4	DBO_Manual_Glass
Hothtrooper44_ArmorCompilation.esp	023090	IARTrollbaneLightBracers	DBO_Skill_blacksmith_T4	DBO_Manual_Glass
Hothtrooper44_ArmorCompilation.esp	023091	IARTrollbaneLightCuirass	DBO_Skill_blacksmith_T4	DBO_Manual_Glass
Hothtrooper44_ArmorCompilation.esp	023092	IARTrollbaneLightHeaddress	DBO_Skill_blacksmith_T4	DBO_Manual_Glass
Hothtrooper44_ArmorCompilation.esp	023093	IARTrollbaneLightMask	DBO_Skill_blacksmith_T4	DBO_Manual_Glass
Hothtrooper44_ArmorCompilation.esp	023094	IARTrollbaneLightHelmet	DBO_Skill_blacksmith_T4	DBO_Manual_Glass
Hothtrooper44_ArmorCompilation.esp	023095	IARTrollbaneHeavyBoots	DBO_Skill_blacksmith_T4	DBO_Manual_Ebony
Hothtrooper44_ArmorCompilation.esp	023096	IARTrollbaneHeavyMask	DBO_Skill_blacksmith_T4	DBO_Manual_Ebony
Hothtrooper44_ArmorCompilation.esp	023097	IARTrollbaneHeavyHeaddress	DBO_Skill_blacksmith_T4	DBO_Manual_Ebony
Hothtrooper44_ArmorCompilation.esp	023098	IARTrollbaneHeavyGauntlets	DBO_Skill_blacksmith_T4	DBO_Manual_Ebony
Hothtrooper44_ArmorCompilation.esp	023099	IARTrollbaneHeavyHelmet	DBO_Skill_blacksmith_T4	DBO_Manual_Ebony
Hothtrooper44_ArmorCompilation.esp	02309A	IARTrollbaneHeavyCuirass	DBO_Skill_blacksmith_T4	DBO_Manual_Ebony
Hothtrooper44_ArmorCompilation.esp	0230B1	IARShamanLRobe	DBO_Skill_blacksmith_T3	DBO_Manual_PlateAndScale
Hothtrooper44_ArmorCompilation.esp	0230B2	IARShamanLHelm	DBO_Skill_blacksmith_T3	DBO_Manual_PlateAndScale
Hothtrooper44_ArmorCompilation.esp	0230B3	IARShamanLGloves	DBO_Skill_blacksmith_T3	DBO_Manual_PlateAndScale
Hothtrooper44_ArmorCompilation.esp	0230B4	IARShamanLBoots	DBO_Skill_blacksmith_T3	DBO_Manual_PlateAndScale
Hothtrooper44_ArmorCompilation.esp	0230CD	IARDragonKnightHBoots	DBO_Skill_blacksmith_T5	DBO_Manual_Dragon
Hothtrooper44_ArmorCompilation.esp	0230CE	IARDragonKnightCuirassFull	DBO_Skill_blacksmith_T5	DBO_Manual_Dragon
Hothtrooper44_ArmorCompilation.esp	0230CF	IARDragonKnightCuirassFox	DBO_Skill_blacksmith_T5	DBO_Manual_Dragon
Hothtrooper44_ArmorCompilation.esp	0230D1	IARDragonKnightGauntlets0	DBO_Skill_blacksmith_T5	DBO_Manual_Dragon
Hothtrooper44_ArmorCompilation.esp	0230D2	IARDragonKnightGauntlets1	DBO_Skill_blacksmith_T5	DBO_Manual_Dragon
Hothtrooper44_ArmorCompilation.esp	0230D3	IARDragonKnightGauntlets2	DBO_Skill_blacksmith_T5	DBO_Manual_Dragon
Hothtrooper44_ArmorCompilation.esp	0230D4	IARDragonKnightHHelm	DBO_Skill_blacksmith_T5	DBO_Manual_Dragon
Hothtrooper44_ArmorCompilation.esp	0230D5	IARDragonKnightHShield	DBO_Skill_blacksmith_T5	DBO_Manual_Dragon
Hothtrooper44_ArmorCompilation.esp	0230EB	IARConanBoots	DBO_Skill_blacksmith_T3	DBO_Manual_PlateAndScale
Hothtrooper44_ArmorCompilation.esp	0230EC	IARConanBracers	DBO_Skill_blacksmith_T3	DBO_Manual_PlateAndScale
Hothtrooper44_ArmorCompilation.esp	0230ED	IARConanCirclet	DBO_Skill_blacksmith_T3	DBO_Manual_PlateAndScale
Hothtrooper44_ArmorCompilation.esp	0230EE	IARConanCuirass	DBO_Skill_blacksmith_T3	DBO_Manual_PlateAndScale
Hothtrooper44_ArmorCompilation.esp	0230FB	IARCrimsonArcherBoots	DBO_Skill_blacksmith_T3	DBO_Manual_PlateAndScale
Hothtrooper44_ArmorCompilation.esp	0230FC	IARCrimsonArcherCuirass	DBO_Skill_blacksmith_T3	DBO_Manual_PlateAndScale
Hothtrooper44_ArmorCompilation.esp	0230FD	IARCrimsonArcherGloves	DBO_Skill_blacksmith_T3	DBO_Manual_PlateAndScale
Hothtrooper44_ArmorCompilation.esp	023190	IARTribunalHeavyBootsBlack	DBO_Skill_blacksmith_T4	DBO_Manual_Ebony
Hothtrooper44_ArmorCompilation.esp	023191	IARTribunalHeavyBootsBlue	DBO_Skill_blacksmith_T4	DBO_Manual_Ebony
Hothtrooper44_ArmorCompilation.esp	023192	IARTribunalHeavyBootsGreen	DBO_Skill_blacksmith_T4	DBO_Manual_Ebony
Hothtrooper44_ArmorCompilation.esp	023193	IARTribunalHeavyBootsRed	DBO_Skill_blacksmith_T4	DBO_Manual_Ebony
Hothtrooper44_ArmorCompilation.esp	023194	IARTribunalHeavyBootsWhite	DBO_Skill_blacksmith_T4	DBO_Manual_Ebony
Hothtrooper44_ArmorCompilation.esp	023195	IARTribunalHeavyGlovesBlack	DBO_Skill_blacksmith_T4	DBO_Manual_Ebony
Hothtrooper44_ArmorCompilation.esp	023196	IARTribunalHeavyGlovesBlue	DBO_Skill_blacksmith_T4	DBO_Manual_Ebony
Hothtrooper44_ArmorCompilation.esp	023197	IARTribunalHeavyGlovesGreen	DBO_Skill_blacksmith_T4	DBO_Manual_Ebony
Hothtrooper44_ArmorCompilation.esp	023198	IARTribunalHeavyGlovesRed	DBO_Skill_blacksmith_T4	DBO_Manual_Ebony
Hothtrooper44_ArmorCompilation.esp	023199	IARTribunalHeavyGlovesWhite	DBO_Skill_blacksmith_T4	DBO_Manual_Ebony
Hothtrooper44_ArmorCompilation.esp	02319A	IARTribunalHeavyHoodBlack	DBO_Skill_blacksmith_T4	DBO_Manual_Ebony
Hothtrooper44_ArmorCompilation.esp	02319B	IARTribunalHeavyHoodBlue	DBO_Skill_blacksmith_T4	DBO_Manual_Ebony
Hothtrooper44_ArmorCompilation.esp	02319C	IARTribunalHeavyHoodGreen	DBO_Skill_blacksmith_T4	DBO_Manual_Ebony
Hothtrooper44_ArmorCompilation.esp	02319D	IARTribunalHeavyHoodRed	DBO_Skill_blacksmith_T4	DBO_Manual_Ebony
Hothtrooper44_ArmorCompilation.esp	02319E	IARTribunalHeavyHoodWhite	DBO_Skill_blacksmith_T4	DBO_Manual_Ebony
Hothtrooper44_ArmorCompilation.esp	02319F	IARTribunalHeavyRobeBlackNoCloak	DBO_Skill_blacksmith_T4	DBO_Manual_Ebony
Hothtrooper44_ArmorCompilation.esp	0231A0	IARTribunalHeavyRobeBlueNoCloak	DBO_Skill_blacksmith_T4	DBO_Manual_Ebony
Hothtrooper44_ArmorCompilation.esp	0231A1	IARTribunalHeavyRobeGreenNoCloak	DBO_Skill_blacksmith_T4	DBO_Manual_Ebony
Hothtrooper44_ArmorCompilation.esp	0231A2	IARTribunalHeavyRobeRedNoCloak	DBO_Skill_blacksmith_T4	DBO_Manual_Ebony
Hothtrooper44_ArmorCompilation.esp	0231A3	IARTribunalHeavyRobeWhiteNoCloak	DBO_Skill_blacksmith_T4	DBO_Manual_Ebony
Hothtrooper44_ArmorCompilation.esp	0231A4	IARTribunalHeavyRobeBlackCloak	DBO_Skill_blacksmith_T4	DBO_Manual_Ebony
Hothtrooper44_ArmorCompilation.esp	0231A5	IARTribunalHeavyRobeBlueCloak	DBO_Skill_blacksmith_T4	DBO_Manual_Ebony
Hothtrooper44_ArmorCompilation.esp	0231A6	IARTribunalHeavyRobeGreenCloak	DBO_Skill_blacksmith_T4	DBO_Manual_Ebony
Hothtrooper44_ArmorCompilation.esp	0231A7	IARTribunalHeavyRobeRedCloak	DBO_Skill_blacksmith_T4	DBO_Manual_Ebony
Hothtrooper44_ArmorCompilation.esp	0231A8	IARTribunalHeavyRobeWhiteCloak	DBO_Skill_blacksmith_T4	DBO_Manual_Ebony
Hothtrooper44_ArmorCompilation.esp	0231A9	IARTribunalLightBootsBlack	DBO_Skill_blacksmith_T4	DBO_Manual_Glass
Hothtrooper44_ArmorCompilation.esp	0231AA	IARTribunalLightBootsBlue	DBO_Skill_blacksmith_T4	DBO_Manual_Glass
Hothtrooper44_ArmorCompilation.esp	0231AB	IARTribunalLightBootsGreen	DBO_Skill_blacksmith_T4	DBO_Manual_Glass
Hothtrooper44_ArmorCompilation.esp	0231AC	IARTribunalLightBootsRed	DBO_Skill_blacksmith_T4	DBO_Manual_Glass
Hothtrooper44_ArmorCompilation.esp	0231AD	IARTribunalLightBootsWhite	DBO_Skill_blacksmith_T4	DBO_Manual_Glass
Hothtrooper44_ArmorCompilation.esp	0231AE	IARTribunalLightGlovesBlack	DBO_Skill_blacksmith_T4	DBO_Manual_Glass
Hothtrooper44_ArmorCompilation.esp	0231AF	IARTribunalLightGlovesBlue	DBO_Skill_blacksmith_T4	DBO_Manual_Glass
Hothtrooper44_ArmorCompilation.esp	0231B0	IARTribunalLightGlovesGreen	DBO_Skill_blacksmith_T4	DBO_Manual_Glass
Hothtrooper44_ArmorCompilation.esp	0231B1	IARTribunalLightGlovesRed	DBO_Skill_blacksmith_T4	DBO_Manual_Glass
Hothtrooper44_ArmorCompilation.esp	0231B2	IARTribunalLightGlovesWhite	DBO_Skill_blacksmith_T4	DBO_Manual_Glass
Hothtrooper44_ArmorCompilation.esp	0231B3	IARTribunalLightHoodBlack	DBO_Skill_blacksmith_T4	DBO_Manual_Glass
Hothtrooper44_ArmorCompilation.esp	0231B4	IARTribunalLightHoodBlue	DBO_Skill_blacksmith_T4	DBO_Manual_Glass
Hothtrooper44_ArmorCompilation.esp	0231B5	IARTribunalLightHoodGreen	DBO_Skill_blacksmith_T4	DBO_Manual_Glass
Hothtrooper44_ArmorCompilation.esp	0231B6	IARTribunalLightHoodRed	DBO_Skill_blacksmith_T4	DBO_Manual_Glass
Hothtrooper44_ArmorCompilation.esp	0231B7	IARTribunalLightHoodWhite	DBO_Skill_blacksmith_T4	DBO_Manual_Glass
Hothtrooper44_ArmorCompilation.esp	0231B8	IARTribunalLightRobeBlackNoCloak	DBO_Skill_blacksmith_T4	DBO_Manual_Glass
Hothtrooper44_ArmorCompilation.esp	0231B9	IARTribunalLightRobeBlueNoCloak	DBO_Skill_blacksmith_T4	DBO_Manual_Glass
Hothtrooper44_ArmorCompilation.esp	0231BA	IARTribunalLightRobeGreenNoCloak	DBO_Skill_blacksmith_T4	DBO_Manual_Glass
Hothtrooper44_ArmorCompilation.esp	0231BB	IARTribunalLightRobeRedNoCloak	DBO_Skill_blacksmith_T4	DBO_Manual_Glass
Hothtrooper44_ArmorCompilation.esp	0231BC	IARTribunalLightRobeWhiteNoCloak	DBO_Skill_blacksmith_T4	DBO_Manual_Glass
Hothtrooper44_ArmorCompilation.esp	0231BD	IARTribunalLightRobeBlackCloak	DBO_Skill_blacksmith_T4	DBO_Manual_Glass
Hothtrooper44_ArmorCompilation.esp	0231BE	IARTribunalLightRobeBlueCloak	DBO_Skill_blacksmith_T4	DBO_Manual_Glass
Hothtrooper44_ArmorCompilation.esp	0231BF	IARTribunalLightRobeGreenCloak	DBO_Skill_blacksmith_T4	DBO_Manual_Glass
Hothtrooper44_ArmorCompilation.esp	0231C0	IARTribunalLightRobeRedCloak	DBO_Skill_blacksmith_T4	DBO_Manual_Glass
Hothtrooper44_ArmorCompilation.esp	0231C1	IARTribunalLightRobeWhiteCloak	DBO_Skill_blacksmith_T4	DBO_Manual_Glass
Hothtrooper44_ArmorCompilation.esp	0231C2	IARTribunalMaskBronze	DBO_Skill_blacksmith_T3	DBO_Manual_Orcish
Hothtrooper44_ArmorCompilation.esp	0231C3	IARTribunalMaskEbony	DBO_Skill_blacksmith_T3	DBO_Manual_Orcish
Hothtrooper44_ArmorCompilation.esp	0231C4	IARTribunalMaskGold	DBO_Skill_blacksmith_T3	DBO_Manual_Orcish
Hothtrooper44_ArmorCompilation.esp	0231C5	IARTribunalMaskSilver	DBO_Skill_blacksmith_T3	DBO_Manual_Orcish
Hothtrooper44_ArmorCompilation.esp	0231C6	IARTribunalUnarmoredBootsBlack	DBO_Skill_blacksmith_T2	DBO_Manual_Elven
Hothtrooper44_ArmorCompilation.esp	0231C7	IARTribunalUnarmoredBootsBlue	DBO_Skill_blacksmith_T2	DBO_Manual_Elven
Hothtrooper44_ArmorCompilation.esp	0231C8	IARTribunalUnarmoredBootsGreen	DBO_Skill_blacksmith_T2	DBO_Manual_Elven
Hothtrooper44_ArmorCompilation.esp	0231C9	IARTribunalUnarmoredBootsRed	DBO_Skill_blacksmith_T2	DBO_Manual_Elven
Hothtrooper44_ArmorCompilation.esp	0231CA	IARTribunalUnarmoredBootsWhite	DBO_Skill_blacksmith_T2	DBO_Manual_Elven
Hothtrooper44_ArmorCompilation.esp	0231CB	IARTribunalUnarmoredGlovesBlack	DBO_Skill_blacksmith_T2	DBO_Manual_Elven
Hothtrooper44_ArmorCompilation.esp	0231CC	IARTribunalUnarmoredGlovesBlue	DBO_Skill_blacksmith_T2	DBO_Manual_Elven
Hothtrooper44_ArmorCompilation.esp	0231CD	IARTribunalUnarmoredGlovesGreen	DBO_Skill_blacksmith_T2	DBO_Manual_Elven
Hothtrooper44_ArmorCompilation.esp	0231CE	IARTribunalUnarmoredGlovesRed	DBO_Skill_blacksmith_T2	DBO_Manual_Elven
Hothtrooper44_ArmorCompilation.esp	0231CF	IARTribunalUnarmoredGlovesWhite	DBO_Skill_blacksmith_T2	DBO_Manual_Elven
Hothtrooper44_ArmorCompilation.esp	0231D0	IARTribunalUnarmoredHoodBlack	DBO_Skill_blacksmith_T2	DBO_Manual_Elven
Hothtrooper44_ArmorCompilation.esp	0231D1	IARTribunalUnarmoredHoodBlue	DBO_Skill_blacksmith_T2	DBO_Manual_Elven
Hothtrooper44_ArmorCompilation.esp	0231D2	IARTribunalUnarmoredHoodGreen	DBO_Skill_blacksmith_T2	DBO_Manual_Elven
Hothtrooper44_ArmorCompilation.esp	0231D3	IARTribunalUnarmoredHoodRed	DBO_Skill_blacksmith_T2	DBO_Manual_Elven
Hothtrooper44_ArmorCompilation.esp	0231D4	IARTribunalUnarmoredHoodWhite	DBO_Skill_blacksmith_T2	DBO_Manual_Elven
Hothtrooper44_ArmorCompilation.esp	0231D5	IARTribunalUnarmoredRobeBlack	DBO_Skill_blacksmith_T2	DBO_Manual_Elven
Hothtrooper44_ArmorCompilation.esp	0231D6	IARTribunalUnarmoredRobeBlue	DBO_Skill_blacksmith_T2	DBO_Manual_Elven
Hothtrooper44_ArmorCompilation.esp	0231D7	IARTribunalUnarmoredRobeGreen	DBO_Skill_blacksmith_T2	DBO_Manual_Elven
Hothtrooper44_ArmorCompilation.esp	0231D8	IARTribunalUnarmoredRobeRed	DBO_Skill_blacksmith_T2	DBO_Manual_Elven
Hothtrooper44_ArmorCompilation.esp	0231D9	IARTribunalUnarmoredRobeWhite	DBO_Skill_blacksmith_T2	DBO_Manual_Elven
Hothtrooper44_ArmorCompilation.esp	02327E	IARBrigandDwemerScrap	DBO_Skill_blacksmith_T2	DBO_Manual_Dwarven
Hothtrooper44_ArmorCompilation.esp	02327F	IARBrigandHighwayChain	DBO_Skill_blacksmith_T1	-
Hothtrooper44_ArmorCompilation.esp	023280	IARBrigandIronHide	DBO_Skill_blacksmith_T1	-
Hothtrooper44_ArmorCompilation.esp	02328D	IARAlduinBoots	DBO_Skill_blacksmith_T5	DBO_Manual_Dragon
Hothtrooper44_ArmorCompilation.esp	02328E	IARAlduinCuirass	DBO_Skill_blacksmith_T5	DBO_Manual_Dragon
Hothtrooper44_ArmorCompilation.esp	02328F	IARAlduinGauntlet	DBO_Skill_blacksmith_T5	DBO_Manual_Dragon
Hothtrooper44_ArmorCompilation.esp	023290	IARAlduinHelmet	DBO_Skill_blacksmith_T5	DBO_Manual_Dragon
Hothtrooper44_ArmorCompilation.esp	02329D	IARDwarvenMageLightBoots	DBO_Skill_blacksmith_T2	DBO_Manual_Elven
Hothtrooper44_ArmorCompilation.esp	02329E	IARDwarvenMageLightGauntlets	DBO_Skill_blacksmith_T2	DBO_Manual_Elven
Hothtrooper44_ArmorCompilation.esp	02329F	IARDwarvenMageLightHood	DBO_Skill_blacksmith_T2	DBO_Manual_Elven
Hothtrooper44_ArmorCompilation.esp	0232A0	IARDwarvenMageLightRobe	DBO_Skill_blacksmith_T2	DBO_Manual_Elven
Hothtrooper44_ArmorCompilation.esp	0232A1	IARDragonhideLightBoots	DBO_Skill_blacksmith_T5	DBO_Manual_Dragon
Hothtrooper44_ArmorCompilation.esp	0232A2	IARDragonhideLightGloves	DBO_Skill_blacksmith_T5	DBO_Manual_Dragon
Hothtrooper44_ArmorCompilation.esp	0232A3	IARDragonhideLightHood	DBO_Skill_blacksmith_T5	DBO_Manual_Dragon
Hothtrooper44_ArmorCompilation.esp	0232A4	IARDragonhideLightRobe	DBO_Skill_blacksmith_T5	DBO_Manual_Dragon
Hothtrooper44_ArmorCompilation.esp	023300	IARBoiledChitinHBoots	DBO_Skill_blacksmith_T2	DBO_Manual_Dwarven
Hothtrooper44_ArmorCompilation.esp	023301	IARBoiledChitinHCuirass	DBO_Skill_blacksmith_T2	DBO_Manual_Dwarven
Hothtrooper44_ArmorCompilation.esp	023302	IARBoiledChitinHGauntlets	DBO_Skill_blacksmith_T2	DBO_Manual_Dwarven
Hothtrooper44_ArmorCompilation.esp	023303	IARBoiledChitinHHelmet	DBO_Skill_blacksmith_T2	DBO_Manual_Dwarven
Hothtrooper44_ArmorCompilation.esp	023304	IARBoiledChitinHShield	DBO_Skill_blacksmith_T2	DBO_Manual_Dwarven
Hothtrooper44_ArmorCompilation.esp	023305	IARGlacialCrystalHBoots	DBO_Skill_blacksmith_T4	DBO_Manual_Ebony
Hothtrooper44_ArmorCompilation.esp	023306	IARGlacialCrystalHCuirass	DBO_Skill_blacksmith_T4	DBO_Manual_Ebony
Hothtrooper44_ArmorCompilation.esp	023307	IARGlacialCrystalHGauntlets	DBO_Skill_blacksmith_T4	DBO_Manual_Ebony
Hothtrooper44_ArmorCompilation.esp	023308	IARGlacialCrystalHHelmet	DBO_Skill_blacksmith_T4	DBO_Manual_Ebony
Hothtrooper44_ArmorCompilation.esp	023309	IARGlacialCrystalHShield	DBO_Skill_blacksmith_T4	DBO_Manual_Ebony
Hothtrooper44_ArmorCompilation.esp	023319	IARRingmailBoots	DBO_Skill_blacksmith_T2	DBO_Manual_Chainmail
Hothtrooper44_ArmorCompilation.esp	02331A	IARRingmailCuirass	DBO_Skill_blacksmith_T2	DBO_Manual_Chainmail
Hothtrooper44_ArmorCompilation.esp	02331B	IARRingmailGauntlets	DBO_Skill_blacksmith_T2	DBO_Manual_Chainmail
Hothtrooper44_ArmorCompilation.esp	02331C	IARRingmailHood	DBO_Skill_blacksmith_T2	DBO_Manual_Chainmail
Hothtrooper44_ArmorCompilation.esp	02331D	IARSnowBearBoots	DBO_Skill_blacksmith_T3	DBO_Manual_PlateAndScale
Hothtrooper44_ArmorCompilation.esp	02331E	IARSnowBearCuirass	DBO_Skill_blacksmith_T3	DBO_Manual_PlateAndScale
Hothtrooper44_ArmorCompilation.esp	02331F	IARSnowBearGauntlets	DBO_Skill_blacksmith_T3	DBO_Manual_PlateAndScale
Hothtrooper44_ArmorCompilation.esp	023320	IARSnowBearHelmet	DBO_Skill_blacksmith_T3	DBO_Manual_PlateAndScale
Hothtrooper44_ArmorCompilation.esp	023321	IARSnowBearShield	DBO_Skill_blacksmith_T3	DBO_Manual_PlateAndScale
Hothtrooper44_ArmorCompilation.esp	023322	IARVvardenfellGlassBoots	DBO_Skill_blacksmith_T4	DBO_Manual_Glass
Hothtrooper44_ArmorCompilation.esp	023323	IARVvardenfellGlassCuirass	DBO_Skill_blacksmith_T4	DBO_Manual_Glass
Hothtrooper44_ArmorCompilation.esp	023324	IARVvardenfellGlassGauntlets	DBO_Skill_blacksmith_T4	DBO_Manual_Glass
Hothtrooper44_ArmorCompilation.esp	023325	IARVvardenfellGlassHelmet	DBO_Skill_blacksmith_T4	DBO_Manual_Glass
Hothtrooper44_ArmorCompilation.esp	023326	IARVvardenfellGlassShield	DBO_Skill_blacksmith_T4	DBO_Manual_Glass
Hothtrooper44_ArmorCompilation.esp	0238FD	IARBosmerBoots	DBO_Skill_blacksmith_T2	DBO_Manual_Elven
Hothtrooper44_ArmorCompilation.esp	0238FE	IARBosmerFullCape	DBO_Skill_blacksmith_T3	DBO_Manual_Orcish
Hothtrooper44_ArmorCompilation.esp	0238FF	IARBosmerCoif	DBO_Skill_blacksmith_T2	DBO_Manual_Elven
Hothtrooper44_ArmorCompilation.esp	023900	IARBosmerCuirass	DBO_Skill_blacksmith_T2	DBO_Manual_Elven
Hothtrooper44_ArmorCompilation.esp	023901	IARBosmerEngravedBoots	DBO_Skill_blacksmith_T4	DBO_Manual_Glass
Hothtrooper44_ArmorCompilation.esp	023902	IARBosmerEngravedCoif	DBO_Skill_blacksmith_T4	DBO_Manual_Glass
Hothtrooper44_ArmorCompilation.esp	023903	IARBosmerEngravedCuirass	DBO_Skill_blacksmith_T4	DBO_Manual_Glass
Hothtrooper44_ArmorCompilation.esp	023904	IARBosmerEngravedGauntlets	DBO_Skill_blacksmith_T4	DBO_Manual_Glass
Hothtrooper44_ArmorCompilation.esp	023905	IARBosmerEngravedHelmet	DBO_Skill_blacksmith_T4	DBO_Manual_Glass
Hothtrooper44_ArmorCompilation.esp	023906	IARBosmerEngravedHood	DBO_Skill_blacksmith_T4	DBO_Manual_Glass
Hothtrooper44_ArmorCompilation.esp	023907	IARBosmerEngravedShoulderCape	DBO_Skill_blacksmith_T2	DBO_Manual_Elven
Hothtrooper44_ArmorCompilation.esp	023908	IARBosmerGauntlets	DBO_Skill_blacksmith_T2	DBO_Manual_Elven
Hothtrooper44_ArmorCompilation.esp	023909	IARBosmerHeavyBoots	DBO_Skill_blacksmith_T2	DBO_Manual_Dwarven
Hothtrooper44_ArmorCompilation.esp	02390A	IARBosmerHeavyCoif	DBO_Skill_blacksmith_T2	DBO_Manual_Dwarven
Hothtrooper44_ArmorCompilation.esp	02390B	IARBosmerHeavyCuirass	DBO_Skill_blacksmith_T2	DBO_Manual_Dwarven
Hothtrooper44_ArmorCompilation.esp	02390C	IARBosmerHeavyGauntlets	DBO_Skill_blacksmith_T2	DBO_Manual_Dwarven
Hothtrooper44_ArmorCompilation.esp	02390D	IARBosmerHeavyHelmet	DBO_Skill_blacksmith_T2	DBO_Manual_Dwarven
Hothtrooper44_ArmorCompilation.esp	02390E	IARBosmerHelmet	DBO_Skill_blacksmith_T2	DBO_Manual_Elven
Hothtrooper44_ArmorCompilation.esp	02390F	IARBosmerHood	DBO_Skill_blacksmith_T2	DBO_Manual_Elven
Hothtrooper44_ArmorCompilation.esp	023910	IARBosmerHuntHeavyBoots	DBO_Skill_blacksmith_T5	DBO_Manual_Dragon
Hothtrooper44_ArmorCompilation.esp	023911	IARBosmerHuntHeavyHelmet	DBO_Skill_blacksmith_T5	DBO_Manual_Dragon
Hothtrooper44_ArmorCompilation.esp	023912	IARBosmerHuntHeavyCuirass	DBO_Skill_blacksmith_T5	DBO_Manual_Dragon
Hothtrooper44_ArmorCompilation.esp	023913	IARBosmerHuntHeavyGauntlets	DBO_Skill_blacksmith_T5	DBO_Manual_Dragon
Hothtrooper44_ArmorCompilation.esp	023914	IARBosmerHuntLightBoots	DBO_Skill_blacksmith_T5	DBO_Manual_Dragon
Hothtrooper44_ArmorCompilation.esp	023915	IARBosmerHuntLightCuirass	DBO_Skill_blacksmith_T5	DBO_Manual_Dragon
Hothtrooper44_ArmorCompilation.esp	023916	IARBosmerHuntLightGauntlets	DBO_Skill_blacksmith_T5	DBO_Manual_Dragon
Hothtrooper44_ArmorCompilation.esp	023917	IARBosmerHuntLightHood	DBO_Skill_blacksmith_T5	DBO_Manual_Dragon
Hothtrooper44_ArmorCompilation.esp	023918	IARBosmerMask	DBO_Skill_blacksmith_T3	DBO_Manual_PlateAndScale
Hothtrooper44_ArmorCompilation.esp	023919	IARBosmerShoulderCape	DBO_Skill_blacksmith_T3	DBO_Manual_Orcish
Hothtrooper44_ArmorCompilation.esp	02393D	IARDaedricLordBoots	DBO_Skill_blacksmith_T5	DBO_Manual_Daedric
Hothtrooper44_ArmorCompilation.esp	02393E	IARDaedricLordCuirass	DBO_Skill_blacksmith_T5	DBO_Manual_Daedric
Hothtrooper44_ArmorCompilation.esp	02393F	IARDaedricLordGauntlets	DBO_Skill_blacksmith_T5	DBO_Manual_Daedric
Hothtrooper44_ArmorCompilation.esp	02394F	IAREbonyMageHeavyBoots	DBO_Skill_blacksmith_T4	DBO_Manual_Ebony
Hothtrooper44_ArmorCompilation.esp	023950	IAREbonyMageHeavyRobe	DBO_Skill_blacksmith_T4	DBO_Manual_Ebony
Hothtrooper44_ArmorCompilation.esp	023951	IAREbonyMageHeavyGloves	DBO_Skill_blacksmith_T4	DBO_Manual_Ebony
Hothtrooper44_ArmorCompilation.esp	023952	IAREbonyMageHeavyHood	DBO_Skill_blacksmith_T4	DBO_Manual_Ebony
Hothtrooper44_ArmorCompilation.esp	023953	IAREbonyMageLightBoots	DBO_Skill_blacksmith_T3	DBO_Manual_PlateAndScale
Hothtrooper44_ArmorCompilation.esp	023954	IAREbonyMageLightRobe	DBO_Skill_blacksmith_T3	DBO_Manual_PlateAndScale
Hothtrooper44_ArmorCompilation.esp	023955	IAREbonyMageLightGloves	DBO_Skill_blacksmith_T3	DBO_Manual_PlateAndScale
Hothtrooper44_ArmorCompilation.esp	023956	IAREbonyMageLightHood	DBO_Skill_blacksmith_T3	DBO_Manual_PlateAndScale
Hothtrooper44_ArmorCompilation.esp	025A35	IARBosmerCoifAssemble	DBO_Skill_blacksmith_T2	DBO_Manual_Elven
Hothtrooper44_ArmorCompilation.esp	025A36	IARBosmerEngravedCoifAssemble	DBO_Skill_blacksmith_T4	DBO_Manual_Glass
Hothtrooper44_ArmorCompilation.esp	025A37	IARBosmerHeavyCoifAssemble	DBO_Skill_blacksmith_T2	DBO_Manual_Dwarven
Hothtrooper44_ArmorCompilation.esp	02854B	IARMantleSilverHandHeavy	DBO_Skill_blacksmith_T3	DBO_Manual_PlateAndScale
Hothtrooper44_ArmorCompilation.esp	02854C	IARMantleSilverHandLight	DBO_Skill_blacksmith_T3	DBO_Manual_PlateAndScale
Hothtrooper44_ArmorCompilation.esp	0372FE	IAREbonyMageUnarmoredBoots	DBO_Skill_blacksmith_T2	DBO_Manual_Elven
Hothtrooper44_ArmorCompilation.esp	0372FF	IAREbonyMageUnarmoredGloves	DBO_Skill_blacksmith_T2	DBO_Manual_Elven
Hothtrooper44_ArmorCompilation.esp	037300	IAREbonyMageUnarmoredHood	DBO_Skill_blacksmith_T2	DBO_Manual_Elven
Hothtrooper44_ArmorCompilation.esp	037301	IAREbonyMageUnarmoredRobe	DBO_Skill_blacksmith_T2	DBO_Manual_Elven
Hothtrooper44_ArmorCompilation.esp	037306	IARDwarvenMageUnarmoredRobe	DBO_Skill_blacksmith_T3	DBO_Manual_Orcish
Hothtrooper44_ArmorCompilation.esp	037307	IARDwarvenMageUnarmoredHood	DBO_Skill_blacksmith_T3	DBO_Manual_Orcish
Hothtrooper44_ArmorCompilation.esp	037308	IARDwarvenMageUnarmoredGauntlets	DBO_Skill_blacksmith_T3	DBO_Manual_Orcish
Hothtrooper44_ArmorCompilation.esp	037309	IARDwarvenMageUnarmoredBoots	DBO_Skill_blacksmith_T3	DBO_Manual_Orcish
Hothtrooper44_ArmorCompilation.esp	03730B	IARDragonhideUnarmoredRobe	DBO_Skill_blacksmith_T4	DBO_Manual_Ebony
Hothtrooper44_ArmorCompilation.esp	03730F	IARDragonhideUnarmoredHood	DBO_Skill_blacksmith_T4	DBO_Manual_Ebony
Hothtrooper44_ArmorCompilation.esp	037310	IARDragonhideUnarmoredGloves	DBO_Skill_blacksmith_T4	DBO_Manual_Ebony
Hothtrooper44_ArmorCompilation.esp	037311	IARDragonhideUnarmoredBoots	DBO_Skill_blacksmith_T4	DBO_Manual_Ebony
Hothtrooper44_ArmorCompilation.esp	03AAB2	IARConanAmulet	DBO_Skill_blacksmith_T3	DBO_Manual_Orcish
Hothtrooper44_ArmorCompilation.esp	0590D4	IARShieldJorrvaskrHeavy1	DBO_Skill_blacksmith_T3	DBO_Manual_PlateAndScale
Hothtrooper44_ArmorCompilation.esp	05D7A7	IARShieldJorrvaskrLight1	DBO_Skill_blacksmith_T3	DBO_Manual_PlateAndScale
Hothtrooper44_ArmorCompilation.esp	05F8EA	IARShieldRoundSplintHeavyBasic	DBO_Skill_blacksmith_T2	DBO_Manual_Steel
Hothtrooper44_ArmorCompilation.esp	05F8EB	IARShieldTargetHeavyYellowBlackChaos	DBO_Skill_blacksmith_T2	DBO_Manual_Steel
Hothtrooper44_ArmorCompilation.esp	05F8EC	IARShieldTargetLightYellowBlackChaos	DBO_Skill_blacksmith_T2	DBO_Manual_Steel
Hothtrooper44_ArmorCompilation.esp	05F8ED	IARShieldOvalSplintHeavyBasic	DBO_Skill_blacksmith_T2	DBO_Manual_Steel
Hothtrooper44_ArmorCompilation.esp	05F8EE	IARShieldKiteSplintHeavyBasic	DBO_Skill_blacksmith_T2	DBO_Manual_Steel
Hothtrooper44_ArmorCompilation.esp	05F8EF	IARShieldRoundSpikeHeavyBasic	DBO_Skill_blacksmith_T3	DBO_Manual_PlateAndScale
Hothtrooper44_ArmorCompilation.esp	05F8F0	IARShieldOvalSpikeHeavyBasic	DBO_Skill_blacksmith_T3	DBO_Manual_PlateAndScale
Hothtrooper44_ArmorCompilation.esp	05F8F1	IARShieldKiteSpikeHeavyBasic	DBO_Skill_blacksmith_T3	DBO_Manual_PlateAndScale
Hothtrooper44_ArmorCompilation.esp	05F8F2	IARShieldKiteSplintLightBasic	DBO_Skill_blacksmith_T2	DBO_Manual_Steel
Hothtrooper44_ArmorCompilation.esp	05F8F3	IARShieldKiteSpikeLightBasic	DBO_Skill_blacksmith_T3	DBO_Manual_PlateAndScale
Hothtrooper44_ArmorCompilation.esp	05F8F4	IARShieldRoundSplintLightBasic	DBO_Skill_blacksmith_T2	DBO_Manual_Steel
Hothtrooper44_ArmorCompilation.esp	05F8F5	IARShieldOvalSplintLightBasic	DBO_Skill_blacksmith_T2	DBO_Manual_Steel
Hothtrooper44_ArmorCompilation.esp	05F8F6	IARShieldRoundSpikeLightBasic	DBO_Skill_blacksmith_T3	DBO_Manual_PlateAndScale
Hothtrooper44_ArmorCompilation.esp	05F8F7	IARShieldOvalSpikeLightBasic	DBO_Skill_blacksmith_T3	DBO_Manual_PlateAndScale
Hothtrooper44_ArmorCompilation.esp	062FFE	IARShieldPaintBloodedBasic	DBO_Skill_blacksmith_T2	DBO_Manual_Steel
Hothtrooper44_ArmorCompilation.esp	062FFF	IARShieldPaintHideBasic	DBO_Skill_blacksmith_T1	-
Hothtrooper44_ArmorCompilation.esp	063000	IARShieldPaintIronBasic	DBO_Skill_blacksmith_T1	-
Hothtrooper44_ArmorCompilation.esp	06A9F4	IARStormlordBoots	DBO_Skill_blacksmith_T4	DBO_Manual_Ebony
Hothtrooper44_ArmorCompilation.esp	06A9F5	IARStormlordCuirass	DBO_Skill_blacksmith_T4	DBO_Manual_Ebony
Hothtrooper44_ArmorCompilation.esp	06A9F6	IARStormlordGauntlets	DBO_Skill_blacksmith_T4	DBO_Manual_Ebony
Hothtrooper44_ArmorCompilation.esp	06A9F7	IARStormlordHelmet	DBO_Skill_blacksmith_T4	DBO_Manual_Ebony
Hothtrooper44_ArmorCompilation.esp	06AA09	IARImperialKnightCape	DBO_Skill_blacksmith_T4	DBO_Manual_Ebony
Hothtrooper44_ArmorCompilation.esp	06AA0A	IARImperialKnightCuirass	DBO_Skill_blacksmith_T4	DBO_Manual_Ebony
Hothtrooper44_ArmorCompilation.esp	06AA0B	IARImperialKnightGreaves	DBO_Skill_blacksmith_T4	DBO_Manual_Ebony
Hothtrooper44_ArmorCompilation.esp	06AA0C	IARImperialKnightHelmet	DBO_Skill_blacksmith_T4	DBO_Manual_Ebony
Hothtrooper44_ArmorCompilation.esp	06AA0D	IARImperialKnightVambraces	DBO_Skill_blacksmith_T4	DBO_Manual_Ebony
Hothtrooper44_ArmorCompilation.esp	082EBF	IARShamanUBoots	DBO_Skill_blacksmith_T3	DBO_Manual_Orcish
Hothtrooper44_ArmorCompilation.esp	082EC0	IARShamanUGloves	DBO_Skill_blacksmith_T3	DBO_Manual_Orcish
Hothtrooper44_ArmorCompilation.esp	082EC1	IARShamanUHelm	DBO_Skill_blacksmith_T3	DBO_Manual_Orcish
Hothtrooper44_ArmorCompilation.esp	082EC2	IARShamanURobe	DBO_Skill_blacksmith_T3	DBO_Manual_Orcish
Hothtrooper44_ArmorCompilation.esp	084F20	IARDragonEbonLHelmClassic	DBO_Skill_blacksmith_T5	DBO_Manual_Dragon
Hothtrooper44_ArmorCompilation.esp	084F3A	IARDragonEbonLHelmClassicVeil	DBO_Skill_blacksmith_T5	DBO_Manual_Dragon
Hothtrooper44_ArmorCompilation.esp	084F3B	IARDragonEbonLHelmClaw	DBO_Skill_blacksmith_T5	DBO_Manual_Dragon
Hothtrooper44_ArmorCompilation.esp	084F3C	IARDragonEbonLHelmClawVeil	DBO_Skill_blacksmith_T5	DBO_Manual_Dragon
Hothtrooper44_ArmorCompilation.esp	084F3D	IARDragonEbonLHelmGrand	DBO_Skill_blacksmith_T5	DBO_Manual_Dragon
Hothtrooper44_ArmorCompilation.esp	084F3E	IARDragonEbonLHelmGrandVeil	DBO_Skill_blacksmith_T5	DBO_Manual_Dragon
Hothtrooper44_ArmorCompilation.esp	084F3F	IARDragonEbonLHelmHorn	DBO_Skill_blacksmith_T5	DBO_Manual_Dragon
Hothtrooper44_ArmorCompilation.esp	084F40	IARDragonEbonLHelmHornVeil	DBO_Skill_blacksmith_T5	DBO_Manual_Dragon
Hothtrooper44_ArmorCompilation.esp	084F41	IARDragonEbonLHelmStout	DBO_Skill_blacksmith_T5	DBO_Manual_Dragon
Hothtrooper44_ArmorCompilation.esp	084F42	IARDragonEbonLHelmStoutVeil	DBO_Skill_blacksmith_T5	DBO_Manual_Dragon
Hothtrooper44_ArmorCompilation.esp	084F43	IARDragonEbonLHood	DBO_Skill_blacksmith_T5	DBO_Manual_Dragon
Hothtrooper44_ArmorCompilation.esp	084F44	IARDragonEbonLShield	DBO_Skill_blacksmith_T5	DBO_Manual_Dragon
Hothtrooper44_ArmorCompilation.esp	084F5C	IARBoiledChitinLBoots	DBO_Skill_blacksmith_T2	DBO_Manual_Elven
Hothtrooper44_ArmorCompilation.esp	084F5D	IARBoiledChitinLCuirass	DBO_Skill_blacksmith_T2	DBO_Manual_Elven
Hothtrooper44_ArmorCompilation.esp	084F5E	IARBoiledChitinLGauntlets	DBO_Skill_blacksmith_T2	DBO_Manual_Elven
Hothtrooper44_ArmorCompilation.esp	084F5F	IARBoiledChitinLHelmet	DBO_Skill_blacksmith_T2	DBO_Manual_Elven
Hothtrooper44_ArmorCompilation.esp	084F60	IARBoiledChitinLShield	DBO_Skill_blacksmith_T2	DBO_Manual_Elven
Hothtrooper44_ArmorCompilation.esp	084F61	IARGlacialCrystalLBoots	DBO_Skill_blacksmith_T4	DBO_Manual_Glass
Hothtrooper44_ArmorCompilation.esp	084F62	IARGlacialCrystalLCuirass	DBO_Skill_blacksmith_T4	DBO_Manual_Glass
Hothtrooper44_ArmorCompilation.esp	084F63	IARGlacialCrystalLGauntlets	DBO_Skill_blacksmith_T4	DBO_Manual_Glass
Hothtrooper44_ArmorCompilation.esp	084F64	IARGlacialCrystalLHelmet	DBO_Skill_blacksmith_T4	DBO_Manual_Glass
Hothtrooper44_ArmorCompilation.esp	084F65	IARGlacialCrystalLShield	DBO_Skill_blacksmith_T4	DBO_Manual_Glass
Hothtrooper44_ArmorCompilation.esp	085A53	IARGildergreenLAegis	DBO_Skill_blacksmith_T4	DBO_Manual_Glass
Hothtrooper44_ArmorCompilation.esp	085FD7	IARDragonKnightLBoots	DBO_Skill_blacksmith_T5	DBO_Manual_Dragon
Hothtrooper44_ArmorCompilation.esp	085FD8	IARDragonKnightLHelm	DBO_Skill_blacksmith_T5	DBO_Manual_Dragon
Hothtrooper44_ArmorCompilation.esp	085FD9	IARDragonKnightLShield	DBO_Skill_blacksmith_T5	DBO_Manual_Dragon
Hothtrooper44_ArmorCompilation.esp	08C651	IARHeroicImperialHelmet2	DBO_Skill_blacksmith_T3	DBO_Manual_PlateAndScale
Hothtrooper44_ArmorCompilation.esp	0BC99A	IARFurHoodPlain	DBO_Skill_blacksmith_T3	DBO_Manual_PlateAndScale
Hothtrooper44_ArmorCompilation.esp	0BC99B	IARArmorLightFurHoodPlain	DBO_Skill_blacksmith_T3	DBO_Manual_PlateAndScale
Hothtrooper44_ArmorCompilation.esp	0BC99C	IARArmorHeavyFurHoodPlain	DBO_Skill_blacksmith_T3	DBO_Manual_PlateAndScale
Immersive Weapons.esp	000904	IWRecipeWeaponDragonsteelSaber	DBO_Skill_blacksmith_T5	DBO_Manual_Dragon
Immersive Weapons.esp	000906	IWRecipeWeaponDragonsteelTanto	DBO_Skill_blacksmith_T5	DBO_Manual_Dragon
Immersive Weapons.esp	000910	IWRecipeWeaponDragonsteelAnlaceDagger	DBO_Skill_blacksmith_T5	DBO_Manual_Dragon
Immersive Weapons.esp	000911	IWRecipeWeaponDragonsteelDagger	DBO_Skill_blacksmith_T5	DBO_Manual_Dragon
Immersive Weapons.esp	000D64	IWRecipeWeaponAnXileelWarBow	DBO_Skill_blacksmith_T2	DBO_Manual_Steel
Immersive Weapons.esp	001246	IWRecipeWeaponEbonyScimitar	DBO_Skill_blacksmith_T4	DBO_Manual_Ebony
Immersive Weapons.esp	0012C6	IWRecipeWeaponCaptainsCutlass	DBO_Skill_blacksmith_T2	DBO_Manual_AncientNord
Immersive Weapons.esp	0012C8	IWRecipeWeaponRegentsLongsword	DBO_Skill_blacksmith_T2	DBO_Manual_AncientNord
Immersive Weapons.esp	001828	IWRecipeWeaponSteelNordicSpear	DBO_Skill_blacksmith_T2	DBO_Manual_AncientNord
Immersive Weapons.esp	001909	IWRecipeWeaponDragonsteelWarAxe	DBO_Skill_blacksmith_T5	DBO_Manual_Dragon
Immersive Weapons.esp	001D9A	IWRecipeWeaponSorrowDaito	DBO_Skill_blacksmith_T4	DBO_Manual_Glass
Immersive Weapons.esp	001DFF	IWRecipeWeaponAyleidGreatsword	DBO_Skill_blacksmith_T4	DBO_Manual_Glass
Immersive Weapons.esp	0022F0	IWRecipeWeaponIronHuntersSpear	DBO_Skill_blacksmith_T1	-
Immersive Weapons.esp	002414	IWRecipeWeaponEbonyDadao	DBO_Skill_blacksmith_T4	DBO_Manual_Ebony
Immersive Weapons.esp	002857	IWRecipeWeaponOrcishCripplerSpear	DBO_Skill_blacksmith_T3	DBO_Manual_Orcish
Immersive Weapons.esp	00285B	IWRecipeWeaponArmsmansSword	DBO_Skill_blacksmith_T2	DBO_Manual_AncientNord
Immersive Weapons.esp	00285E	IWRecipeAmmoAnXileelArrow	DBO_Skill_blacksmith_T1	-
Immersive Weapons.esp	002901	IWRecipeWeaponDragonsteelWarhammer	DBO_Skill_blacksmith_T5	DBO_Manual_Dragon
Immersive Weapons.esp	002ABE	IWRecipeWeaponSpringsteelBow	DBO_Skill_blacksmith_T2	DBO_Manual_Steel
Immersive Weapons.esp	002AC2	IWRecipeWeaponNordicScrimshawBow	DBO_Skill_blacksmith_T2	DBO_Manual_AncientNord
Immersive Weapons.esp	002ACA	IWRecipeWeaponGemstoneSapphireBow	DBO_Skill_blacksmith_T4	DBO_Manual_Glass
Immersive Weapons.esp	002ACB	IWRecipeWeaponGemstoneEmeraldBow	DBO_Skill_blacksmith_T4	DBO_Manual_Glass
Immersive Weapons.esp	002ACC	IWRecipeWeaponGemstoneRubyBow	DBO_Skill_blacksmith_T4	DBO_Manual_Glass
Immersive Weapons.esp	002AD2	IWRecipeWeaponValenwoodWarBow	DBO_Skill_blacksmith_T2	DBO_Manual_Elven
Immersive Weapons.esp	003325	IWRecipeWeaponCaptainsSword	DBO_Skill_blacksmith_T2	DBO_Manual_AncientNord
Immersive Weapons.esp	00388C	IWRecipeWeaponGuardiansLongsword	DBO_Skill_blacksmith_T2	DBO_Manual_AncientNord
Immersive Weapons.esp	003949	IWRecipeWeaponAldmeriAxestaff	DBO_Skill_blacksmith_T2	DBO_Manual_Elven
Immersive Weapons.esp	00394A	IWRecipeWeaponEtherealAxestaff	DBO_Skill_blacksmith_T4	DBO_Manual_Glass
Immersive Weapons.esp	00394B	IWRecipeWeaponNordHeroAxestaff	DBO_Skill_blacksmith_T2	DBO_Manual_AncientNord
Immersive Weapons.esp	00394F	IWRecipeWeaponWabbaJackWarhammer	DBO_Skill_blacksmith_T5	DBO_Manual_Daedric
Immersive Weapons.esp	003950	IWRecipeWeaponWabbaJaxeHalberd	DBO_Skill_blacksmith_T5	DBO_Manual_Daedric
Immersive Weapons.esp	003953	IWRecipeWeaponWarchiefsHalberd	DBO_Skill_blacksmith_T3	DBO_Manual_Orcish
Immersive Weapons.esp	004341	IWRecipeWeaponBlackMammothRecurveBow	DBO_Skill_blacksmith_T3	DBO_Manual_AncientNord
Immersive Weapons.esp	004360	IWRecipeWeaponSorrowTanto	DBO_Skill_blacksmith_T4	DBO_Manual_Glass
Immersive Weapons.esp	0048BA	IWRecipeWeaponCavalryBroadsword	DBO_Skill_blacksmith_T2	DBO_Manual_AncientNord
Immersive Weapons.esp	0048BB	IWRecipeWeaponSoldiersBroadsword	DBO_Skill_blacksmith_T2	DBO_Manual_AncientNord
Immersive Weapons.esp	004915	IWRecipeWeaponDragonsteelBow	DBO_Skill_blacksmith_T5	DBO_Manual_Dragon
Immersive Weapons.esp	004E22	IWRecipeWeaponGuardiansSword	DBO_Skill_blacksmith_T2	DBO_Manual_AncientNord
Immersive Weapons.esp	004E8B	IWRecipeWeaponWhiteMammothRecurveBow	DBO_Skill_blacksmith_T3	DBO_Manual_AncientNord
Immersive Weapons.esp	0058C1	IWRecipeWeaponWoodenQuarterstaff	DBO_Skill_blacksmith_T1	-
Immersive Weapons.esp	0058D0	IWRecipeWeaponColovianDarkCompositeBow	DBO_Skill_blacksmith_T2	DBO_Manual_Steel
Immersive Weapons.esp	0058D4	IWRecipeWeaponColovianCompositeBow	DBO_Skill_blacksmith_T2	DBO_Manual_Steel
Immersive Weapons.esp	006908	IWRecipeAmmoDragonsteelArrows	DBO_Skill_blacksmith_T1	-
Immersive Weapons.esp	006BF7	IWRecipeWeaponSorrowKatana	DBO_Skill_blacksmith_T4	DBO_Manual_Glass
Immersive Weapons.esp	007406	IWRecipeWeaponDukesLongsword	DBO_Skill_blacksmith_T2	DBO_Manual_AncientNord
Immersive Weapons.esp	00740F	IWRecipeWeaponDukesSword	DBO_Skill_blacksmith_T2	DBO_Manual_AncientNord
Immersive Weapons.esp	007914	IWRecipeWeaponDragonsteelNodachi	DBO_Skill_blacksmith_T5	DBO_Manual_Dragon
Immersive Weapons.esp	00791A	IWRecipeWeaponSteelQuarterstaff	DBO_Skill_blacksmith_T2	DBO_Manual_Steel
Immersive Weapons.esp	0083FC	IWRecipeWeaponDragonsteelSword	DBO_Skill_blacksmith_T5	DBO_Manual_Dragon
Immersive Weapons.esp	008963	IWRecipeWeaponDragonsteelKatana	DBO_Skill_blacksmith_T5	DBO_Manual_Dragon
Immersive Weapons.esp	009406	IWRecipeWeaponOrcishQuarterstaff	DBO_Skill_blacksmith_T3	DBO_Manual_Orcish
Immersive Weapons.esp	009408	IWRecipeWeaponElvenQuarterstaff	DBO_Skill_blacksmith_T2	DBO_Manual_Elven
Immersive Weapons.esp	00940A	IWRecipeWeaponEbonyQuarterstaff	DBO_Skill_blacksmith_T4	DBO_Manual_Ebony
Immersive Weapons.esp	00940C	IWRecipeWeaponDwarvenQuarterstaff	DBO_Skill_blacksmith_T2	DBO_Manual_Dwarven
Immersive Weapons.esp	00998D	IWRecipeWeaponDragonsteelMace	DBO_Skill_blacksmith_T5	DBO_Manual_Dragon
Immersive Weapons.esp	009D68	IWRecipeWeaponTombstoneCeremonialGreatsword	DBO_Skill_blacksmith_T2	DBO_Manual_AncientNord
Immersive Weapons.esp	009EDA	IWRecipeWeaponElvenHawkBow	DBO_Skill_blacksmith_T2	DBO_Manual_Elven
Immersive Weapons.esp	00A438	IWRecipeWeaponDaedricQuarterstaff	DBO_Skill_blacksmith_T5	DBO_Manual_Daedric
Immersive Weapons.esp	00A43A	IWRecipeWeaponGlassQuarterstaff	DBO_Skill_blacksmith_T4	DBO_Manual_Glass
Immersive Weapons.esp	00A455	IWRecipeWeaponDragonsteelGreatsword	DBO_Skill_blacksmith_T5	DBO_Manual_Dragon
Immersive Weapons.esp	00AF29	IWRecipeWeaponDragonsteelBattleaxe	DBO_Skill_blacksmith_T5	DBO_Manual_Dragon
Immersive Weapons.esp	00B473	IWRecipeWeaponOrnateKhajiitBow	DBO_Skill_blacksmith_T2	DBO_Manual_Steel
Immersive Weapons.esp	00B48F	IWRecipeWeaponDragonsteelScythe	DBO_Skill_blacksmith_T5	DBO_Manual_Dragon
Immersive Weapons.esp	00B9D9	IWRecipeWeaponSilverHawkBow	DBO_Skill_blacksmith_T4	DBO_Manual_Glass
Immersive Weapons.esp	00CA05	IWRecipeWeaponOrsimerChieftanBow	DBO_Skill_blacksmith_T3	DBO_Manual_Orcish
Immersive Weapons.esp	014D64	IWRecipeWeaponCeymallariSword	DBO_Skill_blacksmith_T4	DBO_Manual_Glass
Immersive Weapons.esp	020D64	IWRecipeWeaponOrcishSaber	DBO_Skill_blacksmith_T3	DBO_Manual_Orcish
Immersive Weapons.esp	0216B6	IWRecipeWeaponDremoraHalberd	DBO_Skill_blacksmith_T4	DBO_Manual_Ebony
Immersive Weapons.esp	0216B7	IWRecipeWeaponDaedricHalberd	DBO_Skill_blacksmith_T5	DBO_Manual_Daedric
Immersive Weapons.esp	0216B8	IWRecipeWeaponWraithScythe	DBO_Skill_blacksmith_T2	DBO_Manual_AncientNord
Immersive Weapons.esp	0216B9	IWRecipeWeaponWickedDagger	DBO_Skill_blacksmith_T2	DBO_Manual_Steel
Immersive Weapons.esp	0216BA	IWRecipeWeaponWickedScimitar	DBO_Skill_blacksmith_T2	DBO_Manual_Steel
Immersive Weapons.esp	0216BC	IWRecipeWeaponEasternDwemerWarAxe	DBO_Skill_blacksmith_T2	DBO_Manual_Dwarven
Immersive Weapons.esp	0216BD	IWRecipeWeaponEasternDwemerSword	DBO_Skill_blacksmith_T2	DBO_Manual_Dwarven
Immersive Weapons.esp	0216BE	IWRecipeWeaponEasternDwemerLongsword	DBO_Skill_blacksmith_T2	DBO_Manual_Dwarven
Immersive Weapons.esp	0216BF	IWRecipeWeaponElvenSteelSword	DBO_Skill_blacksmith_T2	DBO_Manual_Elven
Immersive Weapons.esp	0216C0	IWRecipeWeaponAntiqueIronSword	DBO_Skill_blacksmith_T1	-
Immersive Weapons.esp	0216C2	IWRecipeWeaponAntiqueHonedSilverSword	DBO_Skill_blacksmith_T3	DBO_Manual_AncientNord
Immersive Weapons.esp	0216C3	IWRecipeWeaponAntiqueSilverSword	DBO_Skill_blacksmith_T2	DBO_Manual_AncientNord
Immersive Weapons.esp	0216C4	IWRecipeWeaponBlueDragonNinjato	DBO_Skill_blacksmith_T2	DBO_Manual_Elven
Immersive Weapons.esp	0216C5	IWRecipeWeaponBlackDragonNinjato	DBO_Skill_blacksmith_T4	DBO_Manual_Glass
Immersive Weapons.esp	0216C6	IWRecipeWeaponExoticBow	DBO_Skill_blacksmith_T4	DBO_Manual_Ebony
Immersive Weapons.esp	0216C7	IWRecipeAmmoExoticArrows	DBO_Skill_blacksmith_T1	-
Immersive Weapons.esp	0216C8	IWRecipeWeaponFalkreathWarhammer	DBO_Skill_blacksmith_T4	DBO_Manual_Ebony
Immersive Weapons.esp	0216C9	IWRecipeWeaponBlackStingDagger	DBO_Skill_blacksmith_T4	DBO_Manual_Ebony
Immersive Weapons.esp	0216CA	IWRecipeWeaponBlackStingGreatsword	DBO_Skill_blacksmith_T4	DBO_Manual_Ebony
Immersive Weapons.esp	0216CB	IWRecipeWeaponBlackStingSword	DBO_Skill_blacksmith_T4	DBO_Manual_Ebony
Immersive Weapons.esp	0216CC	IWRecipeWeaponAfterslashSword	DBO_Skill_blacksmith_T2	DBO_Manual_Steel
Immersive Weapons.esp	0216D0	IWRecipeWeaponArmingSword	DBO_Skill_blacksmith_T2	DBO_Manual_AncientNord
Immersive Weapons.esp	0216D2	IWRecipeWeaponAssassinSword	DBO_Skill_blacksmith_T2	DBO_Manual_Steel
Immersive Weapons.esp	0216D4	IWRecipeWeaponAsumaTrenchKnife	DBO_Skill_blacksmith_T3	DBO_Manual_Orcish
Immersive Weapons.esp	0216D9	IWRecipeWeaponDaedricCrescentGreatsword	DBO_Skill_blacksmith_T5	DBO_Manual_Daedric
Immersive Weapons.esp	0216DB	IWRecipeWeaponDeadricCrescentSword	DBO_Skill_blacksmith_T5	DBO_Manual_Daedric
Immersive Weapons.esp	0216DD	IWRecipeWeaponFleurDeLysSword	DBO_Skill_blacksmith_T3	DBO_Manual_AncientNord
Immersive Weapons.esp	0216DF	IWRecipeWeaponGreybladeGreatsword	DBO_Skill_blacksmith_T2	DBO_Manual_Elven
Immersive Weapons.esp	0216E1	IWRecipeWeaponHollowBladeSword	DBO_Skill_blacksmith_T2	DBO_Manual_Steel
Immersive Weapons.esp	0216E3	IWRecipeWeaponFalkreathBladeSword	DBO_Skill_blacksmith_T2	DBO_Manual_AncientNord
Immersive Weapons.esp	0216E6	IWRecipeWeaponEbonyHammerMace	DBO_Skill_blacksmith_T4	DBO_Manual_Ebony
Immersive Weapons.esp	0216E8	IWRecipeWeaponHousecarlsGreatsword	DBO_Skill_blacksmith_T3	DBO_Manual_AncientNord
Immersive Weapons.esp	0216EA	IWRecipeWeaponOrnateMaulWarhammer	DBO_Skill_blacksmith_T4	DBO_Manual_Ebony
Immersive Weapons.esp	0216EC	IWRecipeWeaponSteelWarPick	DBO_Skill_blacksmith_T2	DBO_Manual_Steel
Immersive Weapons.esp	0216EE	IWRecipeWeaponPokebladeSword	DBO_Skill_blacksmith_T2	DBO_Manual_Steel
Immersive Weapons.esp	0216F0	IWRecipeWeaponRidersBladeSword	DBO_Skill_blacksmith_T2	DBO_Manual_AncientNord
Immersive Weapons.esp	0216F2	IWRecipeWeaponGreatRidersBladeGreatsword	DBO_Skill_blacksmith_T2	DBO_Manual_AncientNord
Immersive Weapons.esp	0216F8	IWRecipeWeaponSpearbladeDagger	DBO_Skill_blacksmith_T2	DBO_Manual_AncientNord
Immersive Weapons.esp	0216FB	IWRecipeWeaponSplitbladeSword	DBO_Skill_blacksmith_T1	-
Immersive Weapons.esp	0216FD	IWRecipeWeaponTridentBladeSword	DBO_Skill_blacksmith_T2	DBO_Manual_Dwarven
Immersive Weapons.esp	021700	IWRecipeWeaponKnightsBroadsword	DBO_Skill_blacksmith_T2	DBO_Manual_AncientNord
Immersive Weapons.esp	021701	IWRecipeWeaponKnightsClaymore	DBO_Skill_blacksmith_T2	DBO_Manual_AncientNord
Immersive Weapons.esp	022C8D	IWRecipeWeaponHotBloodGreatsword	DBO_Skill_blacksmith_T4	DBO_Manual_Ebony
Immersive Weapons.esp	022C8F	IWRecipeWeaponElvenGreatWingsGreatsword	DBO_Skill_blacksmith_T4	DBO_Manual_Glass
Immersive Weapons.esp	022C91	IWRecipeWeaponElvenGreatBloodGreatsword	DBO_Skill_blacksmith_T4	DBO_Manual_Glass
Immersive Weapons.esp	022C93	IWRecipeWeaponElvenGreatBladeGreatsword	DBO_Skill_blacksmith_T4	DBO_Manual_Glass
Immersive Weapons.esp	022C9C	IWRecipeWeaponBarbarianBattleaxe	DBO_Skill_blacksmith_T2	DBO_Manual_AncientNord
Immersive Weapons.esp	022CA0	IWRecipeWeaponEbonyDoubleAxe	DBO_Skill_blacksmith_T4	DBO_Manual_Ebony
Immersive Weapons.esp	022CA3	IWRecipeWeaponCrowGreatsword	DBO_Skill_blacksmith_T3	DBO_Manual_AncientNord
Immersive Weapons.esp	022CA5	IWRecipeWeaponCrowSword	DBO_Skill_blacksmith_T3	DBO_Manual_AncientNord
Immersive Weapons.esp	023771	IWRecipeWeaponNordicWarPick	DBO_Skill_blacksmith_T2	DBO_Manual_AncientNord
Immersive Weapons.esp	025D24	IWRecipeWeaponDragonguardKatana	DBO_Skill_blacksmith_T4	DBO_Manual_Ebony
Immersive Weapons.esp	0272FC	IWRecipeWeaponSithissBladeNinjato	DBO_Skill_blacksmith_T3	DBO_Manual_AncientNord
Immersive Weapons.esp	0272FD	IWRecipeWeaponSithissRazorTanto	DBO_Skill_blacksmith_T2	DBO_Manual_AncientNord
Immersive Weapons.esp	032523	IWRecipeWeaponBipolarGreatsword	DBO_Skill_blacksmith_T5	DBO_Manual_Daedric
Immersive Weapons.esp	033D66	IWRecipeWeaponOrgnumsDagger	DBO_Skill_blacksmith_T4	DBO_Manual_Glass
Immersive Weapons.esp	038B75	IWRecipeWeaponSixthHouseBellWarhammer	DBO_Skill_blacksmith_T4	DBO_Manual_Ebony
Immersive Weapons.esp	03A104	IWRecipeWeaponHonedNordicWarPick	DBO_Skill_blacksmith_T3	DBO_Manual_AncientNord
Immersive Weapons.esp	03ABCF	IWRecipeWeaponHonedSteelNordicSpear	DBO_Skill_blacksmith_T2	DBO_Manual_AncientNord
Immersive Weapons.esp	03ABD0	IWRecipeWeaponHonedFalmerDoubleAxe	DBO_Skill_blacksmith_T2	DBO_Manual_Falmer
Immersive Weapons.esp	03BBFA	IWRecipeWeaponAzurasMoonWarAxe	DBO_Skill_blacksmith_T5	DBO_Manual_Daedric
Immersive Weapons.esp	03F1EE	IWRecipeAmmoPracticeArrow	DBO_Skill_blacksmith_T1	-
Immersive Weapons.esp	03F1EF	IWRecipeAmmoForswornArrow	DBO_Skill_blacksmith_T1	-
Immersive Weapons.esp	044014	IWRecipeWeaponFalmerDoubleAxe	DBO_Skill_blacksmith_T2	DBO_Manual_Falmer
Immersive Weapons.esp	0478D2	IWRecipeWeaponBladeOfWoe	DBO_Skill_blacksmith_T5	DBO_Manual_Daedric
Immersive Weapons.esp	0478D5	IWRecipeWeaponChillrend	DBO_Skill_blacksmith_T4	DBO_Manual_Glass
Immersive Weapons.esp	0478D8	IWRecipeWeaponDawnbreaker	DBO_Skill_blacksmith_T4	DBO_Manual_Glass
Immersive Weapons.esp	0478DB	IWRecipeWeaponEbonyBlade	DBO_Skill_blacksmith_T5	DBO_Manual_Daedric
Immersive Weapons.esp	0478DE	IWRecipeWeaponMaceofMolagBal	DBO_Skill_blacksmith_T5	DBO_Manual_Daedric
Immersive Weapons.esp	0478E1	IWRecipeWeaponMehrunesRazor	DBO_Skill_blacksmith_T5	DBO_Manual_Daedric
Immersive Weapons.esp	0478E4	IWRecipeWeaponNightingaleBlade	DBO_Skill_blacksmith_T5	DBO_Manual_Daedric
Immersive Weapons.esp	0478E7	IWRecipeWeaponNightingaleBow	DBO_Skill_blacksmith_T5	DBO_Manual_Daedric
Immersive Weapons.esp	0478EA	IWRecipeWeaponRuefulAxe	DBO_Skill_blacksmith_T5	DBO_Manual_Daedric
Immersive Weapons.esp	0478ED	IWRecipeWeaponVolendrung	DBO_Skill_blacksmith_T5	DBO_Manual_Daedric
Immersive Weapons.esp	07700C	IWRecipeWeaponWolfScimitar	DBO_Skill_blacksmith_T3	DBO_Manual_AncientNord
Immersive Weapons.esp	079D64	IWRecipeWeaponPhoenixNinjato	DBO_Skill_blacksmith_T4	DBO_Manual_Ebony
Immersive Weapons.esp	090D64	IWRecipeWeaponAriesCeremonialGreatsword	DBO_Skill_blacksmith_T2	DBO_Manual_AncientNord
Immersive Weapons.esp	096D64	IWRecipeWeaponExecutionersHookScythe	DBO_Skill_blacksmith_T3	DBO_Manual_Orcish
Immersive Weapons.esp	0A1113	IWRecipeWeaponMightySteelGreatsword	DBO_Skill_blacksmith_T2	DBO_Manual_AncientNord
Immersive Weapons.esp	441011	IWRecipeWeaponExecutionerDoubleAxe	DBO_Skill_blacksmith_T1	-
Immersive Weapons.esp	441012	IWRecipeWeaponVikingDoubleAxe	DBO_Skill_blacksmith_T2	DBO_Manual_AncientNord
Immersive Weapons.esp	441013	IWRecipeWeaponElvenDoubleAxe	DBO_Skill_blacksmith_T2	DBO_Manual_Elven
Immersive Weapons.esp	441015	IWRecipeWeaponSkullDoubleAxe	DBO_Skill_blacksmith_T2	DBO_Manual_AncientNord
Immersive Weapons.esp	441016	IWRecipeWeaponGlassDoubleAxe	DBO_Skill_blacksmith_T4	DBO_Manual_Glass
Immersive Weapons.esp	441017	IWRecipeWeaponIronDoubleAxe	DBO_Skill_blacksmith_T1	-
Immersive Weapons.esp	441024	IWRecipeWeaponDaedricDoubleAxe	DBO_Skill_blacksmith_T5	DBO_Manual_Daedric
Immersive Weapons.esp	441025	IWRecipeWeaponNordHeroDoubleAxe	DBO_Skill_blacksmith_T3	DBO_Manual_AncientNord
Immersive Weapons.esp	446D64	IWRecipeWeaponChakramDagger	DBO_Skill_blacksmith_T4	DBO_Manual_Ebony
Immersive Weapons.esp	490D76	IWRecipeWeaponNordicDwemerBlade	DBO_Skill_blacksmith_T2	DBO_Manual_Dwarven
Immersive Weapons.esp	490D86	IWRecipeAmmoJusticiarArrow	DBO_Skill_blacksmith_T1	-
Immersive Weapons.esp	490D87	IWRecipeAmmoDariitArrow	DBO_Skill_blacksmith_T1	-
Immersive Weapons.esp	491DC0	IWRecipeWeaponJusticiarKnife	DBO_Skill_blacksmith_T4	DBO_Manual_Glass
Immersive Weapons.esp	491DC4	IWRecipeWeaponJusticiarChangdao	DBO_Skill_blacksmith_T4	DBO_Manual_Glass
Immersive Weapons.esp	49232A	IWRecipeAmmoSeekerArrow	DBO_Skill_blacksmith_T1	-
Immersive Weapons.esp	492335	IWRecipeWeaponCamoranSaber	DBO_Skill_blacksmith_T4	DBO_Manual_Glass
Immersive Weapons.esp	557D64	IWRecipeWeaponThresherMaulWarhammer	DBO_Skill_blacksmith_T2	DBO_Manual_Steel
Immersive Weapons.esp	701009	IWRecipeWeaponWolfClaymore	DBO_Skill_blacksmith_T3	DBO_Manual_AncientNord
Immersive Weapons.esp	77100A	IWRecipeWeaponWolfSword	DBO_Skill_blacksmith_T3	DBO_Manual_AncientNord
Immersive Weapons.esp	84100B	IWRecipeWeaponWolfDadao	DBO_Skill_blacksmith_T3	DBO_Manual_AncientNord
Immersive Weapons.esp	940D78	IWRecipeWeaponAlikrCrownScimitar	DBO_Skill_blacksmith_T2	DBO_Manual_Elven
Immersive Weapons.esp	940D79	IWRecipeWeaponOrnateAlikrScimitar	DBO_Skill_blacksmith_T4	DBO_Manual_Glass
Immersive Weapons.esp	940D7C	IWRecipeWeaponSeekerChangdao	DBO_Skill_blacksmith_T2	DBO_Manual_Elven
Immersive Weapons.esp	940D7D	IWRecipeWeaponSeekerKnife	DBO_Skill_blacksmith_T2	DBO_Manual_Elven
Immersive Weapons.esp	9412F4	IWRecipeWeaponSeekerSaber	DBO_Skill_blacksmith_T2	DBO_Manual_Elven
Immersive Weapons.esp	94185A	IWRecipeWeaponJusticiarSaber	DBO_Skill_blacksmith_T4	DBO_Manual_Glass
Immersive Weapons.esp	942331	IWRecipeWeaponAlinorSaber	DBO_Skill_blacksmith_T2	DBO_Manual_Elven
Immersive Weapons.esp	94289E	IWRecipeWeaponStrosMKaiScimitar	DBO_Skill_blacksmith_T3	DBO_Manual_Orcish
Immersive Weapons.esp	961015	IWRecipeWeaponWolfDaito	DBO_Skill_blacksmith_T3	DBO_Manual_AncientNord
Immersive Weapons.esp	961016	IWRecipeWeaponWolfKatana	DBO_Skill_blacksmith_T3	DBO_Manual_AncientNord
Immersive Weapons.esp	96101C	IWRecipeWeaponNobleClaymore	DBO_Skill_blacksmith_T2	DBO_Manual_AncientNord
Immersive Weapons.esp	96101D	IWRecipeWeaponNobleSword	DBO_Skill_blacksmith_T2	DBO_Manual_AncientNord
Immersive Weapons.esp	C74701	IWRecipeWeaponDaedricLongsword	DBO_Skill_blacksmith_T5	DBO_Manual_Daedric
Immersive Weapons.esp	C74703	IWRecipeWeaponEbonyLongsword	DBO_Skill_blacksmith_T4	DBO_Manual_Ebony
Immersive Weapons.esp	C74704	IWRecipeWeaponHonedSilverLongsword	DBO_Skill_blacksmith_T3	DBO_Manual_AncientNord
Immersive Weapons.esp	C74705	IWRecipeWeaponOrcishLongsword	DBO_Skill_blacksmith_T3	DBO_Manual_Orcish
Immersive Weapons.esp	C74706	IWRecipeWeaponSteelLongsword	DBO_Skill_blacksmith_T2	DBO_Manual_Steel
Immersive Weapons.esp	C74707	IWRecipeWeaponDaedricBattleStaff	DBO_Skill_blacksmith_T5	DBO_Manual_Daedric
Immersive Weapons.esp	C74708	IWRecipeWeaponEbonyBattleStaff	DBO_Skill_blacksmith_T4	DBO_Manual_Ebony
Immersive Weapons.esp	C74709	IWRecipeWeaponGlassBattleStaff	DBO_Skill_blacksmith_T4	DBO_Manual_Glass
Immersive Weapons.esp	C7470A	IWRecipeWeaponHonedSilverBattleStaff	DBO_Skill_blacksmith_T3	DBO_Manual_AncientNord
Immersive Weapons.esp	C7470B	IWRecipeWeaponSteelBattleStaff	DBO_Skill_blacksmith_T2	DBO_Manual_Steel
Immersive Weapons.esp	C7470C	IWRecipeWeaponTaperedWoodenBattleStaff	DBO_Skill_blacksmith_T1	-
Immersive Weapons.esp	C7470D	IWRecipeWeaponWoodenBattleStaff	DBO_Skill_blacksmith_T1	-
Immersive Weapons.esp	C7470E	IWRecipeWeaponAntiqueDaedricSword	DBO_Skill_blacksmith_T5	DBO_Manual_Daedric
Immersive Weapons.esp	C74710	IWRecipeWeaponAntiqueGlassSword	DBO_Skill_blacksmith_T4	DBO_Manual_Glass
Immersive Weapons.esp	C74713	IWRecipeWeaponAntiqueSteelSword	DBO_Skill_blacksmith_T2	DBO_Manual_Steel
Immersive Weapons.esp	C74714	IWRecipeWeaponHonedSilverWarAxe	DBO_Skill_blacksmith_T3	DBO_Manual_AncientNord
Immersive Weapons.esp	C74715	IWRecipeWeaponHonedSilverBattleaxe	DBO_Skill_blacksmith_T3	DBO_Manual_AncientNord
Immersive Weapons.esp	C74716	IWRecipeWeaponSteelCutlass	DBO_Skill_blacksmith_T2	DBO_Manual_Steel
Immersive Weapons.esp	C74717	IWRecipeWeaponIronCutlass	DBO_Skill_blacksmith_T1	-
Immersive Weapons.esp	C74718	IWRecipeWeaponSteelClub	DBO_Skill_blacksmith_T2	DBO_Manual_Steel
Immersive Weapons.esp	C74719	IWRecipeWeaponIronClub	DBO_Skill_blacksmith_T1	-
Immersive Weapons.esp	C7471A	IWRecipeWeaponWoodenClub	DBO_Skill_blacksmith_T1	-
Immersive Weapons.esp	C7471B	IWRecipeWeaponHonedSilverScimitar	DBO_Skill_blacksmith_T3	DBO_Manual_AncientNord
Immersive Weapons.esp	C7471C	IWRecipeWeaponSteelScimitar	DBO_Skill_blacksmith_T2	DBO_Manual_Steel
Immersive Weapons.esp	C7471D	IWRecipeWeaponIronScimitar	DBO_Skill_blacksmith_T1	-
Immersive Weapons.esp	C7471E	IWRecipeWeaponGlassScimitar	DBO_Skill_blacksmith_T4	DBO_Manual_Glass
Immersive Weapons.esp	C7471F	IWRecipeWeaponDaedricNodachi	DBO_Skill_blacksmith_T5	DBO_Manual_Daedric
Immersive Weapons.esp	C74720	IWRecipeWeaponDaedricKatana	DBO_Skill_blacksmith_T5	DBO_Manual_Daedric
Immersive Weapons.esp	C74721	IWRecipeWeaponDaedricWakizashi	DBO_Skill_blacksmith_T5	DBO_Manual_Daedric
Immersive Weapons.esp	C74722	IWRecipeWeaponDaedricTanto	DBO_Skill_blacksmith_T5	DBO_Manual_Daedric
Immersive Weapons.esp	C74723	IWRecipeWeaponSteelNodachi	DBO_Skill_blacksmith_T2	DBO_Manual_Steel
Immersive Weapons.esp	C74724	IWRecipeWeaponSteelKatana	DBO_Skill_blacksmith_T2	DBO_Manual_Steel
Immersive Weapons.esp	C74725	IWRecipeWeaponSteelWakizashi	DBO_Skill_blacksmith_T2	DBO_Manual_Steel
Immersive Weapons.esp	C74726	IWRecipeWeaponSteelTanto	DBO_Skill_blacksmith_T2	DBO_Manual_Steel
Immersive Weapons.esp	C74727	IWRecipeWeaponIronNodachi	DBO_Skill_blacksmith_T1	-
Immersive Weapons.esp	C74728	IWRecipeWeaponIronKatana	DBO_Skill_blacksmith_T1	-
Immersive Weapons.esp	C74729	IWRecipeWeaponIronWakizashi	DBO_Skill_blacksmith_T1	-
Immersive Weapons.esp	C7472A	IWRecipeWeaponIronTanto	DBO_Skill_blacksmith_T1	-
Immersive Weapons.esp	C7472C	IWRecipeWeaponEbonyCutlass	DBO_Skill_blacksmith_T4	DBO_Manual_Ebony
Immersive Weapons.esp	C7472D	IWRecipeWeaponImperialEbonySword	DBO_Skill_blacksmith_T4	DBO_Manual_Ebony
Immersive Weapons.esp	C74734	IWRecipeWeaponSilverLongsword	DBO_Skill_blacksmith_T2	DBO_Manual_AncientNord
Immersive Weapons.esp	C74735	IWRecipeWeaponSilverBattleStaff	DBO_Skill_blacksmith_T2	DBO_Manual_AncientNord
Immersive Weapons.esp	C74736	IWRecipeWeaponSilverWarAxe	DBO_Skill_blacksmith_T2	DBO_Manual_AncientNord
Immersive Weapons.esp	C74737	IWRecipeWeaponSilverBattleaxe	DBO_Skill_blacksmith_T2	DBO_Manual_AncientNord
Immersive Weapons.esp	C74738	IWRecipeWeaponSilverScimitar	DBO_Skill_blacksmith_T2	DBO_Manual_AncientNord
Immersive Weapons.esp	C74739	IWRecipeWeaponSilverNodachi	DBO_Skill_blacksmith_T2	DBO_Manual_AncientNord
Immersive Weapons.esp	C7473A	IWRecipeWeaponSilverKatana	DBO_Skill_blacksmith_T2	DBO_Manual_AncientNord
Immersive Weapons.esp	C7473B	IWRecipeWeaponSilverWakizashi	DBO_Skill_blacksmith_T2	DBO_Manual_AncientNord
Immersive Weapons.esp	C7473C	IWRecipeWeaponSilverTanto	DBO_Skill_blacksmith_T2	DBO_Manual_AncientNord
Journey to Baan Malur.esp	000805	mihailbantamguarCooked	DBO_Skill_cook_T3	-
Journey to Baan Malur.esp	014C15	mihailcliffracerrecipe	DBO_Skill_cook_T5	-
Journey to Baan Malur.esp	01A040	RoastKagoutiRecipe	DBO_Skill_cook_T3	-
Journey to Baan Malur.esp	01A041	CookedGuarRecipe	DBO_Skill_cook_T3	-
Journey to Baan Malur.esp	02E1E8	NetchBootsRecipe	DBO_Skill_blacksmith_T1	-
Journey to Baan Malur.esp	02E1E9	NetchCuirassBoiledRecipe	DBO_Skill_blacksmith_T1	-
Journey to Baan Malur.esp	02E1EA	NetchGauntletsBoiledRecipe	DBO_Skill_blacksmith_T1	-
Journey to Baan Malur.esp	02E1EB	NetchMaskRecipe	DBO_Skill_blacksmith_T1	-
Journey to Baan Malur.esp	02E1EC	NetchCuirassRedRecipe	DBO_Skill_blacksmith_T1	-
Journey to Baan Malur.esp	02E1ED	NetchCuirassRecipe	DBO_Skill_blacksmith_T1	-
Journey to Baan Malur.esp	02E1EE	NetchBracersRecipe	DBO_Skill_blacksmith_T1	-
Journey to Baan Malur.esp	02E1EF	NetchBootsBoiledRecipe	DBO_Skill_blacksmith_T1	-
Journey to Baan Malur.esp	02E1F0	NetchShieldRecipe	DBO_Skill_blacksmith_T1	-
Journey to Baan Malur.esp	03DB62	BantamGuarPieRecipe	DBO_Skill_cook_T3	-
Journey to Baan Malur.esp	03DB63	GuarPieRecipe	DBO_Skill_cook_T3	-
Journey to Baan Malur.esp	03DB64	GourdSoupRecipe	DBO_Skill_cook_T3	-
Journey to Baan Malur.esp	03DB67	CrabDumplingRecipe	DBO_Skill_cook_T4	-
Journey to Baan Malur.esp	04CF18	AshYamSoupRecipe	DBO_Skill_cook_T4	-
Journey to Baan Malur.esp	04CF19	AshHopperStewLegRecipe	DBO_Skill_cook_T4	-
Journey to Baan Malur.esp	04CF1A	AshHopperStewTorsoRecipe	DBO_Skill_cook_T4	-
Journey to Baan Malur.esp	04CF1B	KagoutiStewRecipe	DBO_Skill_cook_T4	-
Journey to Baan Malur.esp	052878	SOMRScribLegRecipe	DBO_Skill_cook_T3	-
Journey to Baan Malur.esp	052879	SOMRScribThoraxRecipe	DBO_Skill_cook_T3	-
Journey to Baan Malur.esp	07AFDC	CheeseSoupGuarBreadRecipe	DBO_Skill_cook_T3	-
Journey to Baan Malur.esp	099C75	RecipeFoodSoupMushroom	DBO_Skill_cook_T3	-
Journey to Baan Malur.esp	099C76	RecipeFoodSoupMushroomSkeever	DBO_Skill_cook_T3	-
Journey to Baan Malur.esp	1A255E	AshYamBakedRecipe	DBO_Skill_cook_T3	-
Journey to Baan Malur.esp	1E4813	KwamaQuicheRecipe	DBO_Skill_cook_T3	-
Journey to Baan Malur.esp	1E4819	SaltricePorridgeRecipe	DBO_Skill_cook_T3	-
Journey to Baan Malur.esp	1E4828	RecipeFlyAmanita	DBO_Skill_cook_T3	-
Journey to Baan Malur.esp	1E482B	FriedAshHopperRecipe	DBO_Skill_cook_T3	-
Journey to Baan Malur.esp	1F3B5C	WickwheatenBreadRecipe	DBO_Skill_cook_T3	-
Journey to Baan Malur.esp	28DDAC	ScribHelmRecipe	DBO_Skill_blacksmith_T2	DBO_Manual_BoneAndChitin
Journey to Baan Malur.esp	28DDAD	RogueBonemoldBootsRecipe	DBO_Skill_blacksmith_T2	DBO_Manual_BoneAndChitin
Journey to Baan Malur.esp	28DDAE	RogueBonemoldBracersRecipe	DBO_Skill_blacksmith_T2	DBO_Manual_BoneAndChitin
Journey to Baan Malur.esp	28DDAF	RogueBonemoldCuirassRecipe	DBO_Skill_blacksmith_T2	DBO_Manual_BoneAndChitin
Journey to Baan Malur.esp	28DDB0	RogueBonemoldHelmRecipe	DBO_Skill_blacksmith_T2	DBO_Manual_BoneAndChitin
Journey to Baan Malur.esp	28DDB1	ArmunanBonemoldCuirassRecipe	DBO_Skill_blacksmith_T2	DBO_Manual_BoneAndChitin
Journey to Baan Malur.esp	28DDB2	ChuzeiBonemoldCuirassRecipe	DBO_Skill_blacksmith_T2	DBO_Manual_BoneAndChitin
Journey to Baan Malur.esp	28DDB3	KahMogoBonemoldCuirassRecipe	DBO_Skill_blacksmith_T2	DBO_Manual_BoneAndChitin
Journey to Baan Malur.esp	28DDB4	GahJulanBonemoldCuirassRecipe	DBO_Skill_blacksmith_T2	DBO_Manual_BoneAndChitin
Journey to Baan Malur.esp	28DDB5	ArmunanBonemoldShieldRecipe	DBO_Skill_blacksmith_T2	DBO_Manual_BoneAndChitin
Journey to Baan Malur.esp	28DDB6	ChuzeiBonemoldShieldRecipe	DBO_Skill_blacksmith_T2	DBO_Manual_BoneAndChitin
Journey to Baan Malur.esp	28DDB7	KahMogoBonemoldShieldRecipe	DBO_Skill_blacksmith_T2	DBO_Manual_BoneAndChitin
MoreCraftableEquipment.esp	000843	MCERecipeArmorBanditBoots	DBO_Skill_blacksmith_T1	-
MoreCraftableEquipment.esp	000844	MCERecipeArmorBanditCuirass	DBO_Skill_blacksmith_T1	-
MoreCraftableEquipment.esp	000845	MCERecipeArmorBanditCuirass1	DBO_Skill_blacksmith_T1	-
MoreCraftableEquipment.esp	000846	MCERecipeArmorBanditCuirass2	DBO_Skill_blacksmith_T1	-
MoreCraftableEquipment.esp	000847	MCERecipeArmorBanditCuirass3	DBO_Skill_blacksmith_T1	-
MoreCraftableEquipment.esp	000848	MCERecipeArmorBanditGauntlets	DBO_Skill_blacksmith_T1	-
MoreCraftableEquipment.esp	000849	MCERecipeArmorBanditHelmet	DBO_Skill_blacksmith_T1	-
MoreCraftableEquipment.esp	00084F	MCERecipeArmorBladesBoots	DBO_Skill_blacksmith_T2	DBO_Manual_Steel
MoreCraftableEquipment.esp	000850	MCERecipeArmorBladesCuirass	DBO_Skill_blacksmith_T2	DBO_Manual_Steel
MoreCraftableEquipment.esp	000851	MCERecipeArmorBladesGauntlets	DBO_Skill_blacksmith_T2	DBO_Manual_Steel
MoreCraftableEquipment.esp	000852	MCERecipeArmorBladesHelmet	DBO_Skill_blacksmith_T2	DBO_Manual_Steel
MoreCraftableEquipment.esp	000853	MCERecipeArmorBladesShield	DBO_Skill_blacksmith_T2	DBO_Manual_Steel
MoreCraftableEquipment.esp	000854	MCERecipeArmorBoneCrown	DBO_Skill_blacksmith_T5	DBO_Manual_Dragon
MoreCraftableEquipment.esp	000855	MCERecipeArmorCompanionsBoots	DBO_Skill_blacksmith_T2	DBO_Manual_Steel
MoreCraftableEquipment.esp	000856	MCERecipeArmorCompanionsCuirass	DBO_Skill_blacksmith_T2	DBO_Manual_Steel
MoreCraftableEquipment.esp	000857	MCERecipeArmorCompanionsGauntlets	DBO_Skill_blacksmith_T2	DBO_Manual_Steel
MoreCraftableEquipment.esp	000858	MCERecipeArmorCompanionsHelmet	DBO_Skill_blacksmith_T2	DBO_Manual_Steel
MoreCraftableEquipment.esp	000859	MCERecipeArmorDBBoots	DBO_Skill_blacksmith_T1	-
MoreCraftableEquipment.esp	00085A	MCERecipeArmorDBCuirass	DBO_Skill_blacksmith_T1	-
MoreCraftableEquipment.esp	00085B	MCERecipeArmorDBArmorShortSleeve	DBO_Skill_blacksmith_T1	-
MoreCraftableEquipment.esp	00085C	MCERecipeArmorDBGauntlets	DBO_Skill_blacksmith_T1	-
MoreCraftableEquipment.esp	00085D	MCERecipeArmorDBHelmet	DBO_Skill_blacksmith_T1	-
MoreCraftableEquipment.esp	00085E	MCERecipeArmorDBHelmetMasked	DBO_Skill_blacksmith_T1	-
MoreCraftableEquipment.esp	00085F	MCERecipeArmorDLC1DawnguardBootsHeavy	DBO_Skill_blacksmith_T2	DBO_Manual_Steel
MoreCraftableEquipment.esp	000860	MCERecipeArmorDLC1DawnguardBootsLight	DBO_Skill_blacksmith_T2	DBO_Manual_Steel
MoreCraftableEquipment.esp	000861	MCERecipeArmorDLC1DawnguardCuirassHeavy1	DBO_Skill_blacksmith_T2	DBO_Manual_Steel
MoreCraftableEquipment.esp	000862	MCERecipeArmorDLC1DawnguardCuirassHeavy2	DBO_Skill_blacksmith_T2	DBO_Manual_Steel
MoreCraftableEquipment.esp	000863	MCERecipeArmorDLC1DawnguardCuirassLight1	DBO_Skill_blacksmith_T2	DBO_Manual_Steel
MoreCraftableEquipment.esp	000864	MCERecipeArmorDLC1DawnguardCuirassLight2	DBO_Skill_blacksmith_T2	DBO_Manual_Steel
MoreCraftableEquipment.esp	000865	MCERecipeArmorDLC1DawnguardCuirassLight3	DBO_Skill_blacksmith_T2	DBO_Manual_Steel
MoreCraftableEquipment.esp	000866	MCERecipeArmorDLC1DawnguardGauntletsHeavy	DBO_Skill_blacksmith_T2	DBO_Manual_Steel
MoreCraftableEquipment.esp	000867	MCERecipeArmorDLC1DawnguardGauntletsLight	DBO_Skill_blacksmith_T2	DBO_Manual_Steel
MoreCraftableEquipment.esp	000868	MCERecipeArmorDLC1DawnguardHelmetHeavy	DBO_Skill_blacksmith_T2	DBO_Manual_Steel
MoreCraftableEquipment.esp	000869	MCERecipeArmorDLC1DawnguardShield	DBO_Skill_blacksmith_T2	DBO_Manual_Steel
MoreCraftableEquipment.esp	00086A	MCERecipeArmorDLC1VampireArmorGray	DBO_Skill_blacksmith_T1	-
MoreCraftableEquipment.esp	00086B	MCERecipeArmorDLC1VampireArmorGrayLight	DBO_Skill_blacksmith_T1	-
MoreCraftableEquipment.esp	00086C	MCERecipeArmorDLC1VampireArmorRed	DBO_Skill_blacksmith_T1	-
MoreCraftableEquipment.esp	00086D	MCERecipeArmorDLC1VampireArmorRoyalRed	DBO_Skill_blacksmith_T1	-
MoreCraftableEquipment.esp	00086E	MCERecipeArmorDLC1VampireBoots	DBO_Skill_blacksmith_T1	-
MoreCraftableEquipment.esp	00086F	MCERecipeArmorDLC1VampireGauntlets	DBO_Skill_blacksmith_T1	-
MoreCraftableEquipment.esp	000870	MCERecipeArmorDLC2MoragTongBoots	DBO_Skill_blacksmith_T2	DBO_Manual_Elven
MoreCraftableEquipment.esp	000871	MCERecipeArmorDLC2MoragTongCuirass	DBO_Skill_blacksmith_T2	DBO_Manual_Elven
MoreCraftableEquipment.esp	000872	MCERecipeArmorDLC2MoragTongGauntlets	DBO_Skill_blacksmith_T2	DBO_Manual_Elven
MoreCraftableEquipment.esp	000873	MCERecipeArmorDLC2MoragTongHood	DBO_Skill_blacksmith_T2	DBO_Manual_Elven
MoreCraftableEquipment.esp	000874	MCERecipeArmorFalmerBoots	DBO_Skill_blacksmith_T3	DBO_Manual_PlateAndScale
MoreCraftableEquipment.esp	00087B	MCERecipeArmorFalmerCuirass	DBO_Skill_blacksmith_T3	DBO_Manual_PlateAndScale
MoreCraftableEquipment.esp	00087C	MCERecipeArmorFalmerGauntlets	DBO_Skill_blacksmith_T3	DBO_Manual_PlateAndScale
MoreCraftableEquipment.esp	00087D	MCERecipeArmorFalmerHardenedBoots	DBO_Skill_blacksmith_T2	DBO_Manual_Falmer
MoreCraftableEquipment.esp	000882	MCERecipeArmorFalmerHardenedCuirass	DBO_Skill_blacksmith_T2	DBO_Manual_Falmer
MoreCraftableEquipment.esp	000883	MCERecipeArmorFalmerHardenedGauntlets	DBO_Skill_blacksmith_T2	DBO_Manual_Falmer
MoreCraftableEquipment.esp	000884	MCERecipeArmorFalmerHardenedHelmet	DBO_Skill_blacksmith_T2	DBO_Manual_Falmer
MoreCraftableEquipment.esp	00088C	MCERecipeArmorFalmerHeavyBoots	DBO_Skill_blacksmith_T3	DBO_Manual_PlateAndScale
MoreCraftableEquipment.esp	00088D	MCERecipeArmorFalmerHeavyCuirass	DBO_Skill_blacksmith_T3	DBO_Manual_PlateAndScale
MoreCraftableEquipment.esp	00088E	MCERecipeArmorFalmerHeavyGauntlets	DBO_Skill_blacksmith_T3	DBO_Manual_PlateAndScale
MoreCraftableEquipment.esp	000897	MCERecipeArmorFalmerHeavyHelmet	DBO_Skill_blacksmith_T3	DBO_Manual_PlateAndScale
MoreCraftableEquipment.esp	00089C	MCERecipeArmorFalmerHelmet	DBO_Skill_blacksmith_T3	DBO_Manual_PlateAndScale
MoreCraftableEquipment.esp	0008A9	MCERecipeArmorFalmerShield	DBO_Skill_blacksmith_T3	DBO_Manual_PlateAndScale
MoreCraftableEquipment.esp	0008AA	MCERecipeArmorForswornBoots	DBO_Skill_blacksmith_T1	-
MoreCraftableEquipment.esp	0008AB	MCERecipeArmorForswornCuirass	DBO_Skill_blacksmith_T1	-
MoreCraftableEquipment.esp	0008AC	MCERecipeArmorForswornGauntlets	DBO_Skill_blacksmith_T1	-
MoreCraftableEquipment.esp	0008AD	MCERecipeArmorForswornHelmet	DBO_Skill_blacksmith_T1	-
MoreCraftableEquipment.esp	0008AE	MCERecipeArmorGiantBoots	DBO_Skill_blacksmith_T1	-
MoreCraftableEquipment.esp	0008AF	MCERecipeArmorGiantCuirass	DBO_Skill_blacksmith_T1	-
MoreCraftableEquipment.esp	0008B0	MCERecipeArmorGiantGauntlets	DBO_Skill_blacksmith_T1	-
MoreCraftableEquipment.esp	0008B1	MCERecipeArmorGuardCuirassFalkreath	DBO_Skill_blacksmith_T1	-
MoreCraftableEquipment.esp	0008B2	MCERecipeArmorGuardCuirassHjaalmarch	DBO_Skill_blacksmith_T1	-
MoreCraftableEquipment.esp	0008B3	MCERecipeArmorGuardCuirassMarkarth	DBO_Skill_blacksmith_T1	-
MoreCraftableEquipment.esp	0008B4	MCERecipeArmorGuardCuirassRiften	DBO_Skill_blacksmith_T1	-
MoreCraftableEquipment.esp	0008B5	MCERecipeArmorGuardCuirassSolitude	DBO_Skill_blacksmith_T1	-
MoreCraftableEquipment.esp	0008B6	MCERecipeArmorGuardCuirassThePale	DBO_Skill_blacksmith_T1	-
MoreCraftableEquipment.esp	0008B7	MCERecipeArmorGuardCuirassWhiterun	DBO_Skill_blacksmith_T1	-
MoreCraftableEquipment.esp	0008B8	MCERecipeArmorGuardCuirassWinterhold	DBO_Skill_blacksmith_T1	-
MoreCraftableEquipment.esp	0008B9	MCERecipeArmorGuardHelmetFullFalkreath	DBO_Skill_blacksmith_T1	-
MoreCraftableEquipment.esp	0008BA	MCERecipeArmorGuardHelmetFullHaafingar	DBO_Skill_blacksmith_T1	-
MoreCraftableEquipment.esp	0008BB	MCERecipeArmorGuardHelmetFullHjaalmarch	DBO_Skill_blacksmith_T1	-
MoreCraftableEquipment.esp	0008BC	MCERecipeArmorGuardHelmetFullPale	DBO_Skill_blacksmith_T1	-
MoreCraftableEquipment.esp	0008BD	MCERecipeArmorGuardHelmetFullReach	DBO_Skill_blacksmith_T1	-
MoreCraftableEquipment.esp	0008BE	MCERecipeArmorGuardHelmetFullRift	DBO_Skill_blacksmith_T1	-
MoreCraftableEquipment.esp	0008BF	MCERecipeArmorGuardHelmetFullWhiterun	DBO_Skill_blacksmith_T1	-
MoreCraftableEquipment.esp	0008C0	MCERecipeArmorGuardHelmetFullWinterhold	DBO_Skill_blacksmith_T1	-
MoreCraftableEquipment.esp	0008C1	MCERecipeArmorGuardShieldFalkreath	DBO_Skill_blacksmith_T1	-
MoreCraftableEquipment.esp	0008C2	MCERecipeArmorGuardShieldHjaalmarch	DBO_Skill_blacksmith_T1	-
MoreCraftableEquipment.esp	0008C3	MCERecipeArmorGuardShieldMarkarth	DBO_Skill_blacksmith_T1	-
MoreCraftableEquipment.esp	0008C4	MCERecipeArmorGuardShieldPale	DBO_Skill_blacksmith_T1	-
MoreCraftableEquipment.esp	0008C5	MCERecipeArmorGuardShieldRiften	DBO_Skill_blacksmith_T1	-
MoreCraftableEquipment.esp	0008C6	MCERecipeArmorGuardShieldSolitude	DBO_Skill_blacksmith_T1	-
MoreCraftableEquipment.esp	0008C7	MCERecipeArmorGuardShieldWhiterun	DBO_Skill_blacksmith_T1	-
MoreCraftableEquipment.esp	0008C8	MCERecipeArmorGuardShieldWinterhold	DBO_Skill_blacksmith_T1	-
MoreCraftableEquipment.esp	0008C9	MCERecipeArmorImperialCuirassStudded	DBO_Skill_blacksmith_T2	DBO_Manual_Steel
MoreCraftableEquipment.esp	0008CA	MCERecipeArmorImperialHelmetFull	DBO_Skill_blacksmith_T2	DBO_Manual_Steel
MoreCraftableEquipment.esp	0008CB	MCERecipeArmorImperialHelmetOfficer	DBO_Skill_blacksmith_T2	DBO_Manual_Steel
MoreCraftableEquipment.esp	0008CC	MCERecipeArmorIvoryBoots	DBO_Skill_blacksmith_T2	DBO_Manual_Elven
MoreCraftableEquipment.esp	0008CD	MCERecipeArmorIvoryCrown	DBO_Skill_blacksmith_T2	DBO_Manual_Elven
MoreCraftableEquipment.esp	0008CE	MCERecipeArmorIvoryCuirass	DBO_Skill_blacksmith_T2	DBO_Manual_Elven
MoreCraftableEquipment.esp	0008CF	MCERecipeArmorIvoryGauntlets	DBO_Skill_blacksmith_T2	DBO_Manual_Elven
MoreCraftableEquipment.esp	0008D0	MCERecipeArmorPenitusBoots	DBO_Skill_blacksmith_T2	DBO_Manual_Steel
MoreCraftableEquipment.esp	0008D1	MCERecipeArmorPenitusCuirass	DBO_Skill_blacksmith_T2	DBO_Manual_Steel
MoreCraftableEquipment.esp	0008D2	MCERecipeArmorPenitusGauntlets	DBO_Skill_blacksmith_T2	DBO_Manual_Steel
MoreCraftableEquipment.esp	0008D3	MCERecipeArmorPenitusHelmet	DBO_Skill_blacksmith_T2	DBO_Manual_Steel
MoreCraftableEquipment.esp	0008D4	MCERecipeArmorStormcloakBearBoots	DBO_Skill_blacksmith_T1	-
MoreCraftableEquipment.esp	0008D5	MCERecipeArmorStormcloakBearCuirass	DBO_Skill_blacksmith_T1	-
MoreCraftableEquipment.esp	0008D6	MCERecipeArmorStormcloakBearGauntlets	DBO_Skill_blacksmith_T1	-
MoreCraftableEquipment.esp	0008D7	MCERecipeArmorStormcloakBearHelmet	DBO_Skill_blacksmith_T1	-
MoreCraftableEquipment.esp	0008D8	MCERecipeArmorStormcloakBoots	DBO_Skill_blacksmith_T1	-
MoreCraftableEquipment.esp	0008D9	MCERecipeArmorStormcloakCuirass	DBO_Skill_blacksmith_T1	-
MoreCraftableEquipment.esp	0008DA	MCERecipeArmorStormcloakGauntlets	DBO_Skill_blacksmith_T1	-
MoreCraftableEquipment.esp	0008DB	MCERecipeArmorStormcloakHelmetFull	DBO_Skill_blacksmith_T1	-
MoreCraftableEquipment.esp	0008DC	MCERecipeArmorThievesGuildBoots	DBO_Skill_blacksmith_T1	-
MoreCraftableEquipment.esp	0008DD	MCERecipeArmorThievesGuildCuirass	DBO_Skill_blacksmith_T1	-
MoreCraftableEquipment.esp	0008DE	MCERecipeArmorThievesGuildGauntlets	DBO_Skill_blacksmith_T1	-
MoreCraftableEquipment.esp	0008DF	MCERecipeArmorThievesGuildHelmet	DBO_Skill_blacksmith_T1	-
MoreCraftableEquipment.esp	0008E0	MCERecipeArmorThievesGuildKarliahBoots	DBO_Skill_blacksmith_T1	-
MoreCraftableEquipment.esp	0008E1	MCERecipeArmorThievesGuildKarliahCuirass	DBO_Skill_blacksmith_T1	-
MoreCraftableEquipment.esp	0008E2	MCERecipeArmorThievesGuildKarliahGauntlets	DBO_Skill_blacksmith_T1	-
MoreCraftableEquipment.esp	0008E3	MCERecipeArmorThievesGuildKarliahHelmet	DBO_Skill_blacksmith_T1	-
MoreCraftableEquipment.esp	0008E4	MCERecipeArmorThievesGuildLeaderBoots	DBO_Skill_blacksmith_T3	DBO_Manual_PlateAndScale
MoreCraftableEquipment.esp	0008E5	MCERecipeArmorThievesGuildLeaderCuirass	DBO_Skill_blacksmith_T3	DBO_Manual_PlateAndScale
MoreCraftableEquipment.esp	0008E6	MCERecipeArmorThievesGuildLeaderGauntlets	DBO_Skill_blacksmith_T3	DBO_Manual_PlateAndScale
MoreCraftableEquipment.esp	0008E7	MCERecipeArmorThievesGuildLeaderHelmet	DBO_Skill_blacksmith_T3	DBO_Manual_PlateAndScale
MoreCraftableEquipment.esp	0008E8	MCERecipeArmorThievesGuildVariant02Helmet	DBO_Skill_blacksmith_T1	-
MoreCraftableEquipment.esp	0008E9	MCERecipeArmorThievesGuildVariantBoots	DBO_Skill_blacksmith_T1	-
MoreCraftableEquipment.esp	0008EA	MCERecipeArmorThievesGuildVariantCuirass	DBO_Skill_blacksmith_T1	-
MoreCraftableEquipment.esp	0008EB	MCERecipeArmorThievesGuildVariantGauntlets	DBO_Skill_blacksmith_T1	-
MoreCraftableEquipment.esp	0008EC	MCERecipeArmorThievesGuildVariantHelmet	DBO_Skill_blacksmith_T1	-
MoreCraftableEquipment.esp	0008ED	MCERecipeArmorTsunBoots	DBO_Skill_blacksmith_T2	DBO_Manual_Steel
MoreCraftableEquipment.esp	0008EE	MCERecipeArmorTsunCuirass	DBO_Skill_blacksmith_T2	DBO_Manual_Steel
MoreCraftableEquipment.esp	0008EF	MCERecipeArmorTsunGauntlets	DBO_Skill_blacksmith_T2	DBO_Manual_Steel
MoreCraftableEquipment.esp	0008F0	MCERecipeArrowFalmer	DBO_Skill_blacksmith_T2	DBO_Manual_Falmer
MoreCraftableEquipment.esp	0008F1	MCERecipeArrowForsworn	DBO_Skill_blacksmith_T1	-
MoreCraftableEquipment.esp	0008F2	MCERecipeJewelryDLC1BoneHawkRing	DBO_Skill_blacksmith_T1	-
MoreCraftableEquipment.esp	0008F3	MCERecipeWeaponAkaviriKatana	DBO_Skill_blacksmith_T2	DBO_Manual_Steel
MoreCraftableEquipment.esp	0008F4	MCERecipeWeaponDLC1DawnguardAxe	DBO_Skill_blacksmith_T2	DBO_Manual_Steel
MoreCraftableEquipment.esp	0008F5	MCERecipeWeaponDLC1DawnguardHammer	DBO_Skill_blacksmith_T2	DBO_Manual_Steel
MoreCraftableEquipment.esp	0008F6	MCERecipeWeaponExecutionerAxe	DBO_Skill_blacksmith_T1	-
MoreCraftableEquipment.esp	0008F7	MCERecipeWeaponFalmerBow	DBO_Skill_blacksmith_T2	DBO_Manual_Falmer
MoreCraftableEquipment.esp	0008F8	MCERecipeWeaponFalmerSword	DBO_Skill_blacksmith_T2	DBO_Manual_Falmer
MoreCraftableEquipment.esp	0008F9	MCERecipeWeaponFalmerWarAxe	DBO_Skill_blacksmith_T2	DBO_Manual_Falmer
MoreCraftableEquipment.esp	0008FA	MCERecipeWeaponForswornAxe	DBO_Skill_blacksmith_T2	DBO_Manual_Steel
MoreCraftableEquipment.esp	0008FB	MCERecipeWeaponForswornBow	DBO_Skill_blacksmith_T2	DBO_Manual_Steel
MoreCraftableEquipment.esp	0008FC	MCERecipeWeaponForswornSword	DBO_Skill_blacksmith_T2	DBO_Manual_Steel
MoreCraftableEquipment.esp	0008FD	MCERecipeWeaponImperialBow	DBO_Skill_blacksmith_T2	DBO_Manual_Steel
MoreCraftableEquipment.esp	0008FE	MCERecipeWeaponImperialSword	DBO_Skill_blacksmith_T2	DBO_Manual_Steel
MoreCraftableEquipment.esp	0008FF	MCERecipeWeaponScimitar	DBO_Skill_blacksmith_T2	DBO_Manual_Steel
MoreCraftableEquipment.esp	000900	MCERecipeWeaponSilverGreatsword	DBO_Skill_blacksmith_T2	DBO_Manual_Silver
MoreCraftableEquipment.esp	000901	MCERecipeWeaponSilverSword	DBO_Skill_blacksmith_T2	DBO_Manual_Silver
MoreCraftableEquipment.esp	00092C	MCERecipeClothesCirclet01	DBO_Skill_blacksmith_T3	-
MoreCraftableEquipment.esp	00092D	MCERecipeClothesCirclet02	DBO_Skill_blacksmith_T3	-
MoreCraftableEquipment.esp	00092E	MCERecipeClothesCirclet03	DBO_Skill_blacksmith_T3	-
MoreCraftableEquipment.esp	00092F	MCERecipeClothesCirclet04	DBO_Skill_blacksmith_T3	-
MoreCraftableEquipment.esp	000930	MCERecipeClothesCirclet05	DBO_Skill_blacksmith_T3	-
MoreCraftableEquipment.esp	000931	MCERecipeClothesCirclet06	DBO_Skill_blacksmith_T3	-
MoreCraftableEquipment.esp	000932	MCERecipeClothesCirclet07	DBO_Skill_blacksmith_T3	-
MoreCraftableEquipment.esp	000933	MCERecipeClothesCirclet08	DBO_Skill_blacksmith_T3	-
MoreCraftableEquipment.esp	000934	MCERecipeClothesCirclet09	DBO_Skill_blacksmith_T3	-
MoreCraftableEquipment.esp	000935	MCERecipeClothesCirclet10	DBO_Skill_blacksmith_T3	-
MoreCraftableEquipment.esp	00095E	MCERecipeArmorDLC2ClothesSkaalBoots	DBO_Skill_blacksmith_T1	-
MoreCraftableEquipment.esp	00095F	MCERecipeArmorDLC2ClothesSkaalCoat	DBO_Skill_blacksmith_T1	-
MoreCraftableEquipment.esp	000960	MCERecipeArmorDLC2ClothesSkaalGloves	DBO_Skill_blacksmith_T1	-
MoreCraftableEquipment.esp	000961	MCERecipeArmorDLC2ClothesSkaalHat	DBO_Skill_blacksmith_T1	-
MoreCraftableEquipment.esp	0009DD	MCERecipeArmorGeneralTullius	DBO_Skill_blacksmith_T4	DBO_Manual_Ebony
MoreCraftableEquipment.esp	0009EE	MCERecipeArmorGuardShieldEastmarch	DBO_Skill_blacksmith_T1	-
MoreCraftableEquipment.esp	0009FF	MCERecipeWeaponShiv	DBO_Skill_blacksmith_T1	-
PipeSmokingSE.esp	002DC3	PipeSmokingLongPipeRecipe	DBO_Skill_blacksmith_T1	-
Sentinel.esp	000DD5	RecipeArmorTH_Fur0Boots	DBO_Skill_blacksmith_T1	-
Sentinel.esp	000DD6	RecipeArmorTH_Fur0Cuirass	DBO_Skill_blacksmith_T1	-
Sentinel.esp	000DD7	RecipeArmorTH_Fur0Cuirass1	DBO_Skill_blacksmith_T1	-
Sentinel.esp	000DD8	RecipeArmorTH_Fur0Cuirass2	DBO_Skill_blacksmith_T1	-
Sentinel.esp	000DD9	RecipeArmorTH_Fur0Cuirass3	DBO_Skill_blacksmith_T1	-
Sentinel.esp	000DDA	RecipeArmorTH_Fur0Gauntlets	DBO_Skill_blacksmith_T1	-
Sentinel.esp	000DDB	RecipeArmorTH_Fur0Helmet	DBO_Skill_blacksmith_T1	-
Skyrim.esm	0A5CD6	RecipeWeaponSteelGreatsword	DBO_Skill_blacksmith_T2	DBO_Manual_Steel
Skyrim.esm	0DA769	RecipeWeaponIronSword	DBO_Skill_blacksmith_T1	-
Skyrim.esm	0DA76A	RecipeWeaponIronDagger	DBO_Skill_blacksmith_T1	-
Skyrim.esm	0DA76B	RecipeWeaponIronMace	DBO_Skill_blacksmith_T1	-
Skyrim.esm	0DA76C	RecipeWeaponIronWarAxe	DBO_Skill_blacksmith_T1	-
Skyrim.esm	0DA76D	RecipeWeaponIronWarhammer	DBO_Skill_blacksmith_T1	-
Skyrim.esm	0DA76E	RecipeWeaponIronBattleAxe	DBO_Skill_blacksmith_T1	-
Skyrim.esm	0DA76F	RecipeWeaponIronGreatsword	DBO_Skill_blacksmith_T1	-
Skyrim.esm	0DB28E	RecipeArmorHideGauntlets	DBO_Skill_blacksmith_T1	-
Skyrim.esm	0DB28F	RecipeArmorIronGauntlets	DBO_Skill_blacksmith_T1	-
Skyrim.esm	0DB290	RecipeArmorIronBoots	DBO_Skill_blacksmith_T1	-
Skyrim.esm	0DB291	RecipeArmorIronCuirass	DBO_Skill_blacksmith_T1	-
Skyrim.esm	0DB292	RecipeArmorIronHelmet	DBO_Skill_blacksmith_T1	-
Skyrim.esm	0DB293	RecipeArmorIronShield	DBO_Skill_blacksmith_T1	-
Skyrim.esm	0DB5D3	RecipeArmorHideBoots	DBO_Skill_blacksmith_T1	-
Skyrim.esm	0DB5D4	RecipeArmorHideCuirass	DBO_Skill_blacksmith_T1	-
Skyrim.esm	0DB5D5	RecipeArmorHideHelmet	DBO_Skill_blacksmith_T1	-
Skyrim.esm	0DB5D6	RecipeArmorHideShield	DBO_Skill_blacksmith_T1	-
Skyrim.esm	0DB5D7	RecipeWeaponSteelSword	DBO_Skill_blacksmith_T2	DBO_Manual_Steel
Skyrim.esm	0DB896	RecipeWeaponSteelMace	DBO_Skill_blacksmith_T2	DBO_Manual_Steel
Skyrim.esm	0DB897	RecipeWeaponSteelWarAxe	DBO_Skill_blacksmith_T2	DBO_Manual_Steel
Skyrim.esm	0DB898	RecipeWeaponSteelBattleAxe	DBO_Skill_blacksmith_T2	DBO_Manual_Steel
Skyrim.esm	0DB899	RecipeWeaponOrcishBattleAxe	DBO_Skill_blacksmith_T3	DBO_Manual_Orcish
Skyrim.esm	0DB89A	RecipeWeaponOrcishGreatsword	DBO_Skill_blacksmith_T3	DBO_Manual_Orcish
Skyrim.esm	0DB89B	RecipeWeaponSteelDagger	DBO_Skill_blacksmith_T2	DBO_Manual_Steel
Skyrim.esm	0DB89C	RecipeWeaponOrcishDagger	DBO_Skill_blacksmith_T3	DBO_Manual_Orcish
Skyrim.esm	0DB89D	RecipeWeaponOrcishMace	DBO_Skill_blacksmith_T3	DBO_Manual_Orcish
Skyrim.esm	0DB89E	RecipeWeaponSteelWarhammer	DBO_Skill_blacksmith_T2	DBO_Manual_Steel
Skyrim.esm	0DB89F	RecipeWeaponOrcishSword	DBO_Skill_blacksmith_T3	DBO_Manual_Orcish
Skyrim.esm	0DB8A0	RecipeWeaponOrcishWarAxe	DBO_Skill_blacksmith_T3	DBO_Manual_Orcish
Skyrim.esm	0DB8A1	RecipeWeaponOrcishWarhammer	DBO_Skill_blacksmith_T3	DBO_Manual_Orcish
Skyrim.esm	0DB8A3	RecipeWeaponDwarvenBattleAxe	DBO_Skill_blacksmith_T2	DBO_Manual_Dwarven
Skyrim.esm	0DB8A4	RecipeWeaponDwarvenDagger	DBO_Skill_blacksmith_T2	DBO_Manual_Dwarven
Skyrim.esm	0DB8A5	RecipeWeaponDwarvenGreatsword	DBO_Skill_blacksmith_T2	DBO_Manual_Dwarven
Skyrim.esm	0DB8A6	RecipeWeaponDwarvenMace	DBO_Skill_blacksmith_T2	DBO_Manual_Dwarven
Skyrim.esm	0DB8A7	RecipeWeaponDwarvenSword	DBO_Skill_blacksmith_T2	DBO_Manual_Dwarven
Skyrim.esm	0DB8A8	RecipeWeaponDwarvenWarAxe	DBO_Skill_blacksmith_T2	DBO_Manual_Dwarven
Skyrim.esm	0DB8A9	RecipeWeaponDwarvenWarhammer	DBO_Skill_blacksmith_T2	DBO_Manual_Dwarven
Skyrim.esm	0DB8AA	RecipeWeaponElvenBattleAxe	DBO_Skill_blacksmith_T2	DBO_Manual_Elven
Skyrim.esm	0DB8AB	RecipeWeaponElvenDagger	DBO_Skill_blacksmith_T2	DBO_Manual_Elven
Skyrim.esm	0DB8AC	RecipeWeaponElvenGreatsword	DBO_Skill_blacksmith_T2	DBO_Manual_Elven
Skyrim.esm	0DB8AD	RecipeWeaponElvenMace	DBO_Skill_blacksmith_T2	DBO_Manual_Elven
Skyrim.esm	0DB8AE	RecipeWeaponElvenSword	DBO_Skill_blacksmith_T2	DBO_Manual_Elven
Skyrim.esm	0DB8AF	RecipeWeaponElvenWarAxe	DBO_Skill_blacksmith_T2	DBO_Manual_Elven
Skyrim.esm	0DB8B0	RecipeWeaponElvenWarhammer	DBO_Skill_blacksmith_T2	DBO_Manual_Elven
Skyrim.esm	0DB8B1	RecipeWeaponGlassBattleAxe	DBO_Skill_blacksmith_T4	DBO_Manual_Glass
Skyrim.esm	0DB8B2	RecipeWeaponGlassDagger	DBO_Skill_blacksmith_T4	DBO_Manual_Glass
Skyrim.esm	0DB8B3	RecipeWeaponGlassGreatsword	DBO_Skill_blacksmith_T4	DBO_Manual_Glass
Skyrim.esm	0DB8B4	RecipeWeaponGlassMace	DBO_Skill_blacksmith_T4	DBO_Manual_Glass
Skyrim.esm	0DB8B5	RecipeWeaponGlassSword	DBO_Skill_blacksmith_T4	DBO_Manual_Glass
Skyrim.esm	0DB8B6	RecipeWeaponGlassWarAxe	DBO_Skill_blacksmith_T4	DBO_Manual_Glass
Skyrim.esm	0DB8B7	RecipeWeaponGlassWarhammer	DBO_Skill_blacksmith_T4	DBO_Manual_Glass
Skyrim.esm	0DB8B8	RecipeWeaponEbonyBattleAxe	DBO_Skill_blacksmith_T4	DBO_Manual_Ebony
Skyrim.esm	0DB8B9	RecipeWeaponEbonyDagger	DBO_Skill_blacksmith_T4	DBO_Manual_Ebony
Skyrim.esm	0DB8BA	RecipeWeaponEbonyGreatsword	DBO_Skill_blacksmith_T4	DBO_Manual_Ebony
Skyrim.esm	0DB8BB	RecipeWeaponEbonyMace	DBO_Skill_blacksmith_T4	DBO_Manual_Ebony
Skyrim.esm	0DB8BC	RecipeWeaponEbonySword	DBO_Skill_blacksmith_T4	DBO_Manual_Ebony
Skyrim.esm	0DB8BD	RecipeWeaponEbonyWarAxe	DBO_Skill_blacksmith_T4	DBO_Manual_Ebony
Skyrim.esm	0DB8BE	RecipeWeaponEbonyWarhammer	DBO_Skill_blacksmith_T4	DBO_Manual_Ebony
Skyrim.esm	0DB8BF	RecipeWeaponDaedricBattleAxe	DBO_Skill_blacksmith_T5	DBO_Manual_Daedric
Skyrim.esm	0DB8C0	RecipeWeaponDaedricDagger	DBO_Skill_blacksmith_T5	DBO_Manual_Daedric
Skyrim.esm	0DB8C1	RecipeWeaponDaedricGreatsword	DBO_Skill_blacksmith_T5	DBO_Manual_Daedric
Skyrim.esm	0DB8C2	RecipeWeaponDaedricMace	DBO_Skill_blacksmith_T5	DBO_Manual_Daedric
Skyrim.esm	0DB8C3	RecipeWeaponDaedricSword	DBO_Skill_blacksmith_T5	DBO_Manual_Daedric
Skyrim.esm	0DB8C4	RecipeWeaponDaedricWarAxe	DBO_Skill_blacksmith_T5	DBO_Manual_Daedric
Skyrim.esm	0DB8C5	RecipeWeaponDaedricWarhammer	DBO_Skill_blacksmith_T5	DBO_Manual_Daedric
Skyrim.esm	0DC9F4	RecipeArmorStuddedCuirass	DBO_Skill_blacksmith_T1	-
Skyrim.esm	0DC9F5	RecipeArmorImperialBoots	DBO_Skill_blacksmith_T2	DBO_Manual_Steel
Skyrim.esm	0DC9F6	RecipeArmorImperialCuirass	DBO_Skill_blacksmith_T2	DBO_Manual_Steel
Skyrim.esm	0DC9F7	RecipeArmorImperialGauntlets	DBO_Skill_blacksmith_T2	DBO_Manual_Steel
Skyrim.esm	0DC9F8	RecipeArmorImperialHelmet	DBO_Skill_blacksmith_T2	DBO_Manual_Steel
Skyrim.esm	0DC9F9	RecipeArmorImperialShield	DBO_Skill_blacksmith_T2	DBO_Manual_Steel
Skyrim.esm	0DC9FA	RecipeArmorElvenBoots	DBO_Skill_blacksmith_T2	DBO_Manual_Elven
Skyrim.esm	0DC9FB	RecipeArmorElvenCuirass	DBO_Skill_blacksmith_T2	DBO_Manual_Elven
Skyrim.esm	0DC9FC	RecipeArmorElvenGauntlets	DBO_Skill_blacksmith_T2	DBO_Manual_Elven
Skyrim.esm	0DC9FD	RecipeArmorElvenHelmet	DBO_Skill_blacksmith_T2	DBO_Manual_Elven
Skyrim.esm	0DC9FE	RecipeArmorElvenShield	DBO_Skill_blacksmith_T2	DBO_Manual_Elven
Skyrim.esm	0DC9FF	RecipeArmorIronBandedCuirass	DBO_Skill_blacksmith_T1	-
Skyrim.esm	0DCA00	RecipeArmorIronBandedShield	DBO_Skill_blacksmith_T1	-
Skyrim.esm	0DCA01	RecipeArmorLeatherBoots	DBO_Skill_blacksmith_T1	-
Skyrim.esm	0DCA02	RecipeArmorLeatherCuirass	DBO_Skill_blacksmith_T1	-
Skyrim.esm	0DCA03	RecipeArmorLeatherGauntlets	DBO_Skill_blacksmith_T1	-
Skyrim.esm	0DCA04	RecipeArmorLeatherHelmet	DBO_Skill_blacksmith_T1	-
Skyrim.esm	0DCA05	RecipeArmorScaledBoots	DBO_Skill_blacksmith_T3	DBO_Manual_PlateAndScale
Skyrim.esm	0DCA06	RecipeArmorScaledCuirass	DBO_Skill_blacksmith_T3	DBO_Manual_PlateAndScale
Skyrim.esm	0DCA07	RecipeArmorScaledGauntlets	DBO_Skill_blacksmith_T3	DBO_Manual_PlateAndScale
Skyrim.esm	0DCA08	RecipeArmorScaledHelmet	DBO_Skill_blacksmith_T3	DBO_Manual_PlateAndScale
Skyrim.esm	0DCA0A	RecipeArmorGildedElvenCuirass	DBO_Skill_blacksmith_T3	DBO_Manual_Elven
Skyrim.esm	0DCA0E	RecipeArmorGlassBoots	DBO_Skill_blacksmith_T4	DBO_Manual_Glass
Skyrim.esm	0DCA0F	RecipeArmorGlassCuirass	DBO_Skill_blacksmith_T4	DBO_Manual_Glass
Skyrim.esm	0DCA10	RecipeArmorGlassGauntlets	DBO_Skill_blacksmith_T4	DBO_Manual_Glass
Skyrim.esm	0DCA11	RecipeArmorGlassHelmet	DBO_Skill_blacksmith_T4	DBO_Manual_Glass
Skyrim.esm	0DCA12	RecipeArmorGlassShield	DBO_Skill_blacksmith_T4	DBO_Manual_Glass
Skyrim.esm	0DCA13	RecipeArmorDragonscaleBoots	DBO_Skill_blacksmith_T5	DBO_Manual_Dragon
Skyrim.esm	0DCA14	RecipeArmorDragonscaleCuirass	DBO_Skill_blacksmith_T5	DBO_Manual_Dragon
Skyrim.esm	0DCA15	RecipeArmorDragonscaleGauntlets	DBO_Skill_blacksmith_T5	DBO_Manual_Dragon
Skyrim.esm	0DCA16	RecipeArmorDragonscaleHelmet	DBO_Skill_blacksmith_T5	DBO_Manual_Dragon
Skyrim.esm	0DCA17	RecipeArmorDragonscaleShield	DBO_Skill_blacksmith_T5	DBO_Manual_Dragon
Skyrim.esm	0DD974	RecipeArmorSteelBootsA	DBO_Skill_blacksmith_T2	DBO_Manual_Steel
Skyrim.esm	0DD975	RecipeArmorSteelCuirassA	DBO_Skill_blacksmith_T2	DBO_Manual_Steel
Skyrim.esm	0DD976	RecipeArmorSteelGauntletsA	DBO_Skill_blacksmith_T2	DBO_Manual_Steel
Skyrim.esm	0DD977	RecipeArmorSteelHelmetA	DBO_Skill_blacksmith_T2	DBO_Manual_Steel
Skyrim.esm	0DD978	RecipeArmorSteelShield	DBO_Skill_blacksmith_T2	DBO_Manual_Steel
Skyrim.esm	0DD979	RecipeArmorDwarvenBoots	DBO_Skill_blacksmith_T2	DBO_Manual_Dwarven
Skyrim.esm	0DD97A	RecipeArmorDwarvenCuirass	DBO_Skill_blacksmith_T2	DBO_Manual_Dwarven
Skyrim.esm	0DD97B	RecipeArmorDwarvenGauntlets	DBO_Skill_blacksmith_T2	DBO_Manual_Dwarven
Skyrim.esm	0DD97C	RecipeArmorDwarvenHelmet	DBO_Skill_blacksmith_T2	DBO_Manual_Dwarven
Skyrim.esm	0DD97D	RecipeArmorDwarvenShield	DBO_Skill_blacksmith_T2	DBO_Manual_Dwarven
Skyrim.esm	0DD97E	RecipeArmorSteelPlateBoots	DBO_Skill_blacksmith_T3	DBO_Manual_PlateAndScale
Skyrim.esm	0DD97F	RecipeArmorSteelPlateCuirass	DBO_Skill_blacksmith_T3	DBO_Manual_PlateAndScale
Skyrim.esm	0DD980	RecipeArmorSteelPlateGauntlets	DBO_Skill_blacksmith_T3	DBO_Manual_PlateAndScale
Skyrim.esm	0DD981	RecipeArmorSteelPlateHelmet	DBO_Skill_blacksmith_T3	DBO_Manual_PlateAndScale
Skyrim.esm	0DD983	RecipeArmorOrcishBoots	DBO_Skill_blacksmith_T3	DBO_Manual_Orcish
Skyrim.esm	0DD984	RecipeArmorOrcishCuirass	DBO_Skill_blacksmith_T3	DBO_Manual_Orcish
Skyrim.esm	0DD985	RecipeArmorOrcishGauntlets	DBO_Skill_blacksmith_T3	DBO_Manual_Orcish
Skyrim.esm	0DD986	RecipeArmorOrcishHelmet	DBO_Skill_blacksmith_T3	DBO_Manual_Orcish
Skyrim.esm	0DD987	RecipeArmorOrcishShield	DBO_Skill_blacksmith_T3	DBO_Manual_Orcish
Skyrim.esm	0DD988	RecipeArmorEbonyBoots	DBO_Skill_blacksmith_T4	DBO_Manual_Ebony
Skyrim.esm	0DD989	RecipeArmorEbonyCuirass	DBO_Skill_blacksmith_T4	DBO_Manual_Ebony
Skyrim.esm	0DD98A	RecipeArmorEbonyGauntlets	DBO_Skill_blacksmith_T4	DBO_Manual_Ebony
Skyrim.esm	0DD98B	RecipeArmorEbonyHelmet	DBO_Skill_blacksmith_T4	DBO_Manual_Ebony
Skyrim.esm	0DD98C	RecipeArmorEbonyShield	DBO_Skill_blacksmith_T4	DBO_Manual_Ebony
Skyrim.esm	0DD98D	RecipeArmorDragonplateBoots	DBO_Skill_blacksmith_T5	DBO_Manual_Dragon
Skyrim.esm	0DD98E	RecipeArmorDragonplateCuirass	DBO_Skill_blacksmith_T5	DBO_Manual_Dragon
Skyrim.esm	0DD98F	RecipeArmorDragonplateGauntlets	DBO_Skill_blacksmith_T5	DBO_Manual_Dragon
Skyrim.esm	0DD990	RecipeArmorDragonplateHelmet	DBO_Skill_blacksmith_T5	DBO_Manual_Dragon
Skyrim.esm	0DD991	RecipeArmorDragonplateShield	DBO_Skill_blacksmith_T5	DBO_Manual_Dragon
Skyrim.esm	0DD992	RecipeArmorDaedricBoots	DBO_Skill_blacksmith_T5	DBO_Manual_Daedric
Skyrim.esm	0DD993	RecipeArmorDaedricCuirass	DBO_Skill_blacksmith_T5	DBO_Manual_Daedric
Skyrim.esm	0DD994	RecipeArmorDaedricGauntlets	DBO_Skill_blacksmith_T5	DBO_Manual_Daedric
Skyrim.esm	0DD995	RecipeArmorDaedricHelmet	DBO_Skill_blacksmith_T5	DBO_Manual_Daedric
Skyrim.esm	0DD996	RecipeArmorDaedricShield	DBO_Skill_blacksmith_T5	DBO_Manual_Daedric
Skyrim.esm	0F4308	RecipeFoodChickenCooked	DBO_Skill_cook_T1	-
Skyrim.esm	0F4309	RecipeFoodBeefCooked	DBO_Skill_cook_T1	-
Skyrim.esm	0F430A	RecipeFoodGoatCooked	DBO_Skill_cook_T1	-
Skyrim.esm	0F430B	RecipeFoodHorkerCooked	DBO_Skill_cook_T1	-
Skyrim.esm	0F430C	RecipeFoodHorseCooked	DBO_Skill_cook_T1	-
Skyrim.esm	0F430D	RecipeFoodMammothCooked	DBO_Skill_cook_T1	-
Skyrim.esm	0F430E	RecipeFoodPheasantCooked	DBO_Skill_cook_T1	-
Skyrim.esm	0F430F	RecipeFoodRabbitCooked	DBO_Skill_cook_T1	-
Skyrim.esm	0F4310	RecipeFoodSalmonCooked	DBO_Skill_cook_T1	-
Skyrim.esm	0F4311	RecipeFoodVenisonCooked	DBO_Skill_cook_T1	-
Skyrim.esm	0F4312	RecipeFoodStewAppleCabbage	DBO_Skill_cook_T2	-
Skyrim.esm	0F4313	RecipeFoodStewBeef	DBO_Skill_cook_T5	-
Skyrim.esm	0F4316	RecipeFoodStewHorker	DBO_Skill_cook_T4	-
Skyrim.esm	0F4317	RecipeFoodStewVenison	DBO_Skill_cook_T4	-
Skyrim.esm	0F4318	RecipeFoodSoupTomato	DBO_Skill_cook_T2	-
Skyrim.esm	0F4319	RecipeFoodSoupVegetable	DBO_Skill_cook_T4	-
Skyrim.esm	0F431A	RecipeFoodSoupCabbagePotato	DBO_Skill_cook_T2	-
Skyrim.esm	0F431F	RecipeFoodElsweyrFondue	DBO_Skill_cook_T5	-
Skyrim.esm	0F4321	RecipeJewelryNecklaceGold	DBO_Skill_blacksmith_T3	-
Skyrim.esm	0F4322	RecipeJewelryNecklaceGoldDiamond	DBO_Skill_blacksmith_T3	-
Skyrim.esm	0F4323	RecipeJewelryNecklaceGoldGems	DBO_Skill_blacksmith_T3	-
Skyrim.esm	0F4324	RecipeJewelryNecklaceGoldRuby	DBO_Skill_blacksmith_T3	-
Skyrim.esm	0F4325	RecipeJewelryNecklaceSilver	DBO_Skill_blacksmith_T2	-
Skyrim.esm	0F4326	RecipeJewelryNecklaceSilverEmerald	DBO_Skill_blacksmith_T2	-
Skyrim.esm	0F4327	RecipeJewelryNecklaceSilverGems	DBO_Skill_blacksmith_T2	-
Skyrim.esm	0F4328	RecipeJewelryNecklaceSilverSapphire	DBO_Skill_blacksmith_T2	-
Skyrim.esm	0F4329	RecipeJewelryRingGold	DBO_Skill_blacksmith_T3	-
Skyrim.esm	0F432A	RecipeJewelryRingGoldDiamond	DBO_Skill_blacksmith_T3	-
Skyrim.esm	0F432B	RecipeJewelryRingGoldEmerald	DBO_Skill_blacksmith_T3	-
Skyrim.esm	0F432C	RecipeJewelryRingGoldSapphire	DBO_Skill_blacksmith_T3	-
Skyrim.esm	0F432D	RecipeJewelryRingSilver	DBO_Skill_blacksmith_T2	-
Skyrim.esm	0F432E	RecipeJewelryRingSilverAmethyst	DBO_Skill_blacksmith_T2	-
Skyrim.esm	0F432F	RecipeJewelryRingSilverGarnet	DBO_Skill_blacksmith_T2	-
Skyrim.esm	0F4330	RecipeJewelryRingSilverRuby	DBO_Skill_blacksmith_T2	-
Skyrim.esm	0F46C8	RecipeWeaponSkyforgeBattleAxe	DBO_Skill_blacksmith_T2	DBO_Manual_AncientNord
Skyrim.esm	0F46C9	RecipeWeaponSkyforgeGreatsword	DBO_Skill_blacksmith_T2	DBO_Manual_AncientNord
Skyrim.esm	0F46CA	RecipeWeaponSkyforgeSword	DBO_Skill_blacksmith_T2	DBO_Manual_AncientNord
Skyrim.esm	0F46CB	RecipeWeaponSkyforgeWarAxe	DBO_Skill_blacksmith_T2	DBO_Manual_AncientNord
Skyrim.esm	0F46CC	RecipeArmorSkyforgeCuirass	DBO_Skill_blacksmith_T2	DBO_Manual_Steel
Skyrim.esm	0F46CD	RecipeArmorSkyforgeBoots	DBO_Skill_blacksmith_T2	DBO_Manual_Steel
Skyrim.esm	0F46CF	RecipeArmorSkyforgeGauntlets	DBO_Skill_blacksmith_T2	DBO_Manual_Steel
Skyrim.esm	0F46D0	RecipeArmorSkyforgeHelmet	DBO_Skill_blacksmith_T2	DBO_Manual_Steel
Skyrim.esm	0F6F2A	RecipeArmorSteelBootsB	DBO_Skill_blacksmith_T2	DBO_Manual_Steel
Skyrim.esm	0F6F2C	RecipeArmorSteelCuirassB	DBO_Skill_blacksmith_T2	DBO_Manual_Steel
Skyrim.esm	0F6F2E	RecipeArmorSteelGauntletsB	DBO_Skill_blacksmith_T2	DBO_Manual_Steel
Skyrim.esm	0F6F30	RecipeArmorSteelHelmetB	DBO_Skill_blacksmith_T2	DBO_Manual_Steel
Skyrim.esm	108CF7	RecipeWeaponDaedricBow	DBO_Skill_blacksmith_T5	DBO_Manual_Daedric
Skyrim.esm	108CF8	RecipeWeaponDwarvenBow	DBO_Skill_blacksmith_T2	DBO_Manual_Dwarven
Skyrim.esm	108CF9	RecipeWeaponEbonyBow	DBO_Skill_blacksmith_T4	DBO_Manual_Ebony
Skyrim.esm	108CFA	RecipeWeaponElvenBow	DBO_Skill_blacksmith_T2	DBO_Manual_Elven
Skyrim.esm	108CFB	RecipeWeaponGlassBow	DBO_Skill_blacksmith_T4	DBO_Manual_Glass
Skyrim.esm	108CFC	RecipeWeaponOrcishBow	DBO_Skill_blacksmith_T3	DBO_Manual_Orcish
Skyrim.esm	108CFD	RecipeWeaponSkyforgeBow	DBO_Skill_blacksmith_T2	DBO_Manual_AncientNord
unofficial skyrim special edition patch.esp	00080B	USKPRecipeArmorScaledCuirassB	DBO_Skill_blacksmith_T3	DBO_Manual_PlateAndScale
unofficial skyrim special edition patch.esp	0273B1	UDGPDLC1RecipeArrowNordHero	DBO_Skill_blacksmith_T3	DBO_Manual_AncientNord
Update.esm	0009CF	RecipeArmorImperialCuirassLight	DBO_Skill_blacksmith_T2	DBO_Manual_Steel
Update.esm	0009D0	RecipeArmorImperialBootsLight	DBO_Skill_blacksmith_T2	DBO_Manual_Steel
Update.esm	0009D1	RecipeArmorImperialGauntletsLight	DBO_Skill_blacksmith_T2	DBO_Manual_Steel
Update.esm	0009D2	RecipeArmorImperialHelmetLight	DBO_Skill_blacksmith_T2	DBO_Manual_Steel
Update.esm	0009D3	RecipeArmorImperialShieldLight	DBO_Skill_blacksmith_T2	DBO_Manual_Steel
WindhelmSSE.esp	2BA5F3	0WHBearPeltReward	DBO_Skill_blacksmith_T1	-
